Date,High,Low,Open,Close,Volume,Adj Close,Name
2013-02-08,48.38999938964844,47.779998779296875,48.060001373291016,48.08000183105469,660600.0,45.94001388549805,J
2013-02-11,48.2599983215332,47.72999954223633,48.0,47.84000015258789,509200.0,45.710693359375,J
2013-02-12,48.36000061035156,47.869998931884766,48.15999984741211,48.13999938964844,682400.0,45.997344970703125,J
2013-02-13,49.0,48.38999938964844,48.38999938964844,48.689998626708984,648100.0,46.522865295410156,J
2013-02-14,49.209999084472656,48.45000076293945,48.529998779296875,48.900001525878906,853000.0,46.72351837158203,J
2013-02-15,49.349998474121094,48.59000015258789,48.900001525878906,49.349998474121094,1094800.0,47.15349197387695,J
2013-02-19,50.310001373291016,49.349998474121094,49.41999816894531,50.29999923706055,1337800.0,48.061195373535156,J
2013-02-20,50.47999954223633,49.380001068115234,50.34000015258789,49.38999938964844,1143900.0,47.191707611083984,J
2013-02-21,49.27000045776367,48.040000915527344,49.150001525878906,48.619998931884766,978400.0,46.45597457885742,J
2013-02-22,49.099998474121094,48.529998779296875,48.869998931884766,49.099998474121094,711600.0,46.914608001708984,J
2013-02-25,49.61000061035156,47.54999923706055,49.400001525878906,47.58000183105469,1435800.0,45.462276458740234,J
2013-02-26,47.900001525878906,46.91999816894531,47.810001373291016,47.70000076293945,1106800.0,45.57692337036133,J
2013-02-27,48.709999084472656,47.47999954223633,47.58000183105469,48.56999969482422,616500.0,46.4082145690918,J
2013-02-28,49.06999969482422,48.459999084472656,48.75,48.84000015258789,923800.0,46.666194915771484,J
2013-03-01,48.540000915527344,47.34000015258789,48.2400016784668,48.0,1311200.0,45.86357879638672,J
2013-03-04,48.29999923706055,47.70000076293945,47.84000015258789,48.290000915527344,995600.0,46.14067459106445,J
2013-03-05,50.150001525878906,48.70000076293945,48.77000045776367,50.029998779296875,1410300.0,47.803218841552734,J
2013-03-06,50.689998626708984,50.150001525878906,50.349998474121094,50.2400016784668,868000.0,48.00387954711914,J
2013-03-07,50.5099983215332,50.08000183105469,50.220001220703125,50.40999984741211,889500.0,48.16630935668945,J
2013-03-08,51.86000061035156,50.650001525878906,50.79999923706055,51.81999969482422,1213500.0,49.51355743408203,J
2013-03-11,52.97999954223633,51.4900016784668,51.849998474121094,52.20000076293945,1521500.0,49.87664031982422,J
2013-03-12,52.470001220703125,51.880001068115234,52.22999954223633,52.0,800400.0,49.68553924560547,J
2013-03-13,52.70000076293945,52.06999969482422,52.099998474121094,52.459999084472656,753800.0,50.12508010864258,J
2013-03-14,53.36000061035156,52.54999923706055,52.599998474121094,53.36000061035156,979900.0,50.98500442504883,J
2013-03-15,53.79999923706055,53.34000015258789,53.349998474121094,53.709999084472656,1140200.0,51.319435119628906,J
2013-03-18,54.22999954223633,52.900001525878906,52.9900016784668,54.04999923706055,1237600.0,51.64430236816406,J
2013-03-19,54.25,53.720001220703125,53.970001220703125,54.189998626708984,1888400.0,51.77806091308594,J
2013-03-20,54.5,54.060001373291016,54.459999084472656,54.189998626708984,1549600.0,51.77806091308594,J
2013-03-21,54.16999816894531,53.650001525878906,53.810001373291016,53.939998626708984,982000.0,51.539188385009766,J
2013-03-22,54.5,53.81999969482422,54.209999084472656,54.4900016784668,669100.0,52.064720153808594,J
2013-03-25,55.0,53.84000015258789,54.599998474121094,54.310001373291016,660900.0,51.892723083496094,J
2013-03-26,55.310001373291016,54.41999816894531,54.5099983215332,55.310001373291016,759500.0,52.84822463989258,J
2013-03-27,55.540000915527344,54.5099983215332,54.939998626708984,55.529998779296875,695500.0,53.05842590332031,J
2013-03-28,56.529998779296875,55.22999954223633,55.77000045776367,56.2400016784668,1213100.0,53.7368278503418,J
2013-04-01,56.33000183105469,55.0099983215332,56.11000061035156,55.130001068115234,883500.0,52.67622756958008,J
2013-04-02,55.68000030517578,54.20000076293945,55.47999954223633,54.34000015258789,1188100.0,51.92139434814453,J
2013-04-03,54.369998931884766,52.29999923706055,54.25,52.540000915527344,1596300.0,50.20150375366211,J
2013-04-04,53.02000045776367,52.63999938964844,52.650001525878906,52.9900016784668,1070200.0,50.6314811706543,J
2013-04-05,53.43000030517578,51.54999923706055,52.279998779296875,53.349998474121094,1134600.0,50.97545623779297,J
2013-04-08,54.06999969482422,53.18000030517578,53.18000030517578,53.97999954223633,830300.0,51.577415466308594,J
2013-04-09,54.0,53.060001373291016,53.90999984741211,53.560001373291016,669200.0,51.17612075805664,J
2013-04-10,54.13999938964844,53.41999816894531,53.689998626708984,54.130001068115234,832300.0,51.720733642578125,J
2013-04-11,54.900001525878906,53.88999938964844,54.099998474121094,54.630001068115234,786100.0,52.198482513427734,J
2013-04-12,54.38999938964844,52.869998931884766,54.349998474121094,53.08000183105469,1708500.0,50.717472076416016,J
2013-04-15,52.599998474121094,50.209999084472656,52.599998474121094,50.349998474121094,1688300.0,48.10898208618164,J
2013-04-16,51.880001068115234,50.7599983215332,50.90999984741211,51.209999084472656,1147000.0,48.93070983886719,J
2013-04-17,50.709999084472656,48.86000061035156,50.61000061035156,49.47999954223633,1446400.0,47.27769470214844,J
2013-04-18,49.93000030517578,49.189998626708984,49.65999984741211,49.43000030517578,1282700.0,47.22992706298828,J
2013-04-19,50.20000076293945,49.27000045776367,49.689998626708984,50.040000915527344,788600.0,47.81277084350586,J
2013-04-22,50.86000061035156,49.119998931884766,50.11000061035156,50.63999938964844,722200.0,48.386070251464844,J
2013-04-23,51.04999923706055,50.119998931884766,50.91999816894531,51.04999923706055,554200.0,48.777828216552734,J
2013-04-24,51.900001525878906,51.13999938964844,51.13999938964844,51.869998931884766,730200.0,49.561336517333984,J
2013-04-25,52.7599983215332,51.880001068115234,52.11000061035156,52.20000076293945,582500.0,49.87664031982422,J
2013-04-26,52.27000045776367,51.43000030517578,52.13999938964844,51.650001525878906,433200.0,49.35112380981445,J
2013-04-29,52.529998779296875,51.68000030517578,51.84000015258789,52.029998779296875,1092200.0,49.71420669555664,J
2013-04-30,51.630001068115234,49.5099983215332,50.810001373291016,50.47999954223633,2216600.0,48.23320388793945,J
2013-05-01,50.58000183105469,48.9900016784668,50.45000076293945,49.02000045776367,1624100.0,46.83818054199219,J
2013-05-02,49.970001220703125,49.0099983215332,49.279998779296875,49.849998474121094,992900.0,47.631229400634766,J
2013-05-03,51.61000061035156,50.5099983215332,50.5099983215332,50.630001068115234,1048900.0,48.37651062011719,J
2013-05-06,51.150001525878906,50.400001525878906,50.58000183105469,50.900001525878906,814400.0,48.63450241088867,J
2013-05-07,51.33000183105469,50.529998779296875,50.939998626708984,51.099998474121094,577300.0,48.82559585571289,J
2013-05-08,51.72999954223633,51.0,51.0,51.45000076293945,552000.0,49.16001892089844,J
2013-05-09,51.58000183105469,50.380001068115234,51.279998779296875,50.529998779296875,1162800.0,48.280967712402344,J
2013-05-10,51.0,50.349998474121094,50.54999923706055,51.0,756600.0,48.73004913330078,J
2013-05-13,50.95000076293945,49.9900016784668,50.900001525878906,50.20000076293945,698800.0,47.96565628051758,J
2013-05-14,51.369998931884766,50.25,50.25,51.369998931884766,749400.0,49.08358383178711,J
2013-05-15,52.5099983215332,51.09000015258789,51.09000015258789,52.36000061035156,899400.0,50.029518127441406,J
2013-05-16,52.880001068115234,51.91999816894531,52.060001373291016,52.7599983215332,1121600.0,50.411720275878906,J
2013-05-17,54.15999984741211,52.77000045776367,52.880001068115234,54.09000015258789,756700.0,51.68251419067383,J
2013-05-20,55.52000045776367,53.959999084472656,53.959999084472656,55.0,982200.0,52.55200958251953,J
2013-05-21,55.36000061035156,54.470001220703125,54.95000076293945,55.04999923706055,643500.0,52.599796295166016,J
2013-05-22,55.70000076293945,54.380001068115234,55.02000045776367,54.56999969482422,859200.0,52.14115524291992,J
2013-05-23,55.27000045776367,53.47999954223633,53.810001373291016,55.0,1038500.0,52.55200958251953,J
2013-05-24,55.09000015258789,54.349998474121094,54.619998931884766,54.9900016784668,675200.0,52.54246520996094,J
2013-05-28,56.52000045776367,55.59000015258789,55.83000183105469,56.439998626708984,850500.0,53.92791748046875,J
2013-05-29,56.59000015258789,55.58000183105469,56.040000915527344,56.060001373291016,959600.0,53.5648307800293,J
2013-05-30,57.349998474121094,55.91999816894531,56.25,57.15999984741211,852500.0,54.615875244140625,J
2013-05-31,57.810001373291016,56.349998474121094,56.7400016784668,57.0099983215332,977000.0,54.47254943847656,J
2013-06-03,57.56999969482422,56.0,57.15999984741211,57.400001525878906,1319400.0,54.845191955566406,J
2013-06-04,57.75,56.52000045776367,57.369998931884766,56.900001525878906,740600.0,54.36744689941406,J
2013-06-05,56.72999954223633,55.47999954223633,56.63999938964844,55.7400016784668,1364700.0,53.259071350097656,J
2013-06-06,56.150001525878906,55.45000076293945,55.70000076293945,55.91999816894531,1362200.0,53.43106460571289,J
2013-06-07,57.150001525878906,56.25,56.40999984741211,56.93000030517578,754400.0,54.39611053466797,J
2013-06-10,57.060001373291016,56.459999084472656,57.060001373291016,57.0099983215332,711700.0,54.47254943847656,J
2013-06-11,56.529998779296875,55.599998474121094,55.72999954223633,56.060001373291016,696100.0,53.5648307800293,J
2013-06-12,56.7400016784668,55.02000045776367,56.5,55.040000915527344,1251500.0,52.59025192260742,J
2013-06-13,55.70000076293945,54.619998931884766,55.0,55.529998779296875,1015100.0,53.05842590332031,J
2013-06-14,56.33000183105469,55.349998474121094,55.540000915527344,55.83000183105469,660100.0,53.345069885253906,J
2013-06-17,57.13999938964844,56.02000045776367,56.43000030517578,56.81999969482422,732400.0,54.29100799560547,J
2013-06-18,57.970001220703125,56.84000015258789,56.869998931884766,57.779998779296875,542200.0,55.20827865600586,J
2013-06-19,57.81999969482422,56.709999084472656,57.68000030517578,56.709999084472656,699100.0,54.18590545654297,J
2013-06-20,56.189998626708984,55.290000915527344,55.58000183105469,55.529998779296875,911100.0,53.05842590332031,J
2013-06-21,56.439998626708984,55.41999816894531,55.970001220703125,55.86000061035156,1268900.0,53.373748779296875,J
2013-06-24,55.43000030517578,54.63999938964844,55.27000045776367,54.7599983215332,916900.0,52.32270050048828,J
2013-06-25,55.650001525878906,54.90999984741211,55.52000045776367,55.400001525878906,707400.0,52.9342041015625,J
2013-06-26,56.06999969482422,54.58000183105469,55.880001068115234,54.880001068115234,957300.0,52.437355041503906,J
2013-06-27,55.790000915527344,55.13999938964844,55.369998931884766,55.70000076293945,784600.0,53.22086715698242,J
2013-06-28,55.63999938964844,55.04999923706055,55.56999969482422,55.130001068115234,587200.0,52.67622756958008,J
2013-07-01,56.0,55.27000045776367,55.47999954223633,55.41999816894531,524700.0,52.95332717895508,J
2013-07-02,55.79999923706055,54.27000045776367,55.290000915527344,54.619998931884766,603300.0,52.188926696777344,J
2013-07-03,55.02000045776367,53.9900016784668,53.9900016784668,54.560001373291016,292200.0,52.13160705566406,J
2013-07-05,55.439998626708984,54.209999084472656,55.11000061035156,55.36000061035156,356200.0,52.895992279052734,J
2013-07-08,55.849998474121094,54.77000045776367,55.65999984741211,54.91999816894531,692700.0,52.4755744934082,J
2013-07-09,56.59000015258789,55.38999938964844,55.38999938964844,55.97999954223633,625700.0,53.488399505615234,J
2013-07-10,56.18000030517578,55.25,55.97999954223633,56.04999923706055,505700.0,53.555274963378906,J
2013-07-11,57.25,56.720001220703125,56.88999938964844,57.02000045776367,534500.0,54.48210525512695,J
2013-07-12,57.779998779296875,57.09000015258789,57.09000015258789,57.7599983215332,631000.0,55.18917465209961,J
2013-07-15,58.439998626708984,57.63999938964844,58.11000061035156,57.849998474121094,579100.0,55.27516174316406,J
2013-07-16,58.33000183105469,57.31999969482422,58.0099983215332,57.5,831800.0,54.940738677978516,J
2013-07-17,58.34000015258789,57.4900016784668,57.900001525878906,57.959999084472656,284300.0,55.38026809692383,J
2013-07-18,59.369998931884766,57.900001525878906,57.97999954223633,59.189998626708984,425200.0,56.5555305480957,J
2013-07-19,59.54999923706055,58.9900016784668,59.25,59.52000045776367,661800.0,56.8708381652832,J
2013-07-22,59.79999923706055,59.33000183105469,59.5,59.5,562300.0,56.85172653198242,J
2013-07-23,59.75,59.099998474121094,59.650001525878906,59.47999954223633,458600.0,56.83262252807617,J
2013-07-24,59.63999938964844,59.25,59.56999969482422,59.38999938964844,532100.0,56.74662780761719,J
2013-07-25,60.13999938964844,59.08000183105469,59.08000183105469,60.08000183105469,867600.0,57.40591049194336,J
2013-07-26,60.84000015258789,58.779998779296875,59.689998626708984,58.9900016784668,1198300.0,56.36442184448242,J
2013-07-29,59.13999938964844,58.150001525878906,58.709999084472656,58.189998626708984,1306400.0,55.60002899169922,J
2013-07-30,59.40999984741211,57.0,57.61000061035156,57.88999938964844,1195300.0,55.31338882446289,J
2013-07-31,60.119998931884766,56.25,57.290000915527344,59.20000076293945,1027600.0,56.56508255004883,J
2013-08-01,61.540000915527344,60.0099983215332,60.04999923706055,61.4900016784668,1126600.0,58.753150939941406,J
2013-08-02,62.33000183105469,61.099998474121094,61.33000183105469,62.33000183105469,1278100.0,59.55575942993164,J
2013-08-05,61.97999954223633,61.0,61.59000015258789,61.22999954223633,1285600.0,58.504722595214844,J
2013-08-06,61.060001373291016,59.38999938964844,61.0,59.4900016784668,1502500.0,56.84217071533203,J
2013-08-07,59.77000045776367,59.040000915527344,59.45000076293945,59.40999984741211,790900.0,56.76572799682617,J
2013-08-08,60.7400016784668,59.720001220703125,59.720001220703125,60.650001525878906,695500.0,57.95053482055664,J
2013-08-09,61.04999923706055,60.209999084472656,60.650001525878906,60.880001068115234,503200.0,58.17030715942383,J
2013-08-12,61.08000183105469,60.34000015258789,60.52000045776367,60.95000076293945,409800.0,58.237186431884766,J
2013-08-13,61.22999954223633,60.27000045776367,60.970001220703125,60.97999954223633,295700.0,58.26585388183594,J
2013-08-14,61.380001068115234,60.630001068115234,60.88999938964844,61.2599983215332,308700.0,58.53337860107422,J
2013-08-15,61.290000915527344,60.470001220703125,60.7599983215332,61.08000183105469,802500.0,58.36140441894531,J
2013-08-16,61.650001525878906,60.849998474121094,60.97999954223633,61.41999816894531,668500.0,58.68626022338867,J
2013-08-19,61.709999084472656,59.88999938964844,61.27000045776367,59.970001220703125,1167500.0,57.30082321166992,J
2013-08-20,60.63999938964844,59.439998626708984,60.029998779296875,60.13999938964844,836400.0,57.463233947753906,J
2013-08-21,60.47999954223633,59.790000915527344,60.06999969482422,59.81999969482422,737600.0,57.1574821472168,J
2013-08-22,60.77000045776367,59.93000030517578,60.06999969482422,60.349998474121094,832500.0,57.66389083862305,J
2013-08-23,60.439998626708984,59.470001220703125,60.439998626708984,59.869998931884766,804500.0,57.205257415771484,J
2013-08-26,60.29999923706055,59.689998626708984,59.93000030517578,59.849998474121094,494100.0,57.18614196777344,J
2013-08-27,59.400001525878906,58.150001525878906,59.13999938964844,58.25,701600.0,55.6573600769043,J
2013-08-28,58.83000183105469,58.150001525878906,58.380001068115234,58.61000061035156,673400.0,56.0013313293457,J
2013-08-29,58.93000030517578,57.97999954223633,58.52000045776367,58.08000183105469,626900.0,55.494930267333984,J
2013-08-30,58.650001525878906,57.72999954223633,58.130001068115234,58.279998779296875,758300.0,55.6860237121582,J
2013-09-03,59.34000015258789,58.130001068115234,59.33000183105469,58.56999969482422,1075700.0,55.96311950683594,J
2013-09-04,59.439998626708984,58.33000183105469,58.540000915527344,59.2400016784668,740800.0,56.603302001953125,J
2013-09-05,59.5099983215332,58.97999954223633,59.09000015258789,59.02000045776367,746800.0,56.39308547973633,J
2013-09-06,59.54999923706055,58.0,59.209999084472656,58.08000183105469,1212200.0,55.494930267333984,J
2013-09-09,60.470001220703125,58.25,59.0099983215332,58.43000030517578,1187800.0,55.829345703125,J
2013-09-10,58.869998931884766,58.41999816894531,58.869998931884766,58.5099983215332,1372000.0,55.90578079223633,J
2013-09-11,58.400001525878906,57.16999816894531,58.11000061035156,57.61000061035156,2061500.0,55.04584884643555,J
2013-09-12,58.459999084472656,57.439998626708984,57.630001068115234,58.060001373291016,1049500.0,55.47582244873047,J
2013-09-13,58.38999938964844,57.77000045776367,58.2400016784668,57.900001525878906,861200.0,55.32294464111328,J
2013-09-16,59.060001373291016,58.33000183105469,58.93000030517578,58.56999969482422,992400.0,55.96311950683594,J
2013-09-17,58.97999954223633,58.310001373291016,58.52000045776367,58.86000061035156,751500.0,56.240211486816406,J
2013-09-18,59.86000061035156,58.709999084472656,58.790000915527344,59.68000030517578,1117700.0,57.02371597290039,J
2013-09-19,60.04999923706055,59.5099983215332,59.91999816894531,59.72999954223633,925300.0,57.07147979736328,J
2013-09-20,59.849998474121094,58.650001525878906,59.689998626708984,59.060001373291016,1246700.0,56.431312561035156,J
2013-09-23,58.970001220703125,58.11000061035156,58.7599983215332,58.27000045776367,577000.0,55.67646408081055,J
2013-09-24,58.75,58.0099983215332,58.16999816894531,58.220001220703125,651700.0,55.62870407104492,J
2013-09-25,58.529998779296875,57.66999816894531,58.15999984741211,58.279998779296875,598700.0,55.6860237121582,J
2013-09-26,58.68000030517578,57.880001068115234,58.45000076293945,58.2599983215332,469800.0,55.66691207885742,J
2013-09-27,58.13999938964844,57.619998931884766,57.83000183105469,57.790000915527344,482700.0,55.217838287353516,J
2013-09-30,58.20000076293945,57.209999084472656,57.209999084472656,58.18000030517578,1077600.0,55.590476989746094,J
2013-10-01,59.2599983215332,58.029998779296875,58.20000076293945,58.61000061035156,886400.0,56.0013313293457,J
2013-10-02,58.84000015258789,57.939998626708984,58.279998779296875,58.619998931884766,752400.0,56.010894775390625,J
2013-10-03,58.779998779296875,56.869998931884766,58.5099983215332,57.31999969482422,711100.0,54.768760681152344,J
2013-10-04,57.689998626708984,57.150001525878906,57.36000061035156,57.540000915527344,557600.0,54.97896194458008,J
2013-10-07,57.540000915527344,56.630001068115234,57.040000915527344,57.2599983215332,690000.0,54.711429595947266,J
2013-10-08,57.439998626708984,55.97999954223633,57.18000030517578,56.279998779296875,744900.0,53.77503967285156,J
2013-10-09,56.56999969482422,55.79999923706055,56.349998474121094,56.119998931884766,687600.0,53.62216567993164,J
2013-10-10,57.369998931884766,56.709999084472656,56.77000045776367,57.36000061035156,550300.0,54.806968688964844,J
2013-10-11,58.290000915527344,57.279998779296875,57.290000915527344,58.150001525878906,485500.0,55.56181716918945,J
2013-10-14,58.439998626708984,57.619998931884766,57.7400016784668,58.349998474121094,376200.0,55.75290298461914,J
2013-10-15,58.29999923706055,57.33000183105469,58.25,57.630001068115234,484100.0,55.06495666503906,J
2013-10-16,58.880001068115234,57.619998931884766,57.9900016784668,58.83000183105469,1000700.0,56.211551666259766,J
2013-10-17,60.0,58.5099983215332,58.560001373291016,59.970001220703125,848800.0,57.30082321166992,J
2013-10-18,60.349998474121094,59.45000076293945,60.209999084472656,59.619998931884766,1132900.0,56.96639633178711,J
2013-10-21,59.9900016784668,59.380001068115234,59.61000061035156,59.970001220703125,526200.0,57.30082321166992,J
2013-10-22,60.810001373291016,60.20000076293945,60.41999816894531,60.58000183105469,866500.0,57.88365173339844,J
2013-10-23,60.41999816894531,59.470001220703125,60.29999923706055,60.2400016784668,534900.0,57.55879211425781,J
2013-10-24,60.7400016784668,60.0,60.34000015258789,60.70000076293945,441800.0,57.998313903808594,J
2013-10-25,60.83000183105469,59.66999816894531,60.61000061035156,60.560001373291016,558000.0,57.86454391479492,J
2013-10-28,60.97999954223633,60.15999984741211,60.58000183105469,60.97999954223633,655100.0,58.26585388183594,J
2013-10-29,61.20000076293945,60.59000015258789,61.0,61.150001525878906,465200.0,58.42828369140625,J
2013-10-30,61.18000030517578,60.349998474121094,61.18000030517578,60.630001068115234,310700.0,57.93143844604492,J
2013-10-31,61.13999938964844,60.119998931884766,60.5,60.81999969482422,660700.0,58.11297607421875,J
2013-11-01,61.209999084472656,60.0099983215332,60.790000915527344,60.93000030517578,656500.0,58.218074798583984,J
2013-11-04,61.61000061035156,60.619998931884766,61.060001373291016,61.54999923706055,684800.0,58.81047439575195,J
2013-11-05,61.790000915527344,60.540000915527344,61.119998931884766,61.58000183105469,975700.0,58.83915328979492,J
2013-11-06,62.02000045776367,61.22999954223633,61.790000915527344,62.0,517400.0,59.24045944213867,J
2013-11-07,62.2599983215332,61.130001068115234,62.189998626708984,61.20000076293945,604200.0,58.47606658935547,J
2013-11-08,62.02000045776367,60.869998931884766,61.029998779296875,61.9900016784668,455800.0,59.23090362548828,J
2013-11-11,62.15999984741211,61.75,61.9900016784668,62.04999923706055,348200.0,59.28822708129883,J
2013-11-12,62.15999984741211,61.459999084472656,62.0,62.099998474121094,531800.0,59.33599853515625,J
2013-11-13,63.29999923706055,61.84000015258789,61.88999938964844,63.290000915527344,779900.0,60.47304153442383,J
2013-11-14,63.75,62.68000030517578,63.369998931884766,63.45000076293945,601200.0,60.625911712646484,J
2013-11-15,64.12999725341797,63.25,63.45000076293945,63.7599983215332,861700.0,60.92211151123047,J
2013-11-18,64.2699966430664,63.58000183105469,63.91999816894531,63.75,1094000.0,60.91256332397461,J
2013-11-19,61.7599983215332,59.209999084472656,61.5,60.029998779296875,2871300.0,57.35812759399414,J
2013-11-20,60.709999084472656,59.84000015258789,60.29999923706055,60.150001525878906,1846300.0,57.4727897644043,J
2013-11-21,60.689998626708984,59.79999923706055,60.38999938964844,60.06999969482422,879200.0,57.396358489990234,J
2013-11-22,60.380001068115234,59.900001525878906,60.189998626708984,60.09000015258789,851600.0,57.41546630859375,J
2013-11-25,60.2599983215332,58.86000061035156,60.130001068115234,59.310001373291016,1404500.0,56.67018127441406,J
2013-11-26,60.38999938964844,59.310001373291016,59.310001373291016,60.130001068115234,836700.0,57.45368576049805,J
2013-11-27,60.63999938964844,59.709999084472656,60.31999969482422,59.84000015258789,1050800.0,57.17658615112305,J
2013-11-29,60.279998779296875,59.70000076293945,60.0,59.77000045776367,384700.0,57.10970687866211,J
2013-12-02,60.0,59.0099983215332,59.70000076293945,59.470001220703125,723300.0,56.82306671142578,J
2013-12-03,59.290000915527344,58.38999938964844,59.22999954223633,58.59000015258789,801900.0,55.98222351074219,J
2013-12-04,58.939998626708984,57.5099983215332,58.36000061035156,58.060001373291016,577300.0,55.47582244873047,J
2013-12-05,58.349998474121094,57.41999816894531,57.900001525878906,57.540000915527344,1093700.0,54.97896194458008,J
2013-12-06,59.56999969482422,58.08000183105469,58.61000061035156,58.47999954223633,588200.0,55.87712860107422,J
2013-12-09,58.79999923706055,58.18000030517578,58.5099983215332,58.380001068115234,801900.0,55.781585693359375,J
2013-12-10,58.720001220703125,58.13999938964844,58.33000183105469,58.59000015258789,549200.0,55.98222351074219,J
2013-12-11,58.630001068115234,57.59000015258789,58.58000183105469,57.63999938964844,785300.0,55.07450866699219,J
2013-12-12,57.720001220703125,56.47999954223633,57.47999954223633,56.4900016784668,888700.0,53.9756965637207,J
2013-12-13,57.09000015258789,56.43000030517578,56.7599983215332,56.7599983215332,575500.0,54.23368453979492,J
2013-12-16,57.459999084472656,56.88999938964844,57.04999923706055,57.33000183105469,499800.0,54.7783203125,J
2013-12-17,58.4900016784668,56.959999084472656,57.36000061035156,58.220001220703125,1137800.0,55.62870407104492,J
2013-12-18,60.29999923706055,57.959999084472656,58.29999923706055,60.209999084472656,1642000.0,57.53012466430664,J
2013-12-19,60.70000076293945,59.68000030517578,59.880001068115234,60.56999969482422,1465700.0,57.874107360839844,J
2013-12-20,61.40999984741211,60.650001525878906,60.720001220703125,61.20000076293945,1608200.0,58.47606658935547,J
2013-12-23,61.68000030517578,60.720001220703125,61.33000183105469,61.119998931884766,523300.0,58.39961242675781,J
2013-12-24,61.58000183105469,61.099998474121094,61.25,61.470001220703125,194600.0,58.734039306640625,J
2013-12-26,61.939998626708984,61.619998931884766,61.630001068115234,61.83000183105469,326100.0,59.07801055908203,J
2013-12-27,62.060001373291016,61.47999954223633,61.86000061035156,61.72999954223633,316100.0,58.98246765136719,J
2013-12-30,62.0099983215332,61.54999923706055,61.79999923706055,61.68000030517578,486800.0,58.93470001220703,J
2013-12-31,63.060001373291016,61.7400016784668,61.880001068115234,62.9900016784668,643800.0,60.18639373779297,J
2014-01-02,64.0999984741211,62.65999984741211,63.66999816894531,62.880001068115234,1545700.0,60.08127975463867,J
2014-01-03,62.9900016784668,62.029998779296875,62.84000015258789,62.290000915527344,1265800.0,59.517547607421875,J
2014-01-06,62.72999954223633,61.709999084472656,62.599998474121094,62.369998931884766,1107800.0,59.59398651123047,J
2014-01-07,63.20000076293945,62.36000061035156,62.5,62.91999816894531,914300.0,60.11949920654297,J
2014-01-08,63.59000015258789,62.45000076293945,62.91999816894531,63.09000015258789,681000.0,60.28194046020508,J
2014-01-09,63.779998779296875,62.83000183105469,63.33000183105469,63.25,720000.0,60.434818267822266,J
2014-01-10,63.79999923706055,62.849998474121094,63.25,63.72999954223633,863400.0,60.89344787597656,J
2014-01-13,65.30000305175781,64.19000244140625,64.58999633789062,64.33999633789062,1453300.0,61.47630310058594,J
2014-01-14,64.76000213623047,63.79999923706055,64.16999816894531,64.54000091552734,851100.0,61.66739273071289,J
2014-01-15,65.62000274658203,64.76000213623047,64.76000213623047,65.29000091552734,732300.0,62.38400650024414,J
2014-01-16,65.58999633789062,65.02999877929688,65.29000091552734,65.44999694824219,534400.0,62.536888122558594,J
2014-01-17,65.87999725341797,65.1500015258789,65.58999633789062,65.7300033569336,639500.0,62.804443359375,J
2014-01-21,66.25,65.43000030517578,65.7300033569336,66.05999755859375,689200.0,63.11973571777344,J
2014-01-22,66.87999725341797,65.88999938964844,66.36000061035156,66.80999755859375,1036800.0,63.836360931396484,J
2014-01-23,65.62000274658203,60.459999084472656,61.5,64.5999984741211,2128300.0,61.7247428894043,J
2014-01-24,65.06999969482422,62.75,64.73999786376953,63.0,1703200.0,60.19594192504883,J
2014-01-27,63.22999954223633,61.5099983215332,62.5,62.27000045776367,1034700.0,59.498443603515625,J
2014-01-28,63.150001525878906,61.81999969482422,62.599998474121094,62.709999084472656,811600.0,59.918853759765625,J
2014-01-29,62.56999969482422,61.47999954223633,62.040000915527344,61.779998779296875,958900.0,59.030235290527344,J
2014-01-30,62.2400016784668,61.33000183105469,62.209999084472656,61.72999954223633,747000.0,58.98246765136719,J
2014-01-31,61.310001373291016,60.52000045776367,60.900001525878906,60.709999084472656,829000.0,58.007869720458984,J
2014-02-03,61.02000045776367,58.290000915527344,60.72999954223633,58.4900016784668,1792100.0,55.88668441772461,J
2014-02-04,59.72999954223633,58.349998474121094,59.0,59.290000915527344,770900.0,56.65107345581055,J
2014-02-05,59.16999816894531,58.20000076293945,59.06999969482422,58.650001525878906,603800.0,56.0395622253418,J
2014-02-06,59.52000045776367,58.720001220703125,58.720001220703125,59.0,531700.0,56.37398147583008,J
2014-02-07,59.86000061035156,59.060001373291016,59.459999084472656,59.84000015258789,714200.0,57.17658615112305,J
2014-02-10,59.869998931884766,59.18000030517578,59.650001525878906,59.36000061035156,823400.0,56.717952728271484,J
2014-02-11,60.209999084472656,59.04999923706055,59.52000045776367,59.93000030517578,736100.0,57.26258087158203,J
2014-02-12,60.900001525878906,59.720001220703125,59.97999954223633,60.810001373291016,713700.0,58.10342788696289,J
2014-02-13,60.439998626708984,59.5099983215332,60.2400016784668,60.25,929600.0,57.56834411621094,J
2014-02-14,60.689998626708984,59.900001525878906,60.5099983215332,60.470001220703125,1106700.0,57.7785530090332,J
2014-02-18,61.15999984741211,59.7400016784668,60.470001220703125,60.959999084472656,1103200.0,58.24675369262695,J
2014-02-19,62.02000045776367,60.13999938964844,60.81999969482422,60.27000045776367,1158600.0,57.58744812011719,J
2014-02-20,61.5099983215332,60.36000061035156,60.689998626708984,61.040000915527344,989100.0,58.323184967041016,J
2014-02-21,61.20000076293945,60.04999923706055,61.20000076293945,60.099998474121094,810100.0,57.425018310546875,J
2014-02-24,60.880001068115234,60.02000045776367,60.209999084472656,60.029998779296875,805700.0,57.35812759399414,J
2014-02-25,60.310001373291016,59.619998931884766,60.08000183105469,60.0,922600.0,57.32947540283203,J
2014-02-26,60.689998626708984,59.91999816894531,60.189998626708984,60.31999969482422,1456700.0,57.63522720336914,J
2014-02-27,61.16999816894531,60.209999084472656,60.310001373291016,60.560001373291016,906200.0,57.86454391479492,J
2014-02-28,61.189998626708984,60.34000015258789,60.81999969482422,60.650001525878906,1157200.0,57.95053482055664,J
2014-03-03,60.54999923706055,59.36000061035156,59.900001525878906,60.400001525878906,1177300.0,57.711666107177734,J
2014-03-04,61.650001525878906,60.970001220703125,60.97999954223633,61.599998474121094,1348900.0,58.858253479003906,J
2014-03-05,61.939998626708984,61.33000183105469,61.56999969482422,61.810001373291016,711400.0,59.05891036987305,J
2014-03-06,63.38999938964844,61.77000045776367,61.810001373291016,63.06999969482422,1158200.0,60.2628288269043,J
2014-03-07,63.52000045776367,62.77000045776367,63.45000076293945,63.09000015258789,556300.0,60.28194046020508,J
2014-03-10,63.13999938964844,62.40999984741211,62.79999923706055,62.849998474121094,941000.0,60.052616119384766,J
2014-03-11,63.189998626708984,62.63999938964844,62.84000015258789,62.86000061035156,863900.0,60.06217575073242,J
2014-03-12,62.970001220703125,62.470001220703125,62.630001068115234,62.810001373291016,1040500.0,60.014404296875,J
2014-03-13,63.040000915527344,61.7400016784668,62.869998931884766,61.93000030517578,905000.0,59.17356872558594,J
2014-03-14,62.619998931884766,61.75,61.75,62.59000015258789,759100.0,59.80419921875,J
2014-03-17,63.779998779296875,62.79999923706055,62.81999969482422,63.27000045776367,1028800.0,60.45392608642578,J
2014-03-18,64.02999877929688,63.25,63.40999984741211,63.9900016784668,596600.0,61.141883850097656,J
2014-03-19,64.13999938964844,63.43000030517578,64.0,63.779998779296875,775500.0,60.94123077392578,J
2014-03-20,64.16999816894531,63.43000030517578,63.63999938964844,64.13999938964844,515700.0,61.28520202636719,J
2014-03-21,65.58000183105469,64.51000213623047,64.63999938964844,64.81999969482422,1803000.0,61.9349365234375,J
2014-03-24,65.01000213623047,63.66999816894531,64.95999908447266,63.689998626708984,1122200.0,60.855224609375,J
2014-03-25,64.12000274658203,63.65999984741211,63.939998626708984,63.83000183105469,807700.0,60.98900604248047,J
2014-03-26,64.25,63.150001525878906,64.05000305175781,63.15999984741211,983500.0,60.34882736206055,J
2014-03-27,63.16999816894531,62.68000030517578,62.91999816894531,62.84000015258789,842900.0,60.043067932128906,J
2014-03-28,63.720001220703125,63.0,63.0,63.119998931884766,703400.0,60.31060028076172,J
2014-03-31,63.810001373291016,63.310001373291016,63.689998626708984,63.5,758700.0,60.6736946105957,J
2014-04-01,63.88999938964844,63.34000015258789,63.81999969482422,63.790000915527344,770100.0,60.950782775878906,J
2014-04-02,64.5,63.72999954223633,63.9900016784668,64.37999725341797,629800.0,61.51451873779297,J
2014-04-03,64.75,64.01000213623047,64.38999938964844,64.33000183105469,625100.0,61.46675491333008,J
2014-04-04,65.0199966430664,63.779998779296875,64.30999755859375,63.88999938964844,785500.0,61.04633712768555,J
2014-04-07,63.810001373291016,62.54999923706055,63.75,62.88999938964844,1024000.0,60.0908317565918,J
2014-04-08,63.119998931884766,62.560001373291016,62.61000061035156,62.83000183105469,811900.0,60.03351593017578,J
2014-04-09,63.43000030517578,62.779998779296875,63.119998931884766,63.34000015258789,722600.0,60.520809173583984,J
2014-04-10,63.630001068115234,62.689998626708984,63.349998474121094,62.77000045776367,986600.0,59.97617721557617,J
2014-04-11,62.84000015258789,61.439998626708984,62.2599983215332,61.45000076293945,1028800.0,58.71492385864258,J
2014-04-14,62.209999084472656,61.380001068115234,61.939998626708984,61.88999938964844,372000.0,59.13535690307617,J
2014-04-15,62.29999923706055,60.650001525878906,62.040000915527344,62.099998474121094,672800.0,59.33599853515625,J
2014-04-16,63.380001068115234,61.38999938964844,61.38999938964844,63.0,515600.0,60.19594192504883,J
2014-04-17,63.9900016784668,62.90999984741211,62.91999816894531,63.72999954223633,406100.0,60.89344787597656,J
2014-04-21,63.88999938964844,63.18000030517578,63.720001220703125,63.689998626708984,768600.0,60.855224609375,J
2014-04-22,64.98999786376953,63.459999084472656,63.75,64.62000274658203,806500.0,61.74384689331055,J
2014-04-23,64.72000122070312,63.72999954223633,64.4800033569336,63.88999938964844,722800.0,61.04633712768555,J
2014-04-24,64.12999725341797,62.9900016784668,64.0,63.36000061035156,639100.0,60.53990936279297,J
2014-04-25,63.31999969482422,62.060001373291016,63.31999969482422,62.099998474121094,782700.0,59.33599853515625,J
2014-04-28,62.70000076293945,61.15999984741211,62.31999969482422,62.20000076293945,967600.0,59.431556701660156,J
2014-04-29,58.02000045776367,55.5,55.56999969482422,57.06999969482422,3833700.0,54.52988052368164,J
2014-04-30,57.81999969482422,56.38999938964844,57.08000183105469,57.70000076293945,1982200.0,55.131832122802734,J
2014-05-01,58.400001525878906,57.290000915527344,57.68000030517578,58.08000183105469,1790700.0,55.494930267333984,J
2014-05-02,58.5,56.68000030517578,58.040000915527344,56.779998779296875,3309500.0,54.25278854370117,J
2014-05-05,57.040000915527344,56.130001068115234,56.58000183105469,56.650001525878906,2720800.0,54.128570556640625,J
2014-05-06,57.099998474121094,56.56999969482422,56.66999816894531,56.63999938964844,1680100.0,54.1190185546875,J
2014-05-07,57.119998931884766,56.36000061035156,56.84000015258789,57.06999969482422,1658200.0,54.52988052368164,J
2014-05-08,57.31999969482422,56.22999954223633,56.869998931884766,56.56999969482422,805800.0,54.05213165283203,J
2014-05-09,56.7599983215332,56.06999969482422,56.56999969482422,56.130001068115234,1067300.0,53.63172149658203,J
2014-05-12,56.630001068115234,55.95000076293945,56.380001068115234,56.2599983215332,1327700.0,53.75593566894531,J
2014-05-13,56.619998931884766,55.810001373291016,56.41999816894531,55.849998474121094,1087600.0,53.36418151855469,J
2014-05-14,55.9900016784668,54.43000030517578,55.84000015258789,54.47999954223633,1313900.0,52.05515670776367,J
2014-05-15,54.54999923706055,52.56999969482422,54.47999954223633,53.849998474121094,2838800.0,51.45320510864258,J
2014-05-16,54.0099983215332,53.13999938964844,54.0,53.279998779296875,1182800.0,50.90857696533203,J
2014-05-19,53.61000061035156,53.18000030517578,53.25,53.33000183105469,1289000.0,50.956336975097656,J
2014-05-20,53.56999969482422,52.56999969482422,53.18000030517578,52.91999816894531,1028600.0,50.56459045410156,J
2014-05-21,53.209999084472656,52.7400016784668,53.02000045776367,53.04999923706055,1212400.0,50.688812255859375,J
2014-05-22,53.2599983215332,52.689998626708984,53.099998474121094,53.16999816894531,1351000.0,50.80345916748047,J
2014-05-23,53.70000076293945,53.029998779296875,53.029998779296875,53.349998474121094,771100.0,50.97545623779297,J
2014-05-27,54.560001373291016,53.5,53.59000015258789,54.52000045776367,1470200.0,52.093387603759766,J
2014-05-28,54.9900016784668,54.310001373291016,54.529998779296875,54.619998931884766,2050700.0,52.188926696777344,J
2014-05-29,54.880001068115234,54.36000061035156,54.7599983215332,54.75,1116200.0,52.313148498535156,J
2014-05-30,55.130001068115234,54.65999984741211,54.7400016784668,55.06999969482422,737700.0,52.618892669677734,J
2014-06-02,55.54999923706055,54.90999984741211,55.04999923706055,55.5,883600.0,53.029754638671875,J
2014-06-03,55.459999084472656,54.54999923706055,55.27000045776367,54.970001220703125,1192900.0,52.52334976196289,J
2014-06-04,55.52000045776367,54.77000045776367,54.83000183105469,55.13999938964844,598600.0,52.68577575683594,J
2014-06-05,56.189998626708984,55.119998931884766,55.119998931884766,55.959999084472656,713200.0,53.469276428222656,J
2014-06-06,57.029998779296875,56.04999923706055,56.06999969482422,56.70000076293945,783900.0,54.176353454589844,J
2014-06-09,57.18000030517578,56.470001220703125,56.52000045776367,57.06999969482422,1109700.0,54.52988052368164,J
2014-06-10,56.83000183105469,56.290000915527344,56.75,56.439998626708984,1122200.0,53.92791748046875,J
2014-06-11,56.189998626708984,54.86000061035156,56.189998626708984,54.9900016784668,1381000.0,52.54246520996094,J
2014-06-12,55.220001220703125,54.54999923706055,54.9900016784668,54.650001525878906,757300.0,52.217586517333984,J
2014-06-13,54.9900016784668,54.540000915527344,54.689998626708984,54.7400016784668,569500.0,52.303592681884766,J
2014-06-16,54.9900016784668,54.34000015258789,54.56999969482422,54.650001525878906,705100.0,52.217586517333984,J
2014-06-17,55.06999969482422,54.15999984741211,54.5,54.689998626708984,727200.0,52.25581741333008,J
2014-06-18,54.9900016784668,53.81999969482422,54.709999084472656,54.709999084472656,1369500.0,52.274925231933594,J
2014-06-19,55.040000915527344,54.43000030517578,54.68000030517578,54.880001068115234,688900.0,52.437355041503906,J
2014-06-20,55.790000915527344,55.04999923706055,55.09000015258789,55.66999816894531,1364900.0,53.19219207763672,J
2014-06-23,55.869998931884766,55.0,55.599998474121094,55.18000030517578,1095500.0,52.72400665283203,J
2014-06-24,55.2400016784668,54.470001220703125,54.810001373291016,54.54999923706055,1043600.0,52.122039794921875,J
2014-06-25,54.650001525878906,53.25,54.5,53.56999969482422,1428100.0,51.185665130615234,J
2014-06-26,53.68000030517578,52.84000015258789,53.650001525878906,53.34000015258789,784700.0,50.96589660644531,J
2014-06-27,53.810001373291016,53.130001068115234,53.2400016784668,53.54999923706055,928300.0,51.16655731201172,J
2014-06-30,53.7599983215332,52.91999816894531,53.56999969482422,53.279998779296875,855100.0,50.90857696533203,J
2014-07-01,53.65999984741211,53.130001068115234,53.33000183105469,53.209999084472656,1137100.0,50.8416862487793,J
2014-07-02,53.5099983215332,52.90999984741211,53.209999084472656,53.06999969482422,1152300.0,50.70791244506836,J
2014-07-03,53.68000030517578,53.09000015258789,53.25,53.56999969482422,968500.0,51.185665130615234,J
2014-07-07,53.61000061035156,52.88999938964844,53.439998626708984,53.560001373291016,961900.0,51.17612075805664,J
2014-07-08,53.75,53.08000183105469,53.349998474121094,53.33000183105469,1356000.0,50.956336975097656,J
2014-07-09,53.68000030517578,53.18000030517578,53.33000183105469,53.290000915527344,536200.0,50.918121337890625,J
2014-07-10,53.470001220703125,52.790000915527344,52.91999816894531,53.150001525878906,1037500.0,50.78435134887695,J
2014-07-11,54.09000015258789,52.650001525878906,53.060001373291016,53.849998474121094,1288700.0,51.45320510864258,J
2014-07-14,54.7400016784668,54.16999816894531,54.290000915527344,54.209999084472656,1130200.0,51.79718017578125,J
2014-07-15,54.77000045776367,54.209999084472656,54.209999084472656,54.369998931884766,1220100.0,51.9500617980957,J
2014-07-16,54.529998779296875,54.060001373291016,54.38999938964844,54.349998474121094,863600.0,51.93095016479492,J
2014-07-17,54.45000076293945,53.880001068115234,54.099998474121094,54.04999923706055,928600.0,51.64430236816406,J
2014-07-18,54.630001068115234,53.970001220703125,54.189998626708984,54.560001373291016,781400.0,52.13160705566406,J
2014-07-21,54.689998626708984,54.2599983215332,54.279998779296875,54.369998931884766,550300.0,51.9500617980957,J
2014-07-22,54.7400016784668,54.25,54.529998779296875,54.560001373291016,854300.0,52.13160705566406,J
2014-07-23,54.95000076293945,54.41999816894531,54.95000076293945,54.869998931884766,623500.0,52.42779541015625,J
2014-07-24,55.0,54.529998779296875,55.0,54.849998474121094,1125600.0,52.40869140625,J
2014-07-25,54.66999816894531,53.79999923706055,54.619998931884766,53.9900016784668,883000.0,51.58697509765625,J
2014-07-28,54.0,53.119998931884766,53.470001220703125,53.939998626708984,1324900.0,51.539188385009766,J
2014-07-29,55.0,52.369998931884766,53.849998474121094,52.369998931884766,1982300.0,50.03907012939453,J
2014-07-30,52.650001525878906,51.5099983215332,52.5,51.75,1602800.0,49.44667053222656,J
2014-07-31,51.70000076293945,50.72999954223633,51.38999938964844,50.810001373291016,1311600.0,48.54850387573242,J
2014-08-01,51.06999969482422,49.790000915527344,50.58000183105469,50.27000045776367,1411100.0,48.03254318237305,J
2014-08-04,50.560001373291016,49.849998474121094,50.290000915527344,50.5099983215332,1128200.0,48.2618522644043,J
2014-08-05,50.90999984741211,49.84000015258789,50.34000015258789,50.040000915527344,1211800.0,47.81277084350586,J
2014-08-06,50.45000076293945,49.689998626708984,49.79999923706055,49.95000076293945,1048200.0,47.72678756713867,J
2014-08-07,50.290000915527344,49.56999969482422,50.18000030517578,50.0,933000.0,47.77455520629883,J
2014-08-08,50.709999084472656,49.93000030517578,50.09000015258789,50.689998626708984,809100.0,48.43384552001953,J
2014-08-11,51.720001220703125,50.810001373291016,50.900001525878906,51.209999084472656,668100.0,48.93070983886719,J
2014-08-12,51.58000183105469,50.560001373291016,51.2599983215332,50.720001220703125,566500.0,48.4625129699707,J
2014-08-13,51.400001525878906,50.709999084472656,50.88999938964844,51.400001525878906,536200.0,49.112247467041016,J
2014-08-14,52.18000030517578,51.27000045776367,51.4900016784668,52.13999938964844,974000.0,49.819313049316406,J
2014-08-15,52.45000076293945,51.029998779296875,52.34000015258789,51.27000045776367,674500.0,48.98804473876953,J
2014-08-18,52.40999984741211,51.52000045776367,51.52000045776367,52.34000015258789,615300.0,50.010414123535156,J
2014-08-19,52.619998931884766,52.189998626708984,52.34000015258789,52.2599983215332,395500.0,49.9339599609375,J
2014-08-20,53.959999084472656,52.7400016784668,52.7400016784668,53.900001525878906,1566100.0,51.5009765625,J
2014-08-21,54.58000183105469,53.369998931884766,53.84000015258789,54.400001525878906,1150000.0,51.97871780395508,J
2014-08-22,54.189998626708984,53.7599983215332,54.189998626708984,53.88999938964844,669600.0,51.491416931152344,J
2014-08-25,54.380001068115234,53.81999969482422,54.130001068115234,54.29999923706055,615500.0,51.8831672668457,J
2014-08-26,54.70000076293945,54.279998779296875,54.439998626708984,54.56999969482422,421000.0,52.14115524291992,J
2014-08-27,54.7400016784668,54.209999084472656,54.560001373291016,54.41999816894531,406800.0,51.99782943725586,J
2014-08-28,54.54999923706055,53.91999816894531,54.2599983215332,54.310001373291016,367000.0,51.892723083496094,J
2014-08-29,54.4900016784668,53.45000076293945,54.349998474121094,53.90999984741211,730600.0,51.51052474975586,J
2014-09-02,54.70000076293945,53.27000045776367,54.06999969482422,53.619998931884766,705100.0,51.23343276977539,J
2014-09-03,53.900001525878906,53.209999084472656,53.7599983215332,53.29999923706055,664700.0,50.92768096923828,J
2014-09-04,53.599998474121094,52.75,53.33000183105469,52.88999938964844,721700.0,50.53593063354492,J
2014-09-05,53.33000183105469,52.38999938964844,52.81999969482422,53.310001373291016,744700.0,50.937232971191406,J
2014-09-08,53.849998474121094,53.150001525878906,53.2599983215332,53.779998779296875,1033400.0,51.386322021484375,J
2014-09-09,53.95000076293945,53.34000015258789,53.95000076293945,53.540000915527344,913500.0,51.15699768066406,J
2014-09-10,53.599998474121094,52.849998474121094,53.459999084472656,53.41999816894531,985700.0,51.04234313964844,J
2014-09-11,53.70000076293945,53.130001068115234,53.2599983215332,53.650001525878906,739000.0,51.26210403442383,J
2014-09-12,53.77000045776367,53.189998626708984,53.5099983215332,53.459999084472656,1229900.0,51.08055877685547,J
2014-09-15,53.52000045776367,52.849998474121094,53.31999969482422,53.22999954223633,670000.0,50.86079788208008,J
2014-09-16,53.70000076293945,52.849998474121094,53.15999984741211,53.400001525878906,1344200.0,51.02323532104492,J
2014-09-17,53.810001373291016,52.72999954223633,53.439998626708984,52.77000045776367,1000900.0,50.42127227783203,J
2014-09-18,53.09000015258789,52.599998474121094,52.849998474121094,53.029998779296875,918000.0,50.66969299316406,J
2014-09-19,53.45000076293945,52.43000030517578,53.36000061035156,52.52000045776367,925900.0,50.18238067626953,J
2014-09-22,52.45000076293945,51.59000015258789,52.43000030517578,52.150001525878906,1513400.0,49.82886505126953,J
2014-09-23,51.59000015258789,50.86000061035156,51.56999969482422,51.02000045776367,1765100.0,48.74916076660156,J
2014-09-24,51.0,50.18000030517578,50.959999084472656,50.34000015258789,1363500.0,48.099430084228516,J
2014-09-25,50.369998931884766,49.36000061035156,50.189998626708984,49.52000045776367,1380500.0,47.315914154052734,J
2014-09-26,49.81999969482422,49.130001068115234,49.41999816894531,49.68000030517578,966100.0,47.46880340576172,J
2014-09-29,49.939998626708984,49.25,49.38999938964844,49.31999969482422,1370700.0,47.124820709228516,J
2014-09-30,49.84000015258789,48.59000015258789,49.369998931884766,48.81999969482422,1354400.0,46.647071838378906,J
2014-10-01,48.810001373291016,47.2599983215332,48.810001373291016,47.349998474121094,2194900.0,45.24250030517578,J
2014-10-02,47.47999954223633,46.2400016784668,47.20000076293945,46.880001068115234,1848300.0,44.79342269897461,J
2014-10-03,47.58000183105469,47.02000045776367,47.060001373291016,47.25,1372900.0,45.14695739746094,J
2014-10-06,47.939998626708984,46.9900016784668,47.36000061035156,47.34000015258789,1227600.0,45.23295211791992,J
2014-10-07,47.720001220703125,47.0099983215332,47.0099983215332,47.15999984741211,2200700.0,45.06096649169922,J
2014-10-08,48.029998779296875,46.7599983215332,47.13999938964844,48.0099983215332,1891300.0,45.87313461303711,J
2014-10-09,48.099998474121094,47.09000015258789,47.900001525878906,47.25,1578200.0,45.14695739746094,J
2014-10-10,47.560001373291016,46.400001525878906,47.22999954223633,46.709999084472656,1895600.0,44.6309928894043,J
2014-10-13,47.45000076293945,46.220001220703125,46.790000915527344,46.25,1684600.0,44.191471099853516,J
2014-10-14,47.63999938964844,46.2599983215332,46.650001525878906,46.70000076293945,1626500.0,44.6214485168457,J
2014-10-15,46.97999954223633,45.130001068115234,45.880001068115234,46.720001220703125,1899600.0,44.64055252075195,J
2014-10-16,46.720001220703125,45.040000915527344,45.86000061035156,45.22999954223633,2792100.0,43.21686553955078,J
2014-10-17,46.13999938964844,45.459999084472656,45.790000915527344,45.959999084472656,1857100.0,43.91436767578125,J
2014-10-20,46.099998474121094,45.27000045776367,45.7400016784668,45.400001525878906,1277400.0,43.379295349121094,J
2014-10-21,46.81999969482422,45.470001220703125,45.54999923706055,46.63999938964844,1478300.0,44.56411361694336,J
2014-10-22,46.86000061035156,45.709999084472656,46.689998626708984,45.709999084472656,752200.0,43.67549133300781,J
2014-10-23,47.70000076293945,46.029998779296875,46.029998779296875,47.310001373291016,1251200.0,45.204288482666016,J
2014-10-24,47.40999984741211,46.61000061035156,47.2400016784668,47.36000061035156,688900.0,45.2520637512207,J
2014-10-27,47.459999084472656,46.630001068115234,47.13999938964844,47.029998779296875,784600.0,44.93674087524414,J
2014-10-28,47.5099983215332,46.88999938964844,47.18000030517578,47.400001525878906,1673900.0,45.29029083251953,J
2014-10-29,47.540000915527344,46.75,47.38999938964844,47.189998626708984,1283100.0,45.089622497558594,J
2014-10-30,47.599998474121094,46.5,46.97999954223633,47.150001525878906,961900.0,45.05140686035156,J
2014-10-31,48.040000915527344,47.25,47.68000030517578,47.45000076293945,1473000.0,45.33806228637695,J
2014-11-03,47.61000061035156,46.9900016784668,47.43000030517578,47.06999969482422,1038600.0,44.974971771240234,J
2014-11-04,47.27000045776367,46.4900016784668,46.91999816894531,46.84000015258789,1577900.0,44.755210876464844,J
2014-11-05,48.150001525878906,46.81999969482422,47.27000045776367,47.93000030517578,1127100.0,45.796695709228516,J
2014-11-06,48.40999984741211,47.689998626708984,48.060001373291016,47.91999816894531,977800.0,45.78712844848633,J
2014-11-07,48.4900016784668,47.869998931884766,48.02000045776367,48.2599983215332,1061000.0,46.11199951171875,J
2014-11-10,48.540000915527344,47.33000183105469,48.06999969482422,47.619998931884766,1212800.0,45.50048065185547,J
2014-11-11,47.810001373291016,47.290000915527344,47.5099983215332,47.58000183105469,934100.0,45.462276458740234,J
2014-11-12,48.5,47.400001525878906,47.40999984741211,48.400001525878906,1037500.0,46.24577331542969,J
2014-11-13,48.470001220703125,47.060001373291016,48.209999084472656,47.47999954223633,928400.0,45.366722106933594,J
2014-11-14,48.06999969482422,47.209999084472656,47.36000061035156,47.689998626708984,1080200.0,45.5673713684082,J
2014-11-17,47.540000915527344,46.939998626708984,47.540000915527344,47.22999954223633,1071500.0,45.12784957885742,J
2014-11-18,48.38999938964844,46.720001220703125,47.279998779296875,47.70000076293945,2297200.0,45.57692337036133,J
2014-11-19,47.599998474121094,47.060001373291016,47.349998474121094,47.20000076293945,1903300.0,45.09918212890625,J
2014-11-20,49.2599983215332,46.95000076293945,47.0,48.75,1435800.0,46.58019256591797,J
2014-11-21,49.900001525878906,48.90999984741211,49.470001220703125,49.08000183105469,1628800.0,46.895511627197266,J
2014-11-24,48.380001068115234,47.119998931884766,48.25,47.5099983215332,2816200.0,45.3953857421875,J
2014-11-25,48.65999984741211,47.599998474121094,47.72999954223633,48.33000183105469,2079700.0,46.17889404296875,J
2014-11-26,48.459999084472656,47.41999816894531,48.25,47.470001220703125,1293000.0,45.3571662902832,J
2014-11-28,47.060001373291016,45.900001525878906,47.0099983215332,46.45000076293945,1262400.0,44.382568359375,J
2014-12-01,46.41999816894531,45.279998779296875,46.25,45.970001220703125,2461800.0,43.92392349243164,J
2014-12-02,46.61000061035156,45.5,45.5,46.58000183105469,2636300.0,44.50678634643555,J
2014-12-03,47.959999084472656,46.72999954223633,46.95000076293945,46.790000915527344,1572400.0,44.707435607910156,J
2014-12-04,46.61000061035156,45.900001525878906,46.560001373291016,46.310001373291016,1087500.0,44.24879837036133,J
2014-12-05,46.83000183105469,46.0,46.29999923706055,46.310001373291016,1314500.0,44.24879837036133,J
2014-12-08,46.150001525878906,44.869998931884766,46.13999938964844,44.93000030517578,1018300.0,42.93021774291992,J
2014-12-09,44.689998626708984,44.09000015258789,44.4900016784668,44.400001525878906,1738100.0,42.42380905151367,J
2014-12-10,44.09000015258789,42.060001373291016,44.04999923706055,42.220001220703125,2105000.0,40.34083938598633,J
2014-12-11,42.75,42.0,42.400001525878906,42.52000045776367,1881200.0,40.62748336791992,J
2014-12-12,42.400001525878906,41.0099983215332,42.029998779296875,41.0099983215332,1598600.0,39.18468475341797,J
2014-12-15,41.709999084472656,40.20000076293945,41.209999084472656,40.38999938964844,2398100.0,38.5922966003418,J
2014-12-16,40.84000015258789,39.779998779296875,39.9900016784668,40.18000030517578,3162800.0,38.391632080078125,J
2014-12-17,41.099998474121094,39.83000183105469,40.150001525878906,41.08000183105469,2439600.0,39.25157928466797,J
2014-12-18,42.25,41.439998626708984,41.81999969482422,42.2400016784668,1211100.0,40.35995101928711,J
2014-12-19,43.33000183105469,42.20000076293945,42.400001525878906,43.25,3018800.0,41.324989318847656,J
2014-12-22,43.810001373291016,43.189998626708984,43.33000183105469,43.52000045776367,1365300.0,41.58297348022461,J
2014-12-23,44.84000015258789,43.54999923706055,43.72999954223633,44.52000045776367,1317900.0,42.5384635925293,J
2014-12-24,44.72999954223633,44.150001525878906,44.5,44.459999084472656,419000.0,42.48113250732422,J
2014-12-26,44.9900016784668,44.38999938964844,44.689998626708984,44.560001373291016,430100.0,42.57669448852539,J
2014-12-29,45.4900016784668,44.369998931884766,44.4900016784668,45.040000915527344,884900.0,43.035316467285156,J
2014-12-30,45.36000061035156,44.52000045776367,44.75,45.15999984741211,1086000.0,43.149986267089844,J
2014-12-31,45.349998474121094,44.59000015258789,45.25,44.689998626708984,1041000.0,42.700904846191406,J
2015-01-02,45.029998779296875,44.060001373291016,44.810001373291016,44.63999938964844,776800.0,42.653133392333984,J
2015-01-05,44.16999816894531,42.7599983215332,44.119998931884766,43.029998779296875,1301800.0,41.114784240722656,J
2015-01-06,43.02000045776367,41.720001220703125,42.9900016784668,42.25,1561100.0,40.3695068359375,J
2015-01-07,42.900001525878906,41.529998779296875,42.560001373291016,41.689998626708984,1540700.0,39.83443069458008,J
2015-01-08,43.20000076293945,41.75,42.09000015258789,43.189998626708984,1407900.0,41.267662048339844,J
2015-01-09,43.40999984741211,41.900001525878906,43.150001525878906,42.029998779296875,856200.0,40.159297943115234,J
2015-01-12,41.9900016784668,40.599998474121094,41.880001068115234,40.7599983215332,1241800.0,38.9458122253418,J
2015-01-13,41.209999084472656,39.90999984741211,41.029998779296875,40.2599983215332,1651300.0,38.46806716918945,J
2015-01-14,40.060001373291016,39.029998779296875,39.54999923706055,39.88999938964844,1337300.0,38.114540100097656,J
2015-01-15,40.529998779296875,38.5099983215332,40.2400016784668,38.560001373291016,1700900.0,36.84373474121094,J
2015-01-16,39.06999969482422,38.13999938964844,38.36000061035156,38.95000076293945,1615800.0,37.21638107299805,J
2015-01-20,39.189998626708984,38.66999816894531,38.939998626708984,38.970001220703125,1170400.0,37.23549270629883,J
2015-01-21,39.66999816894531,38.880001068115234,38.880001068115234,39.58000183105469,1630200.0,37.81834411621094,J
2015-01-22,39.83000183105469,39.189998626708984,39.720001220703125,39.599998474121094,1069600.0,37.837440490722656,J
2015-01-23,40.029998779296875,39.20000076293945,39.439998626708984,39.790000915527344,1266100.0,38.01899337768555,J
2015-01-26,40.09000015258789,39.2400016784668,39.79999923706055,39.970001220703125,1368600.0,38.19098663330078,J
2015-01-27,39.65999984741211,38.630001068115234,39.279998779296875,39.119998931884766,1318500.0,37.37880325317383,J
2015-01-28,39.33000183105469,38.31999969482422,39.2400016784668,38.36000061035156,1780800.0,36.65264892578125,J
2015-01-29,39.9900016784668,38.13999938964844,39.529998779296875,38.75,2531800.0,37.0252799987793,J
2015-01-30,38.470001220703125,37.869998931884766,38.27000045776367,38.099998474121094,1931200.0,36.40421676635742,J
2015-02-02,40.02000045776367,38.220001220703125,38.400001525878906,39.849998474121094,2422900.0,38.076324462890625,J
2015-02-03,41.619998931884766,40.47999954223633,40.5,41.119998931884766,2172800.0,39.28978729248047,J
2015-02-04,40.790000915527344,39.400001525878906,40.790000915527344,39.79999923706055,1948200.0,38.02855682373047,J
2015-02-05,41.0099983215332,39.95000076293945,40.11000061035156,40.869998931884766,1294500.0,39.05093002319336,J
2015-02-06,41.22999954223633,40.63999938964844,40.97999954223633,40.90999984741211,1451100.0,39.08914566040039,J
2015-02-09,41.59000015258789,40.81999969482422,40.81999969482422,41.439998626708984,1249300.0,39.595558166503906,J
2015-02-10,41.689998626708984,40.81999969482422,41.599998474121094,41.459999084472656,1110700.0,39.61466979980469,J
2015-02-11,42.08000183105469,41.130001068115234,41.209999084472656,41.939998626708984,1362600.0,40.07331085205078,J
2015-02-12,42.58000183105469,42.130001068115234,42.18000030517578,42.560001373291016,1416900.0,40.66570281982422,J
2015-02-13,43.33000183105469,42.77000045776367,42.849998474121094,43.27000045776367,1565000.0,41.3441047668457,J
2015-02-17,43.2599983215332,42.66999816894531,43.22999954223633,43.25,1309000.0,41.324989318847656,J
2015-02-18,43.97999954223633,43.16999816894531,43.22999954223633,43.81999969482422,1383600.0,41.86962127685547,J
2015-02-19,43.88999938964844,43.189998626708984,43.529998779296875,43.810001373291016,1151900.0,41.86006546020508,J
2015-02-20,44.45000076293945,43.22999954223633,43.61000061035156,44.439998626708984,1220200.0,42.462032318115234,J
2015-02-23,44.43000030517578,43.779998779296875,44.43000030517578,44.20000076293945,1173900.0,42.23270034790039,J
2015-02-24,44.709999084472656,44.150001525878906,44.310001373291016,44.5099983215332,892100.0,42.52891540527344,J
2015-02-25,44.880001068115234,44.5,44.63999938964844,44.75,1000300.0,42.75822448730469,J
2015-02-26,44.810001373291016,44.369998931884766,44.720001220703125,44.540000915527344,1603600.0,42.55757141113281,J
2015-02-27,44.86000061035156,44.15999984741211,44.54999923706055,44.34000015258789,1564600.0,42.36647415161133,J
2015-03-02,44.4900016784668,43.63999938964844,44.34000015258789,44.189998626708984,2153300.0,42.223148345947266,J
2015-03-03,44.25,43.849998474121094,44.11000061035156,43.9900016784668,1403700.0,42.03205490112305,J
2015-03-04,43.88999938964844,43.13999938964844,43.75,43.779998779296875,1134000.0,41.83140182495117,J
2015-03-05,44.029998779296875,43.45000076293945,43.959999084472656,43.849998474121094,1180000.0,41.89828872680664,J
2015-03-06,44.04999923706055,42.91999816894531,43.400001525878906,43.09000015258789,1338400.0,41.172115325927734,J
2015-03-09,43.34000015258789,42.869998931884766,43.08000183105469,43.2599983215332,927200.0,41.33454513549805,J
2015-03-10,43.650001525878906,42.7400016784668,42.81999969482422,43.349998474121094,1914000.0,41.42054748535156,J
2015-03-11,43.34000015258789,42.63999938964844,43.34000015258789,43.040000915527344,1356500.0,41.124332427978516,J
2015-03-12,43.689998626708984,42.7599983215332,43.130001068115234,43.630001068115234,1155200.0,41.68807601928711,J
2015-03-13,43.56999969482422,42.75,43.41999816894531,43.220001220703125,1124000.0,41.29632568359375,J
2015-03-16,43.66999816894531,42.88999938964844,43.22999954223633,43.65999984741211,682600.0,41.71674346923828,J
2015-03-17,43.7400016784668,43.060001373291016,43.36000061035156,43.4900016784668,665100.0,41.55430603027344,J
2015-03-18,44.650001525878906,42.939998626708984,43.18000030517578,44.630001068115234,1336500.0,42.64356994628906,J
2015-03-19,44.31999969482422,43.4900016784668,44.22999954223633,43.9900016784668,1255300.0,42.03205490112305,J
2015-03-20,44.86000061035156,44.0099983215332,44.220001220703125,44.79999923706055,1517900.0,42.806007385253906,J
2015-03-23,45.08000183105469,44.58000183105469,44.810001373291016,44.959999084472656,869800.0,42.95888137817383,J
2015-03-24,45.15999984741211,44.47999954223633,45.0099983215332,45.11000061035156,970100.0,43.102203369140625,J
2015-03-25,45.43000030517578,44.70000076293945,45.349998474121094,44.95000076293945,1070100.0,42.949337005615234,J
2015-03-26,45.310001373291016,44.58000183105469,44.91999816894531,44.959999084472656,970800.0,42.95888137817383,J
2015-03-27,44.869998931884766,44.0099983215332,44.7599983215332,44.279998779296875,1044400.0,42.30915069580078,J
2015-03-30,45.029998779296875,44.209999084472656,44.540000915527344,44.959999084472656,897600.0,42.95888137817383,J
2015-03-31,45.31999969482422,44.4900016784668,44.650001525878906,45.15999984741211,874400.0,43.149986267089844,J
2015-04-01,45.22999954223633,44.189998626708984,45.189998626708984,44.310001373291016,1176700.0,42.33781814575195,J
2015-04-02,45.08000183105469,44.0099983215332,44.29999923706055,44.279998779296875,860300.0,42.30915069580078,J
2015-04-06,45.529998779296875,44.13999938964844,44.13999938964844,45.25,1015000.0,43.23597717285156,J
2015-04-07,45.2599983215332,44.709999084472656,45.18000030517578,44.95000076293945,789800.0,42.949337005615234,J
2015-04-08,45.27000045776367,44.70000076293945,44.970001220703125,45.25,778600.0,43.23597717285156,J
2015-04-09,46.0099983215332,45.0,45.25,45.900001525878906,1022100.0,43.85704803466797,J
2015-04-10,46.650001525878906,45.81999969482422,46.0,46.599998474121094,1301400.0,44.525882720947266,J
2015-04-13,46.689998626708984,45.29999923706055,46.150001525878906,46.41999816894531,1717000.0,44.35390853881836,J
2015-04-14,46.849998474121094,46.060001373291016,46.33000183105469,46.79999923706055,1060900.0,44.716983795166016,J
2015-04-15,48.25,46.72999954223633,46.95000076293945,48.209999084472656,1510000.0,46.06421661376953,J
2015-04-16,48.08000183105469,47.459999084472656,48.040000915527344,47.7599983215332,1165000.0,45.6342658996582,J
2015-04-17,47.59000015258789,47.0,47.290000915527344,47.459999084472656,1111400.0,45.34760665893555,J
2015-04-20,47.86000061035156,47.34000015258789,47.70000076293945,47.38999938964844,681300.0,45.280723571777344,J
2015-04-21,47.47999954223633,46.90999984741211,47.47999954223633,47.119998931884766,803000.0,45.022743225097656,J
2015-04-22,47.18000030517578,46.47999954223633,47.150001525878906,46.95000076293945,659200.0,44.86030960083008,J
2015-04-23,47.43000030517578,46.650001525878906,46.9900016784668,47.15999984741211,782200.0,45.06096649169922,J
2015-04-24,47.040000915527344,45.869998931884766,46.84000015258789,46.310001373291016,1394900.0,44.24879837036133,J
2015-04-27,47.130001068115234,46.38999938964844,46.38999938964844,46.65999984741211,888400.0,44.583221435546875,J
2015-04-28,44.13999938964844,41.68000030517578,42.72999954223633,44.0,3938700.0,42.04160690307617,J
2015-04-29,44.45000076293945,43.310001373291016,43.56999969482422,44.150001525878906,2321000.0,42.18494415283203,J
2015-04-30,44.189998626708984,42.75,43.70000076293945,42.86000061035156,1575100.0,40.95234298706055,J
2015-05-01,43.369998931884766,42.66999816894531,42.75,42.75,1655900.0,40.847232818603516,J
2015-05-04,43.5099983215332,42.68000030517578,42.869998931884766,42.88999938964844,1640600.0,40.98101806640625,J
2015-05-05,43.66999816894531,42.63999938964844,43.02000045776367,42.79999923706055,1932900.0,40.895023345947266,J
2015-05-06,43.400001525878906,42.5,43.13999938964844,42.95000076293945,1190500.0,41.03835678100586,J
2015-05-07,43.40999984741211,42.88999938964844,43.0,43.290000915527344,887100.0,41.36322021484375,J
2015-05-08,44.119998931884766,43.41999816894531,43.790000915527344,43.75,1232900.0,41.802734375,J
2015-05-11,44.099998474121094,43.47999954223633,43.65999984741211,43.790000915527344,709200.0,41.84096145629883,J
2015-05-12,43.9900016784668,43.310001373291016,43.65999984741211,43.529998779296875,903500.0,41.592525482177734,J
2015-05-13,44.25,43.54999923706055,43.66999816894531,44.029998779296875,1036900.0,42.07027816772461,J
2015-05-14,44.52000045776367,43.75,44.31999969482422,44.290000915527344,939700.0,42.31870651245117,J
2015-05-15,44.29999923706055,43.779998779296875,44.2599983215332,44.0,1054600.0,42.04160690307617,J
2015-05-18,44.31999969482422,43.59000015258789,43.939998626708984,44.2599983215332,862900.0,42.2900390625,J
2015-05-19,44.209999084472656,43.369998931884766,44.130001068115234,43.7400016784668,813900.0,41.793190002441406,J
2015-05-20,44.2400016784668,43.61000061035156,43.83000183105469,44.16999816894531,620900.0,42.204044342041016,J
2015-05-21,44.65999984741211,44.11000061035156,44.2400016784668,44.31999969482422,568900.0,42.34735870361328,J
2015-05-22,44.459999084472656,43.54999923706055,44.11000061035156,43.56999969482422,650300.0,41.63075637817383,J
2015-05-26,43.5,42.84000015258789,43.33000183105469,43.04999923706055,987900.0,41.13389205932617,J
2015-05-27,43.599998474121094,42.84000015258789,43.20000076293945,43.560001373291016,693800.0,41.62119674682617,J
2015-05-28,43.59000015258789,43.029998779296875,43.34000015258789,43.34000015258789,725100.0,41.41098403930664,J
2015-05-29,43.619998931884766,43.02000045776367,43.400001525878906,43.2599983215332,1531900.0,41.33454513549805,J
2015-06-01,43.790000915527344,43.119998931884766,43.380001068115234,43.45000076293945,835300.0,41.51609420776367,J
2015-06-02,43.90999984741211,43.040000915527344,43.189998626708984,43.65999984741211,1186900.0,41.71674346923828,J
2015-06-03,44.560001373291016,43.630001068115234,43.720001220703125,44.25,1113000.0,42.28048324584961,J
2015-06-04,43.880001068115234,43.099998474121094,43.880001068115234,43.15999984741211,1878500.0,41.2390022277832,J
2015-06-05,43.720001220703125,42.91999816894531,43.04999923706055,43.63999938964844,1652900.0,41.6976318359375,J
2015-06-08,43.529998779296875,42.560001373291016,43.349998474121094,42.650001525878906,1731200.0,40.751705169677734,J
2015-06-09,43.41999816894531,42.599998474121094,42.90999984741211,42.939998626708984,1085200.0,41.0287971496582,J
2015-06-10,43.720001220703125,43.18000030517578,43.29999923706055,43.66999816894531,1012700.0,41.72630310058594,J
2015-06-11,43.7599983215332,43.369998931884766,43.619998931884766,43.45000076293945,522200.0,41.51609420776367,J
2015-06-12,43.369998931884766,42.810001373291016,43.099998474121094,43.11000061035156,533600.0,41.191219329833984,J
2015-06-15,42.849998474121094,42.209999084472656,42.68000030517578,42.29999923706055,960300.0,40.417274475097656,J
2015-06-16,42.72999954223633,42.18000030517578,42.290000915527344,42.68000030517578,689600.0,40.78036880493164,J
2015-06-17,43.16999816894531,42.5,42.849998474121094,42.790000915527344,688800.0,40.885467529296875,J
2015-06-18,43.31999969482422,42.709999084472656,42.939998626708984,43.189998626708984,877000.0,41.267662048339844,J
2015-06-19,43.70000076293945,43.060001373291016,43.119998931884766,43.540000915527344,1794100.0,41.602088928222656,J
2015-06-22,44.099998474121094,43.56999969482422,43.81999969482422,43.7599983215332,1393100.0,41.81229782104492,J
2015-06-23,44.02000045776367,43.560001373291016,43.7599983215332,43.86000061035156,1065900.0,41.90785217285156,J
2015-06-24,44.06999969482422,43.02000045776367,43.779998779296875,43.029998779296875,1064300.0,41.114784240722656,J
2015-06-25,43.2400016784668,42.40999984741211,43.060001373291016,42.5,828400.0,40.60838317871094,J
2015-06-26,42.72999954223633,42.13999938964844,42.5,42.22999954223633,1643200.0,40.35039520263672,J
2015-06-29,42.189998626708984,40.5099983215332,41.77000045776367,40.650001525878906,1769000.0,38.840721130371094,J
2015-06-30,41.279998779296875,40.52000045776367,41.119998931884766,40.619998931884766,1666900.0,38.81205368041992,J
2015-07-01,41.20000076293945,40.31999969482422,41.029998779296875,40.63999938964844,1008100.0,38.83116912841797,J
2015-07-02,41.0,40.25,40.75,40.41999816894531,861500.0,38.62094497680664,J
2015-07-06,40.33000183105469,39.689998626708984,39.83000183105469,39.91999816894531,1396500.0,38.14320373535156,J
2015-07-07,40.130001068115234,39.27000045776367,39.86000061035156,40.04999923706055,1836800.0,38.26742172241211,J
2015-07-08,40.18000030517578,39.59000015258789,39.68000030517578,39.86000061035156,2320900.0,38.085872650146484,J
2015-07-09,41.54999923706055,39.77000045776367,40.41999816894531,39.84000015258789,1632200.0,38.0667724609375,J
2015-07-10,40.43000030517578,39.83000183105469,40.29999923706055,40.150001525878906,1109800.0,38.36297607421875,J
2015-07-13,41.0099983215332,40.349998474121094,40.380001068115234,40.83000183105469,759600.0,39.01271057128906,J
2015-07-14,41.529998779296875,40.709999084472656,40.7400016784668,41.29999923706055,1721200.0,39.46177673339844,J
2015-07-15,41.2400016784668,40.09000015258789,40.9900016784668,40.189998626708984,1069200.0,38.40117645263672,J
2015-07-16,40.68000030517578,40.22999954223633,40.5,40.45000076293945,665800.0,38.64961242675781,J
2015-07-17,40.70000076293945,39.630001068115234,40.529998779296875,39.97999954223633,1273900.0,38.200538635253906,J
2015-07-20,40.29999923706055,39.630001068115234,39.93000030517578,40.25,950200.0,38.458526611328125,J
2015-07-21,40.97999954223633,40.220001220703125,40.220001220703125,40.779998779296875,1282500.0,38.96493148803711,J
2015-07-22,41.040000915527344,40.540000915527344,40.59000015258789,40.7599983215332,1256300.0,38.9458122253418,J
2015-07-23,41.08000183105469,40.2599983215332,40.81999969482422,40.290000915527344,2182500.0,38.49673843383789,J
2015-07-24,40.41999816894531,39.2400016784668,40.310001373291016,39.560001373291016,1738400.0,37.799224853515625,J
2015-07-27,39.720001220703125,38.880001068115234,39.06999969482422,39.599998474121094,1999900.0,37.837440490722656,J
2015-07-28,41.88999938964844,39.369998931884766,39.4900016784668,41.689998626708984,2804400.0,39.83443069458008,J
2015-07-29,43.02000045776367,41.689998626708984,41.900001525878906,42.689998626708984,2479100.0,40.789920806884766,J
2015-07-30,43.0,42.380001068115234,42.58000183105469,42.90999984741211,1258900.0,41.000118255615234,J
2015-07-31,43.27000045776367,41.650001525878906,43.04999923706055,42.119998931884766,2016600.0,40.24528884887695,J
2015-08-03,42.56999969482422,41.56999969482422,41.900001525878906,42.54999923706055,1921400.0,40.65614700317383,J
2015-08-04,43.0,42.380001068115234,42.7400016784668,42.41999816894531,1283300.0,40.53192901611328,J
2015-08-05,43.54999923706055,42.58000183105469,43.20000076293945,42.630001068115234,1790900.0,40.73259353637695,J
2015-08-06,43.650001525878906,42.58000183105469,42.7400016784668,43.4900016784668,2020700.0,41.55430603027344,J
2015-08-07,43.689998626708984,43.15999984741211,43.27000045776367,43.22999954223633,766000.0,41.30588150024414,J
2015-08-10,44.63999938964844,43.400001525878906,43.630001068115234,44.599998474121094,1157500.0,42.614906311035156,J
2015-08-11,44.560001373291016,43.59000015258789,44.099998474121094,44.34000015258789,1472900.0,42.36647415161133,J
2015-08-12,44.36000061035156,43.38999938964844,43.83000183105469,44.15999984741211,2506100.0,42.19449234008789,J
2015-08-13,44.209999084472656,43.59000015258789,43.84000015258789,43.790000915527344,1217300.0,41.84096145629883,J
2015-08-14,44.52000045776367,43.790000915527344,43.83000183105469,44.15999984741211,1124800.0,42.19449234008789,J
2015-08-17,44.11000061035156,43.4900016784668,43.869998931884766,43.939998626708984,1511200.0,41.98429489135742,J
2015-08-18,43.79999923706055,42.939998626708984,43.720001220703125,43.36000061035156,1135700.0,41.430091857910156,J
2015-08-19,43.58000183105469,42.810001373291016,43.0,43.040000915527344,1423200.0,41.124332427978516,J
2015-08-20,42.810001373291016,41.75,42.790000915527344,41.75,1306100.0,39.89175796508789,J
2015-08-21,41.630001068115234,40.279998779296875,41.36000061035156,40.310001373291016,1845800.0,38.51585006713867,J
2015-08-24,39.81999969482422,38.0099983215332,38.5,38.2599983215332,3069000.0,36.55708312988281,J
2015-08-25,39.43000030517578,37.04999923706055,39.43000030517578,37.04999923706055,2602900.0,35.40095520019531,J
2015-08-26,38.0099983215332,36.81999969482422,38.0,37.59000015258789,2564000.0,35.91691589355469,J
2015-08-27,39.560001373291016,38.040000915527344,38.119998931884766,39.400001525878906,1975600.0,37.6463508605957,J
2015-08-28,40.29999923706055,39.20000076293945,39.2400016784668,39.959999084472656,1644100.0,38.18142318725586,J
2015-08-31,40.7400016784668,39.5099983215332,39.66999816894531,40.40999984741211,1394000.0,38.611392974853516,J
2015-09-01,40.06999969482422,39.2400016784668,39.47999954223633,39.47999954223633,1674100.0,37.72279357910156,J
2015-09-02,40.06999969482422,39.27000045776367,40.02000045776367,39.970001220703125,1365400.0,38.19098663330078,J
2015-09-03,40.849998474121094,39.90999984741211,40.06999969482422,40.34000015258789,793900.0,38.54450988769531,J
2015-09-04,40.09000015258789,39.279998779296875,39.77000045776367,39.43000030517578,1065700.0,37.67501449584961,J
2015-09-08,40.31999969482422,39.88999938964844,40.150001525878906,40.06999969482422,1577300.0,38.28653335571289,J
2015-09-09,40.77000045776367,39.70000076293945,40.470001220703125,39.790000915527344,1051400.0,38.01899337768555,J
2015-09-10,40.04999923706055,39.119998931884766,39.810001373291016,39.84000015258789,1009800.0,38.0667724609375,J
2015-09-11,40.189998626708984,39.52000045776367,39.630001068115234,40.189998626708984,990200.0,38.40117645263672,J
2015-09-14,40.029998779296875,39.18000030517578,39.9900016784668,39.25,1595500.0,37.50303649902344,J
2015-09-15,39.650001525878906,39.150001525878906,39.650001525878906,39.20000076293945,2682300.0,37.45525360107422,J
2015-09-16,39.66999816894531,39.18000030517578,39.310001373291016,39.27000045776367,2768700.0,37.522132873535156,J
2015-09-17,39.91999816894531,39.11000061035156,39.2400016784668,39.20000076293945,2740400.0,37.45525360107422,J
2015-09-18,38.75,37.7400016784668,38.7400016784668,37.88999938964844,1827300.0,36.20355987548828,J
2015-09-21,38.20000076293945,37.689998626708984,38.150001525878906,37.97999954223633,2275900.0,36.289546966552734,J
2015-09-22,37.5,37.04999923706055,37.38999938964844,37.40999984741211,1871600.0,35.74491882324219,J
2015-09-23,37.63999938964844,36.900001525878906,37.560001373291016,37.0,1095700.0,35.35316848754883,J
2015-09-24,37.599998474121094,36.27000045776367,36.689998626708984,37.349998474121094,2343500.0,35.687591552734375,J
2015-09-25,37.720001220703125,37.209999084472656,37.70000076293945,37.36000061035156,1551800.0,35.697147369384766,J
2015-09-28,37.29999923706055,36.470001220703125,37.02000045776367,36.650001525878906,1739100.0,35.01875305175781,J
2015-09-29,37.369998931884766,36.54999923706055,36.66999816894531,37.310001373291016,1901100.0,35.64937210083008,J
2015-09-30,37.95000076293945,36.869998931884766,37.650001525878906,37.43000030517578,2873200.0,35.764041900634766,J
2015-10-01,37.709999084472656,36.599998474121094,37.61000061035156,36.7599983215332,2079000.0,35.12385559082031,J
2015-10-02,37.40999984741211,36.04999923706055,36.33000183105469,37.400001525878906,948300.0,35.735374450683594,J
2015-10-05,39.41999816894531,37.5099983215332,37.849998474121094,39.33000183105469,1529300.0,37.57947540283203,J
2015-10-06,40.31999969482422,39.02000045776367,39.25,39.7599983215332,1622200.0,37.99032974243164,J
2015-10-07,41.119998931884766,39.70000076293945,40.04999923706055,40.38999938964844,1720900.0,38.5922966003418,J
2015-10-08,41.400001525878906,40.15999984741211,40.22999954223633,41.2599983215332,1470000.0,39.423561096191406,J
2015-10-09,41.810001373291016,40.95000076293945,41.369998931884766,41.349998474121094,1024700.0,39.50955581665039,J
2015-10-12,41.470001220703125,40.619998931884766,41.369998931884766,40.90999984741211,680600.0,39.08914566040039,J
2015-10-13,41.439998626708984,40.619998931884766,40.63999938964844,40.880001068115234,1214100.0,39.060482025146484,J
2015-10-14,41.209999084472656,40.5099983215332,40.7400016784668,40.650001525878906,1143600.0,38.840721130371094,J
2015-10-15,40.849998474121094,39.66999816894531,40.66999816894531,40.56999969482422,1248300.0,38.7642707824707,J
2015-10-16,40.689998626708984,38.790000915527344,40.470001220703125,39.31999969482422,1597600.0,37.56991195678711,J
2015-10-19,39.4900016784668,38.88999938964844,38.95000076293945,39.06999969482422,1032300.0,37.33103561401367,J
2015-10-20,40.029998779296875,38.83000183105469,38.84000015258789,39.34000015258789,1423900.0,37.58902359008789,J
2015-10-21,39.66999816894531,38.880001068115234,39.5099983215332,38.93000030517578,831100.0,37.197265625,J
2015-10-22,39.83000183105469,38.970001220703125,39.09000015258789,39.18000030517578,1004200.0,37.4361572265625,J
2015-10-23,39.970001220703125,39.279998779296875,39.43000030517578,39.75,1052100.0,37.98077392578125,J
2015-10-26,39.95000076293945,39.5099983215332,39.65999984741211,39.66999816894531,671400.0,37.90432357788086,J
2015-10-27,39.540000915527344,37.790000915527344,39.2400016784668,37.869998931884766,1321000.0,36.1844482421875,J
2015-10-28,39.369998931884766,38.0099983215332,38.08000183105469,38.88999938964844,1197000.0,37.1590461730957,J
2015-10-29,39.2400016784668,38.619998931884766,38.70000076293945,39.040000915527344,831800.0,37.30237579345703,J
2015-10-30,40.369998931884766,39.040000915527344,39.150001525878906,40.13999938964844,1241900.0,38.35342025756836,J
2015-11-02,41.310001373291016,40.08000183105469,40.119998931884766,41.2400016784668,778100.0,39.40446090698242,J
2015-11-03,41.900001525878906,40.90999984741211,41.27000045776367,41.59000015258789,907100.0,39.73887634277344,J
2015-11-04,41.880001068115234,41.33000183105469,41.61000061035156,41.56999969482422,689400.0,39.71976089477539,J
2015-11-05,42.060001373291016,41.150001525878906,41.439998626708984,41.84000015258789,714900.0,39.97775650024414,J
2015-11-06,41.7400016784668,40.88999938964844,41.40999984741211,41.209999084472656,716500.0,39.375789642333984,J
2015-11-09,41.29999923706055,40.310001373291016,41.16999816894531,41.099998474121094,1243700.0,39.270687103271484,J
2015-11-10,41.7400016784668,40.709999084472656,41.09000015258789,41.5,831200.0,39.65287780761719,J
2015-11-11,41.709999084472656,41.16999816894531,41.709999084472656,41.54999923706055,520300.0,39.70066452026367,J
2015-11-12,41.38999938964844,40.41999816894531,41.040000915527344,40.43000030517578,845200.0,38.63051223754883,J
2015-11-13,41.25,40.439998626708984,40.560001373291016,40.720001220703125,1012200.0,38.90760040283203,J
2015-11-16,41.5,40.439998626708984,40.599998474121094,41.459999084472656,808200.0,39.61466979980469,J
2015-11-17,41.720001220703125,40.68000030517578,41.459999084472656,40.93000030517578,985800.0,39.108245849609375,J
2015-11-18,41.86000061035156,41.0099983215332,41.11000061035156,41.83000183105469,920300.0,39.96820831298828,J
2015-11-19,42.779998779296875,41.70000076293945,41.72999954223633,42.7400016784668,1392600.0,40.83769607543945,J
2015-11-20,42.88999938964844,42.2400016784668,42.790000915527344,42.380001068115234,1621700.0,40.49371337890625,J
2015-11-23,43.65999984741211,40.400001525878906,40.459999084472656,43.540000915527344,2504600.0,41.602088928222656,J
2015-11-24,44.61000061035156,43.45000076293945,43.5,43.970001220703125,2418900.0,42.01294708251953,J
2015-11-25,44.029998779296875,43.189998626708984,43.95000076293945,43.25,1185900.0,41.324989318847656,J
2015-11-27,43.83000183105469,43.150001525878906,43.25,43.470001220703125,609600.0,41.53520584106445,J
2015-11-30,44.13999938964844,43.04999923706055,43.599998474121094,44.13999938964844,1349400.0,42.175392150878906,J
2015-12-01,45.130001068115234,43.9900016784668,44.11000061035156,44.959999084472656,1390300.0,42.95888137817383,J
2015-12-02,45.40999984741211,43.95000076293945,44.93000030517578,44.13999938964844,1208300.0,42.175392150878906,J
2015-12-03,45.08000183105469,44.08000183105469,44.349998474121094,44.72999954223633,1710600.0,42.73912048339844,J
2015-12-04,45.150001525878906,44.09000015258789,44.540000915527344,44.599998474121094,1559600.0,42.614906311035156,J
2015-12-07,44.63999938964844,43.720001220703125,44.2599983215332,43.900001525878906,1344100.0,41.946067810058594,J
2015-12-08,43.45000076293945,42.63999938964844,43.20000076293945,43.02000045776367,1534700.0,41.10523223876953,J
2015-12-09,43.7400016784668,42.54999923706055,42.9900016784668,42.77000045776367,1177100.0,40.866355895996094,J
2015-12-10,43.099998474121094,42.65999984741211,42.849998474121094,42.75,795300.0,40.847232818603516,J
2015-12-11,42.61000061035156,41.790000915527344,42.16999816894531,41.869998931884766,1046300.0,40.006412506103516,J
2015-12-14,41.869998931884766,41.22999954223633,41.81999969482422,41.70000076293945,913000.0,39.84397888183594,J
2015-12-15,42.439998626708984,41.81999969482422,42.099998474121094,42.150001525878906,905200.0,40.273956298828125,J
2015-12-16,42.77000045776367,41.849998474121094,42.369998931884766,42.56999969482422,1312000.0,40.675262451171875,J
2015-12-17,42.599998474121094,41.4900016784668,42.599998474121094,41.599998474121094,677800.0,39.74842834472656,J
2015-12-18,41.66999816894531,40.779998779296875,41.38999938964844,40.779998779296875,1199100.0,38.96493148803711,J
2015-12-21,41.369998931884766,40.63999938964844,40.97999954223633,40.939998626708984,1193100.0,39.11781692504883,J
2015-12-22,42.130001068115234,40.91999816894531,41.119998931884766,41.97999954223633,662400.0,40.11152267456055,J
2015-12-23,43.47999954223633,42.130001068115234,42.439998626708984,43.36000061035156,707900.0,41.430091857910156,J
2015-12-24,43.59000015258789,43.13999938964844,43.279998779296875,43.29999923706055,250400.0,41.372779846191406,J
2015-12-28,43.2599983215332,42.36000061035156,42.9900016784668,42.66999816894531,625400.0,40.77080535888672,J
2015-12-29,43.34000015258789,42.68000030517578,42.95000076293945,43.06999969482422,692800.0,41.15299987792969,J
2015-12-30,43.18000030517578,42.41999816894531,42.779998779296875,42.41999816894531,577500.0,40.53192901611328,J
2015-12-31,42.599998474121094,41.95000076293945,42.209999084472656,41.95000076293945,510900.0,40.082855224609375,J
2016-01-04,41.939998626708984,41.040000915527344,41.349998474121094,41.91999816894531,654100.0,40.05418395996094,J
2016-01-05,42.119998931884766,41.040000915527344,41.75,41.33000183105469,632000.0,39.49045181274414,J
2016-01-06,40.900001525878906,40.29999923706055,40.47999954223633,40.529998779296875,861600.0,38.72604751586914,J
2016-01-07,40.29999923706055,39.27000045776367,39.88999938964844,39.439998626708984,1074200.0,37.6845703125,J
2016-01-08,39.95000076293945,38.59000015258789,39.599998474121094,38.75,1070300.0,37.0252799987793,J
2016-01-11,39.15999984741211,38.0,38.86000061035156,38.400001525878906,1368600.0,36.69086456298828,J
2016-01-12,39.16999816894531,38.290000915527344,38.900001525878906,39.060001373291016,1205600.0,37.32149124145508,J
2016-01-13,39.630001068115234,37.83000183105469,39.38999938964844,38.25,1376000.0,36.547542572021484,J
2016-01-14,38.810001373291016,37.59000015258789,38.54999923706055,38.380001068115234,875400.0,36.671749114990234,J
2016-01-15,37.790000915527344,36.75,37.130001068115234,37.63999938964844,1323800.0,35.964683532714844,J
2016-01-19,38.20000076293945,36.2599983215332,38.0,36.439998626708984,1269900.0,34.818092346191406,J
2016-01-20,37.189998626708984,35.20000076293945,35.869998931884766,36.779998779296875,2028300.0,35.14295959472656,J
2016-01-21,37.439998626708984,36.369998931884766,36.869998931884766,36.619998931884766,984200.0,34.99009704589844,J
2016-01-22,38.40999984741211,36.900001525878906,37.40999984741211,37.40999984741211,973800.0,35.74491882324219,J
2016-01-25,37.70000076293945,36.650001525878906,37.119998931884766,36.720001220703125,833700.0,35.085636138916016,J
2016-01-26,37.470001220703125,36.540000915527344,36.88999938964844,37.459999084472656,1762300.0,35.792694091796875,J
2016-01-27,38.33000183105469,36.9900016784668,37.400001525878906,37.459999084472656,1210400.0,35.792694091796875,J
2016-01-28,38.09000015258789,37.38999938964844,37.88999938964844,37.720001220703125,698900.0,36.0411262512207,J
2016-01-29,39.22999954223633,37.45000076293945,37.81999969482422,39.22999954223633,1255500.0,37.483917236328125,J
2016-02-01,39.220001220703125,38.150001525878906,38.790000915527344,39.130001068115234,1082900.0,37.388370513916016,J
2016-02-02,38.90999984741211,38.11000061035156,38.130001068115234,38.65999984741211,1729500.0,36.939292907714844,J
2016-02-03,38.84000015258789,36.189998626708984,38.84000015258789,37.349998474121094,3067800.0,35.687591552734375,J
2016-02-04,38.27000045776367,37.11000061035156,37.220001220703125,37.400001525878906,1948900.0,35.735374450683594,J
2016-02-05,37.970001220703125,36.81999969482422,37.2599983215332,37.04999923706055,1707200.0,35.40095520019531,J
2016-02-08,36.619998931884766,34.970001220703125,36.47999954223633,35.709999084472656,1245300.0,34.120582580566406,J
2016-02-09,35.779998779296875,35.099998474121094,35.349998474121094,35.5,1296600.0,33.9199333190918,J
2016-02-10,36.02000045776367,35.38999938964844,35.66999816894531,35.400001525878906,932100.0,33.82439422607422,J
2016-02-11,35.58000183105469,34.7599983215332,34.90999984741211,35.060001373291016,1448000.0,33.4995231628418,J
2016-02-12,36.16999816894531,34.95000076293945,35.369998931884766,36.08000183105469,1125500.0,34.474117279052734,J
2016-02-16,37.22999954223633,36.040000915527344,36.790000915527344,37.209999084472656,1022000.0,35.5538215637207,J
2016-02-17,38.84000015258789,37.689998626708984,37.689998626708984,38.43000030517578,1075900.0,36.71952438354492,J
2016-02-18,38.79999923706055,37.58000183105469,38.66999816894531,38.0,678200.0,36.308658599853516,J
2016-02-19,38.119998931884766,36.689998626708984,37.43000030517578,37.9900016784668,820700.0,36.299102783203125,J
2016-02-22,39.189998626708984,38.459999084472656,38.459999084472656,38.630001068115234,892800.0,36.91062927246094,J
2016-02-23,39.130001068115234,38.04999923706055,38.43000030517578,38.22999954223633,697500.0,36.52842712402344,J
2016-02-24,38.54999923706055,37.27000045776367,37.68000030517578,38.5099983215332,591000.0,36.79596710205078,J
2016-02-25,38.9900016784668,37.91999816894531,38.689998626708984,38.470001220703125,463000.0,36.757747650146484,J
2016-02-26,39.15999984741211,38.59000015258789,38.86000061035156,38.86000061035156,670100.0,37.13038635253906,J
2016-02-29,39.099998474121094,38.2599983215332,38.84000015258789,38.650001525878906,790300.0,36.92973327636719,J
2016-03-01,39.7400016784668,38.7599983215332,38.880001068115234,39.65999984741211,633600.0,37.8947868347168,J
2016-03-02,40.099998474121094,39.31999969482422,39.47999954223633,39.97999954223633,519600.0,38.200538635253906,J
2016-03-03,40.70000076293945,39.970001220703125,40.040000915527344,40.58000183105469,616300.0,38.773834228515625,J
2016-03-04,40.849998474121094,40.15999984741211,40.70000076293945,40.72999954223633,1076000.0,38.91715621948242,J
2016-03-07,41.91999816894531,40.58000183105469,40.58000183105469,41.75,1154800.0,39.89175796508789,J
2016-03-08,41.61000061035156,40.400001525878906,41.40999984741211,40.7599983215332,861100.0,38.9458122253418,J
2016-03-09,41.09000015258789,40.47999954223633,41.09000015258789,40.75,599700.0,38.9362678527832,J
2016-03-10,40.970001220703125,39.880001068115234,40.81999969482422,40.599998474121094,569100.0,38.79294204711914,J
2016-03-11,41.93000030517578,40.880001068115234,40.91999816894531,41.75,709300.0,39.89175796508789,J
2016-03-14,41.68000030517578,40.93000030517578,41.47999954223633,41.4900016784668,509200.0,39.64332580566406,J
2016-03-15,41.54999923706055,40.86000061035156,41.040000915527344,41.36000061035156,621900.0,39.51911163330078,J
2016-03-16,42.650001525878906,41.13999938964844,41.220001220703125,42.380001068115234,961400.0,40.49371337890625,J
2016-03-17,43.97999954223633,42.310001373291016,42.380001068115234,43.86000061035156,1336200.0,41.90785217285156,J
2016-03-18,44.56999969482422,43.72999954223633,43.97999954223633,44.08000183105469,818100.0,42.11804962158203,J
2016-03-21,44.18000030517578,43.65999984741211,43.90999984741211,44.13999938964844,484800.0,42.175392150878906,J
2016-03-22,44.77000045776367,43.90999984741211,44.119998931884766,44.59000015258789,661900.0,42.60536193847656,J
2016-03-23,44.400001525878906,43.630001068115234,44.29999923706055,43.65999984741211,615100.0,41.71674346923828,J
2016-03-24,43.400001525878906,42.91999816894531,43.349998474121094,43.27000045776367,700600.0,41.3441047668457,J
2016-03-28,43.54999923706055,42.7599983215332,43.5,43.02000045776367,690500.0,41.10523223876953,J
2016-03-29,43.529998779296875,42.529998779296875,42.869998931884766,43.529998779296875,760100.0,41.592525482177734,J
2016-03-30,43.9900016784668,43.4900016784668,43.959999084472656,43.77000045776367,482800.0,41.82184600830078,J
2016-03-31,43.790000915527344,43.400001525878906,43.720001220703125,43.54999923706055,627800.0,41.61164474487305,J
2016-04-01,43.77000045776367,42.5,43.08000183105469,43.7599983215332,986800.0,41.81229782104492,J
2016-04-04,43.77000045776367,42.939998626708984,43.720001220703125,43.040000915527344,565600.0,41.124332427978516,J
2016-04-05,42.869998931884766,42.2400016784668,42.56999969482422,42.43000030517578,908600.0,40.54148483276367,J
2016-04-06,42.70000076293945,41.91999816894531,42.5099983215332,42.279998779296875,1405300.0,40.39817428588867,J
2016-04-07,41.97999954223633,40.93000030517578,41.83000183105469,40.9900016784668,1457100.0,39.16558837890625,J
2016-04-08,42.029998779296875,41.029998779296875,41.4900016784668,41.20000076293945,503000.0,39.36623764038086,J
2016-04-11,41.88999938964844,41.189998626708984,41.459999084472656,41.470001220703125,694400.0,39.624229431152344,J
2016-04-12,42.09000015258789,41.36000061035156,41.439998626708984,41.79999923706055,971700.0,39.939537048339844,J
2016-04-13,43.060001373291016,41.939998626708984,41.959999084472656,42.95000076293945,557500.0,41.03835678100586,J
2016-04-14,43.099998474121094,42.290000915527344,43.06999969482422,42.380001068115234,810600.0,40.49371337890625,J
2016-04-15,42.52000045776367,41.9900016784668,42.22999954223633,42.15999984741211,752600.0,40.28350067138672,J
2016-04-18,42.68000030517578,41.77000045776367,41.880001068115234,42.599998474121094,339800.0,40.70393371582031,J
2016-04-19,43.27000045776367,42.70000076293945,42.79999923706055,42.959999084472656,371900.0,41.04790496826172,J
2016-04-20,43.61000061035156,42.91999816894531,43.119998931884766,43.380001068115234,515300.0,41.44920349121094,J
2016-04-21,43.66999816894531,43.279998779296875,43.34000015258789,43.380001068115234,544000.0,41.44920349121094,J
2016-04-22,44.04999923706055,43.5,43.529998779296875,43.77000045776367,571100.0,41.82184600830078,J
2016-04-25,43.97999954223633,43.34000015258789,43.529998779296875,43.61000061035156,542700.0,41.668968200683594,J
2016-04-26,44.52000045776367,43.810001373291016,43.810001373291016,44.380001068115234,589800.0,42.404693603515625,J
2016-04-27,45.040000915527344,44.349998474121094,44.400001525878906,44.95000076293945,414800.0,42.949337005615234,J
2016-04-28,45.29999923706055,44.36000061035156,44.5099983215332,44.5,634500.0,42.51935958862305,J
2016-04-29,45.09000015258789,44.27000045776367,44.38999938964844,44.58000183105469,642300.0,42.59579849243164,J
2016-05-02,44.880001068115234,44.209999084472656,44.619998931884766,44.880001068115234,486100.0,42.8824462890625,J
2016-05-03,45.18000030517578,43.93000030517578,44.310001373291016,45.06999969482422,2139800.0,43.063987731933594,J
2016-05-04,45.209999084472656,44.06999969482422,45.0,44.45000076293945,1060900.0,42.47158432006836,J
2016-05-05,46.619998931884766,44.439998626708984,45.0,46.59000015258789,1760200.0,44.51634216308594,J
2016-05-06,48.66999816894531,46.380001068115234,46.54999923706055,48.650001525878906,2808100.0,46.48464584350586,J
2016-05-09,50.040000915527344,48.720001220703125,49.04999923706055,49.2400016784668,2458100.0,47.048377990722656,J
2016-05-10,50.59000015258789,49.29999923706055,49.560001373291016,50.43000030517578,1593000.0,48.185428619384766,J
2016-05-11,50.52000045776367,50.0099983215332,50.400001525878906,50.06999969482422,1135700.0,47.84143829345703,J
2016-05-12,50.720001220703125,49.790000915527344,50.29999923706055,49.810001373291016,1339100.0,47.593013763427734,J
2016-05-13,50.20000076293945,48.97999954223633,49.810001373291016,49.13999938964844,1091900.0,46.95283126831055,J
2016-05-16,50.380001068115234,49.36000061035156,49.43000030517578,50.119998931884766,1307900.0,47.88921356201172,J
2016-05-17,50.25,49.2400016784668,50.0,49.31999969482422,1363600.0,47.124820709228516,J
2016-05-18,50.150001525878906,48.70000076293945,49.189998626708984,49.400001525878906,2121500.0,47.20125961303711,J
2016-05-19,49.369998931884766,48.34000015258789,48.95000076293945,48.91999816894531,1052700.0,46.74263000488281,J
2016-05-20,49.689998626708984,49.0,49.36000061035156,49.220001220703125,1052900.0,47.02928161621094,J
2016-05-23,49.34000015258789,48.40999984741211,49.16999816894531,48.63999938964844,1677500.0,46.475093841552734,J
2016-05-24,49.09000015258789,48.68000030517578,49.0,49.0,1198000.0,46.819068908691406,J
2016-05-25,50.220001220703125,49.369998931884766,49.47999954223633,50.02000045776367,873500.0,47.793663024902344,J
2016-05-26,50.38999938964844,49.630001068115234,50.18000030517578,50.02000045776367,606300.0,47.793663024902344,J
2016-05-27,50.16999816894531,49.70000076293945,49.90999984741211,50.150001525878906,566900.0,47.917884826660156,J
2016-05-31,50.83000183105469,50.02000045776367,50.16999816894531,50.689998626708984,1031100.0,48.43384552001953,J
2016-06-01,51.0,50.25,50.470001220703125,50.880001068115234,946900.0,48.61539077758789,J
2016-06-02,51.060001373291016,50.459999084472656,50.65999984741211,50.779998779296875,1214600.0,48.51983642578125,J
2016-06-03,51.75,50.4900016784668,51.06999969482422,51.5,1037900.0,49.20779800415039,J
2016-06-06,51.97999954223633,51.38999938964844,51.619998931884766,51.959999084472656,840300.0,49.64731979370117,J
2016-06-07,52.0,51.54999923706055,51.880001068115234,51.77000045776367,619300.0,49.46578598022461,J
2016-06-08,52.9900016784668,51.95000076293945,51.9900016784668,52.61000061035156,1164500.0,50.268394470214844,J
2016-06-09,52.54999923706055,51.77000045776367,52.22999954223633,52.5099983215332,678100.0,50.17283630371094,J
2016-06-10,52.11000061035156,51.41999816894531,51.93000030517578,51.560001373291016,702900.0,49.265132904052734,J
2016-06-13,51.619998931884766,50.709999084472656,51.34000015258789,50.72999954223633,774200.0,48.47206497192383,J
2016-06-14,51.09000015258789,50.5099983215332,50.720001220703125,51.02000045776367,524900.0,48.74916076660156,J
2016-06-15,51.529998779296875,50.959999084472656,51.279998779296875,51.029998779296875,1028400.0,48.75871658325195,J
2016-06-16,51.0099983215332,50.18000030517578,50.70000076293945,50.970001220703125,652700.0,48.70138168334961,J
2016-06-17,51.459999084472656,50.810001373291016,51.0,51.2400016784668,1045000.0,48.95936584472656,J
2016-06-20,52.47999954223633,51.90999984741211,51.959999084472656,52.38999938964844,711900.0,50.058189392089844,J
2016-06-21,52.369998931884766,51.790000915527344,52.279998779296875,52.20000076293945,589200.0,49.87664031982422,J
2016-06-22,52.650001525878906,52.16999816894531,52.41999816894531,52.31999969482422,447300.0,49.991294860839844,J
2016-06-23,53.33000183105469,52.70000076293945,52.97999954223633,53.099998474121094,858900.0,50.736576080322266,J
2016-06-24,51.45000076293945,49.439998626708984,49.959999084472656,49.66999816894531,1802500.0,47.45924377441406,J
2016-06-27,50.34000015258789,47.470001220703125,49.20000076293945,47.650001525878906,1149600.0,45.5291633605957,J
2016-06-28,48.4900016784668,47.13999938964844,48.29999923706055,47.86000061035156,1203200.0,45.72980880737305,J
2016-06-29,48.970001220703125,47.79999923706055,48.56999969482422,48.75,1112800.0,46.58019256591797,J
2016-06-30,49.9900016784668,48.5099983215332,48.88999938964844,49.810001373291016,1172100.0,47.593013763427734,J
2016-07-01,50.58000183105469,49.5099983215332,49.900001525878906,49.7400016784668,649900.0,47.526126861572266,J
2016-07-05,49.61000061035156,48.130001068115234,49.61000061035156,48.650001525878906,1058200.0,46.48464584350586,J
2016-07-06,49.810001373291016,48.2599983215332,48.56999969482422,49.779998779296875,1022100.0,47.564353942871094,J
2016-07-07,50.45000076293945,49.75,49.90999984741211,49.970001220703125,870300.0,47.74589538574219,J
2016-07-08,51.36000061035156,50.29999923706055,50.38999938964844,51.25,548400.0,48.96892547607422,J
2016-07-11,52.22999954223633,51.529998779296875,51.529998779296875,51.849998474121094,1062900.0,49.54220962524414,J
2016-07-12,53.27000045776367,52.02000045776367,52.02000045776367,53.09000015258789,1000200.0,50.72702407836914,J
2016-07-13,53.7400016784668,52.58000183105469,53.540000915527344,52.790000915527344,627200.0,50.440364837646484,J
2016-07-14,53.4900016784668,52.810001373291016,53.13999938964844,52.84000015258789,635600.0,50.48815155029297,J
2016-07-15,53.2599983215332,52.540000915527344,52.900001525878906,52.70000076293945,614300.0,50.354393005371094,J
2016-07-18,53.08000183105469,52.20000076293945,52.63999938964844,52.619998931884766,749400.0,50.27794647216797,J
2016-07-19,52.7400016784668,52.18000030517578,52.63999938964844,52.4900016784668,510200.0,50.15373992919922,J
2016-07-20,53.40999984741211,52.04999923706055,52.459999084472656,53.31999969482422,587900.0,50.94679260253906,J
2016-07-21,53.9900016784668,53.040000915527344,53.45000076293945,53.349998474121094,644500.0,50.97545623779297,J
2016-07-22,53.34000015258789,52.88999938964844,53.2599983215332,53.08000183105469,750700.0,50.717472076416016,J
2016-07-25,53.13999938964844,52.65999984741211,52.869998931884766,52.9900016784668,413700.0,50.6314811706543,J
2016-07-26,53.900001525878906,53.130001068115234,53.20000076293945,53.869998931884766,525600.0,51.472312927246094,J
2016-07-27,54.540000915527344,53.77000045776367,53.900001525878906,54.470001220703125,837700.0,52.04561233520508,J
2016-07-28,54.5,53.650001525878906,54.33000183105469,54.08000183105469,400700.0,51.67295837402344,J
2016-07-29,54.029998779296875,53.29999923706055,54.029998779296875,53.52000045776367,598200.0,51.13787841796875,J
2016-08-01,53.72999954223633,52.869998931884766,53.45000076293945,53.4900016784668,619500.0,51.10921859741211,J
2016-08-02,53.45000076293945,52.689998626708984,53.380001068115234,52.9900016784668,805400.0,50.6314811706543,J
2016-08-03,53.099998474121094,52.5,52.93000030517578,53.0,642500.0,50.64103317260742,J
2016-08-04,53.43000030517578,52.779998779296875,52.93000030517578,53.0099983215332,575500.0,50.65058517456055,J
2016-08-05,53.939998626708984,53.25,53.2599983215332,53.7599983215332,1176300.0,51.36720657348633,J
2016-08-08,54.380001068115234,53.29999923706055,53.91999816894531,53.38999938964844,1129800.0,51.013675689697266,J
2016-08-09,55.88999938964844,53.529998779296875,54.290000915527344,55.56999969482422,1449500.0,53.096649169921875,J
2016-08-10,55.5,54.5,55.380001068115234,54.619998931884766,1237000.0,52.188926696777344,J
2016-08-11,55.0,53.380001068115234,54.470001220703125,54.40999984741211,1225500.0,51.9882698059082,J
2016-08-12,54.31999969482422,53.380001068115234,54.220001220703125,53.5099983215332,723700.0,51.128334045410156,J
2016-08-15,54.529998779296875,53.5099983215332,53.75,54.25,621800.0,51.83539581298828,J
2016-08-16,54.22999954223633,53.400001525878906,53.93000030517578,53.689998626708984,742600.0,51.300323486328125,J
2016-08-17,53.84000015258789,53.06999969482422,53.779998779296875,53.279998779296875,798000.0,50.90857696533203,J
2016-08-18,54.040000915527344,53.27000045776367,53.380001068115234,53.970001220703125,521700.0,51.56786346435547,J
2016-08-19,53.869998931884766,53.130001068115234,53.83000183105469,53.72999954223633,790700.0,51.338531494140625,J
2016-08-22,54.15999984741211,53.25,53.61000061035156,54.09000015258789,537900.0,51.68251419067383,J
2016-08-23,54.77000045776367,54.220001220703125,54.220001220703125,54.63999938964844,406200.0,52.208038330078125,J
2016-08-24,54.810001373291016,53.9900016784668,54.38999938964844,54.11000061035156,418000.0,51.701629638671875,J
2016-08-25,54.41999816894531,53.90999984741211,54.040000915527344,54.349998474121094,763600.0,51.93095016479492,J
2016-08-26,55.2400016784668,54.20000076293945,54.630001068115234,54.47999954223633,716600.0,52.05515670776367,J
2016-08-29,55.130001068115234,54.33000183105469,54.400001525878906,54.75,909500.0,52.313148498535156,J
2016-08-30,54.86000061035156,53.41999816894531,54.75,53.47999954223633,780700.0,51.09967041015625,J
2016-08-31,53.18000030517578,52.34000015258789,53.18000030517578,52.689998626708984,745900.0,50.34482955932617,J
2016-09-01,53.040000915527344,51.720001220703125,52.720001220703125,52.029998779296875,1017300.0,49.71420669555664,J
2016-09-02,52.459999084472656,51.90999984741211,52.41999816894531,52.25,956400.0,49.924415588378906,J
2016-09-06,52.790000915527344,51.400001525878906,52.459999084472656,51.65999984741211,709000.0,49.36067199707031,J
2016-09-07,51.86000061035156,51.27000045776367,51.5,51.779998779296875,802100.0,49.4753303527832,J
2016-09-08,52.08000183105469,51.540000915527344,51.86000061035156,51.56999969482422,740800.0,49.274688720703125,J
2016-09-09,51.279998779296875,50.13999938964844,51.189998626708984,50.150001525878906,758700.0,47.917884826660156,J
2016-09-12,50.91999816894531,49.70000076293945,49.84000015258789,50.61000061035156,798800.0,48.3574104309082,J
2016-09-13,50.5099983215332,49.90999984741211,50.09000015258789,50.150001525878906,670700.0,47.917884826660156,J
2016-09-14,50.27000045776367,49.209999084472656,50.150001525878906,49.29999923706055,705700.0,47.105716705322266,J
2016-09-15,50.310001373291016,49.16999816894531,49.369998931884766,50.13999938964844,594800.0,47.908329010009766,J
2016-09-16,49.86000061035156,49.150001525878906,49.86000061035156,49.66999816894531,736400.0,47.45924377441406,J
2016-09-19,50.58000183105469,49.880001068115234,49.880001068115234,50.27000045776367,789000.0,48.03254318237305,J
2016-09-20,50.77000045776367,49.900001525878906,50.63999938964844,49.90999984741211,377200.0,47.68856430053711,J
2016-09-21,50.68000030517578,49.63999938964844,49.959999084472656,50.63999938964844,561000.0,48.386070251464844,J
2016-09-22,51.470001220703125,50.869998931884766,51.15999984741211,51.209999084472656,379000.0,48.93070983886719,J
2016-09-23,51.470001220703125,50.63999938964844,51.060001373291016,50.650001525878906,412400.0,48.395633697509766,J
2016-09-26,51.06999969482422,50.400001525878906,50.47999954223633,50.709999084472656,336000.0,48.45296859741211,J
2016-09-27,50.93000030517578,50.34000015258789,50.630001068115234,50.75,908700.0,48.491188049316406,J
2016-09-28,52.2599983215332,51.099998474121094,51.099998474121094,52.209999084472656,837100.0,49.88619613647461,J
2016-09-29,52.790000915527344,51.939998626708984,52.209999084472656,51.959999084472656,533000.0,49.64731979370117,J
2016-09-30,52.189998626708984,51.68000030517578,51.970001220703125,51.720001220703125,1165600.0,49.41800308227539,J
2016-10-03,51.9900016784668,51.02000045776367,51.47999954223633,51.959999084472656,777500.0,49.64731979370117,J
2016-10-04,52.310001373291016,51.279998779296875,51.93000030517578,51.31999969482422,564900.0,49.03580856323242,J
2016-10-05,52.529998779296875,51.68000030517578,51.72999954223633,52.33000183105469,623000.0,50.0008544921875,J
2016-10-06,52.40999984741211,51.66999816894531,52.119998931884766,52.38999938964844,643600.0,50.058189392089844,J
2016-10-07,52.41999816894531,51.75,52.41999816894531,51.83000183105469,648700.0,49.523109436035156,J
2016-10-10,52.58000183105469,51.79999923706055,52.27000045776367,51.84000015258789,359800.0,49.532657623291016,J
2016-10-11,51.619998931884766,49.9900016784668,51.61000061035156,50.099998474121094,570300.0,47.87010955810547,J
2016-10-12,50.66999816894531,49.619998931884766,50.06999969482422,50.36000061035156,813600.0,48.1185417175293,J
2016-10-13,50.380001068115234,49.68000030517578,49.81999969482422,50.189998626708984,519600.0,47.95609664916992,J
2016-10-14,50.77000045776367,50.04999923706055,50.439998626708984,50.04999923706055,783300.0,47.82233428955078,J
2016-10-17,50.7400016784668,49.93000030517578,50.04999923706055,50.279998779296875,432500.0,48.04209518432617,J
2016-10-18,51.130001068115234,50.459999084472656,50.95000076293945,50.58000183105469,510000.0,48.32874298095703,J
2016-10-19,51.119998931884766,50.720001220703125,50.84000015258789,50.779998779296875,449200.0,48.51983642578125,J
2016-10-20,50.810001373291016,50.209999084472656,50.4900016784668,50.66999816894531,496000.0,48.41473388671875,J
2016-10-21,50.720001220703125,49.84000015258789,50.22999954223633,50.54999923706055,514100.0,48.300079345703125,J
2016-10-24,51.22999954223633,50.79999923706055,50.95000076293945,50.97999954223633,387700.0,48.71094512939453,J
2016-10-25,51.06999969482422,50.38999938964844,50.709999084472656,50.43000030517578,798100.0,48.185428619384766,J
2016-10-26,51.18000030517578,49.900001525878906,50.04999923706055,50.869998931884766,468300.0,48.605838775634766,J
2016-10-27,51.33000183105469,50.61000061035156,51.22999954223633,50.68000030517578,495800.0,48.424293518066406,J
2016-10-28,51.84000015258789,50.7400016784668,50.7599983215332,51.099998474121094,510200.0,48.82559585571289,J
2016-10-31,51.779998779296875,51.18000030517578,51.380001068115234,51.58000183105469,532300.0,49.28423309326172,J
2016-11-01,51.9900016784668,50.220001220703125,51.9900016784668,50.75,957100.0,48.491188049316406,J
2016-11-02,51.20000076293945,50.29999923706055,50.720001220703125,50.54999923706055,518400.0,48.300079345703125,J
2016-11-03,51.209999084472656,50.099998474121094,50.75,51.029998779296875,570800.0,48.75871658325195,J
2016-11-04,50.79999923706055,49.25,50.790000915527344,49.25,1078700.0,47.05794143676758,J
2016-11-07,50.290000915527344,49.15999984741211,50.150001525878906,49.41999816894531,1492100.0,47.22036361694336,J
2016-11-08,50.380001068115234,49.16999816894531,49.43000030517578,49.9900016784668,869000.0,47.76499938964844,J
2016-11-09,55.95000076293945,53.029998779296875,53.029998779296875,54.90999984741211,2822200.0,52.46602249145508,J
2016-11-10,56.689998626708984,55.290000915527344,55.59000015258789,55.88999938964844,1673500.0,53.402408599853516,J
2016-11-11,56.209999084472656,55.310001373291016,55.77000045776367,55.619998931884766,1122300.0,53.14441680908203,J
2016-11-14,58.900001525878906,55.720001220703125,56.16999816894531,58.630001068115234,2709700.0,56.02044677734375,J
2016-11-15,59.279998779296875,58.09000015258789,58.90999984741211,59.189998626708984,1534500.0,56.5555305480957,J
2016-11-16,59.189998626708984,58.310001373291016,58.720001220703125,58.630001068115234,1456600.0,56.02044677734375,J
2016-11-17,58.97999954223633,58.47999954223633,58.709999084472656,58.83000183105469,890900.0,56.211551666259766,J
2016-11-18,58.75,57.90999984741211,58.619998931884766,58.150001525878906,955100.0,55.56181716918945,J
2016-11-21,58.70000076293945,57.91999816894531,58.5,58.0,1084800.0,55.418495178222656,J
2016-11-22,59.720001220703125,57.27000045776367,57.54999923706055,59.31999969482422,3155200.0,56.67974090576172,J
2016-11-23,61.7599983215332,59.20000076293945,59.20000076293945,61.689998626708984,1950100.0,58.944252014160156,J
2016-11-25,62.27000045776367,61.380001068115234,62.099998474121094,62.16999816894531,637200.0,59.402889251708984,J
2016-11-28,62.619998931884766,61.83000183105469,62.130001068115234,61.91999816894531,1606900.0,59.16401290893555,J
2016-11-29,62.119998931884766,61.06999969482422,61.79999923706055,61.720001220703125,1371400.0,58.97291564941406,J
2016-11-30,63.41999816894531,61.9900016784668,62.380001068115234,62.0099983215332,1759000.0,59.25000762939453,J
2016-12-01,63.15999984741211,61.45000076293945,62.47999954223633,61.630001068115234,1291000.0,58.886924743652344,J
2016-12-02,61.790000915527344,60.16999816894531,61.790000915527344,60.65999984741211,1451200.0,57.96009063720703,J
2016-12-05,61.22999954223633,59.56999969482422,61.20000076293945,59.849998474121094,2141500.0,57.18614196777344,J
2016-12-06,60.779998779296875,59.790000915527344,59.93000030517578,60.4900016784668,1793600.0,57.79766082763672,J
2016-12-07,60.959999084472656,60.13999938964844,60.86000061035156,60.29999923706055,1653400.0,57.61611557006836,J
2016-12-08,61.779998779296875,60.029998779296875,60.29999923706055,60.88999938964844,1748400.0,58.179847717285156,J
2016-12-09,61.7400016784668,60.540000915527344,61.150001525878906,61.56999969482422,1064600.0,58.829593658447266,J
2016-12-12,62.0,61.189998626708984,61.56999969482422,61.58000183105469,924900.0,58.83915328979492,J
2016-12-13,61.900001525878906,60.4900016784668,61.619998931884766,60.599998474121094,849600.0,57.90275955200195,J
2016-12-14,61.119998931884766,59.81999969482422,60.650001525878906,59.95000076293945,1213000.0,57.28169631958008,J
2016-12-15,60.33000183105469,59.2599983215332,59.869998931884766,59.36000061035156,870000.0,56.717952728271484,J
2016-12-16,59.54999923706055,58.7400016784668,59.349998474121094,58.790000915527344,1664700.0,56.17332077026367,J
2016-12-19,59.459999084472656,58.43000030517578,58.880001068115234,58.7400016784668,665500.0,56.12555694580078,J
2016-12-20,59.439998626708984,58.70000076293945,59.06999969482422,59.43000030517578,661400.0,56.78484344482422,J
2016-12-21,59.38999938964844,58.15999984741211,59.369998931884766,58.459999084472656,862700.0,55.85801315307617,J
2016-12-22,58.689998626708984,57.75,58.439998626708984,58.349998474121094,584700.0,55.75290298461914,J
2016-12-23,58.47999954223633,58.040000915527344,58.22999954223633,58.189998626708984,300300.0,55.60002899169922,J
2016-12-27,58.560001373291016,57.959999084472656,58.209999084472656,58.470001220703125,428100.0,55.8675651550293,J
2016-12-28,58.59000015258789,57.130001068115234,58.59000015258789,57.4900016784668,691300.0,54.931190490722656,J
2016-12-29,57.970001220703125,57.08000183105469,57.65999984741211,57.279998779296875,445600.0,54.730533599853516,J
2016-12-30,57.43000030517578,56.79999923706055,57.38999938964844,57.0,634500.0,54.46299362182617,J
2017-01-03,59.38999938964844,57.689998626708984,57.689998626708984,58.150001525878906,1235000.0,55.56181716918945,J
2017-01-04,59.220001220703125,58.349998474121094,58.529998779296875,58.779998779296875,656500.0,56.16377258300781,J
2017-01-05,59.279998779296875,58.16999816894531,58.79999923706055,58.560001373291016,645400.0,55.95356369018555,J
2017-01-06,58.9900016784668,57.91999816894531,58.58000183105469,57.97999954223633,708900.0,55.399375915527344,J
2017-01-09,57.939998626708984,56.720001220703125,57.790000915527344,56.7400016784668,525000.0,54.214576721191406,J
2017-01-10,57.4900016784668,56.66999816894531,57.130001068115234,57.290000915527344,1096200.0,54.74009323120117,J
2017-01-11,57.599998474121094,56.7599983215332,57.45000076293945,57.310001373291016,683500.0,54.75920104980469,J
2017-01-12,57.45000076293945,56.380001068115234,57.369998931884766,57.38999938964844,668400.0,54.83563232421875,J
2017-01-13,58.20000076293945,57.2400016784668,57.369998931884766,58.15999984741211,615300.0,55.57136917114258,J
2017-01-17,58.20000076293945,56.91999816894531,57.900001525878906,57.0099983215332,716000.0,54.47254943847656,J
2017-01-18,58.04999923706055,56.779998779296875,57.0099983215332,58.02000045776367,944800.0,55.43759536743164,J
2017-01-19,58.84000015258789,57.45000076293945,58.09000015258789,57.61000061035156,599100.0,55.04584884643555,J
2017-01-20,57.93000030517578,56.970001220703125,57.880001068115234,57.380001068115234,557000.0,54.826080322265625,J
2017-01-23,57.540000915527344,56.540000915527344,57.209999084472656,57.119998931884766,618500.0,54.57765197753906,J
2017-01-24,60.290000915527344,57.349998474121094,57.47999954223633,60.119998931884766,992100.0,57.44411849975586,J
2017-01-25,62.20000076293945,60.720001220703125,60.970001220703125,61.869998931884766,1427900.0,59.116241455078125,J
2017-01-26,62.06999969482422,60.33000183105469,61.7400016784668,61.220001220703125,980800.0,58.49516677856445,J
2017-01-27,61.369998931884766,60.04999923706055,61.220001220703125,60.36000061035156,855700.0,57.67344665527344,J
2017-01-30,60.189998626708984,58.400001525878906,60.189998626708984,59.380001068115234,894800.0,56.7370719909668,J
2017-01-31,59.599998474121094,57.959999084472656,59.38999938964844,58.54999923706055,1048000.0,55.94400405883789,J
2017-02-01,59.70000076293945,58.18000030517578,58.97999954223633,58.84000015258789,856000.0,56.22109603881836,J
2017-02-02,59.02000045776367,58.209999084472656,58.650001525878906,58.70000076293945,779300.0,56.08732604980469,J
2017-02-03,59.810001373291016,58.86000061035156,59.13999938964844,59.220001220703125,658000.0,56.584190368652344,J
2017-02-06,59.54999923706055,58.630001068115234,59.040000915527344,59.18000030517578,535500.0,56.54597091674805,J
2017-02-07,59.77000045776367,58.4900016784668,59.18000030517578,58.79999923706055,1129300.0,56.18287658691406,J
2017-02-08,59.209999084472656,56.150001525878906,58.13999938964844,56.630001068115234,2096700.0,54.10947036743164,J
2017-02-09,57.2400016784668,56.209999084472656,56.630001068115234,56.47999954223633,1483100.0,53.96614074707031,J
2017-02-10,57.529998779296875,56.310001373291016,56.97999954223633,57.400001525878906,1336900.0,54.845191955566406,J
2017-02-13,57.7400016784668,57.2599983215332,57.619998931884766,57.45000076293945,963500.0,54.89295959472656,J
2017-02-14,57.540000915527344,56.779998779296875,57.540000915527344,57.529998779296875,669300.0,54.96940612792969,J
2017-02-15,58.400001525878906,57.209999084472656,57.45000076293945,58.31999969482422,1146100.0,55.869911193847656,J
2017-02-16,59.029998779296875,57.529998779296875,58.31999969482422,59.029998779296875,1606600.0,56.550079345703125,J
2017-02-17,58.939998626708984,57.4900016784668,58.939998626708984,57.61000061035156,1196400.0,55.18974685668945,J
2017-02-21,58.52000045776367,57.72999954223633,57.84000015258789,58.189998626708984,1172000.0,55.74537658691406,J
2017-02-22,58.06999969482422,56.7400016784668,58.029998779296875,56.79999923706055,852500.0,54.41376876831055,J
2017-02-23,57.36000061035156,55.45000076293945,57.22999954223633,56.099998474121094,1474300.0,53.74317932128906,J
2017-02-24,56.040000915527344,55.310001373291016,55.540000915527344,56.029998779296875,840200.0,53.67612075805664,J
2017-02-27,57.68000030517578,55.720001220703125,56.0099983215332,57.04999923706055,2073600.0,54.65326690673828,J
2017-02-28,57.09000015258789,56.099998474121094,57.029998779296875,56.40999984741211,1168300.0,54.04015350341797,J
2017-03-01,58.47999954223633,57.349998474121094,57.349998474121094,57.540000915527344,1041100.0,55.122684478759766,J
2017-03-02,57.52000045776367,56.650001525878906,57.310001373291016,56.79999923706055,608400.0,54.41376876831055,J
2017-03-03,57.16999816894531,56.310001373291016,56.709999084472656,56.47999954223633,571300.0,54.10721206665039,J
2017-03-06,56.54999923706055,55.90999984741211,56.209999084472656,56.41999816894531,962100.0,54.04974365234375,J
2017-03-07,57.0099983215332,55.939998626708984,56.45000076293945,56.5099983215332,992200.0,54.135955810546875,J
2017-03-08,57.06999969482422,56.540000915527344,56.61000061035156,56.68000030517578,1017500.0,54.29881286621094,J
2017-03-09,56.790000915527344,55.56999969482422,56.59000015258789,55.869998931884766,1160800.0,53.522850036621094,J
2017-03-10,56.810001373291016,55.939998626708984,56.40999984741211,56.41999816894531,566700.0,54.04974365234375,J
2017-03-13,57.0,56.2400016784668,56.310001373291016,56.439998626708984,939200.0,54.06889724731445,J
2017-03-14,55.9900016784668,54.93000030517578,55.91999816894531,55.54999923706055,661000.0,53.216278076171875,J
2017-03-15,56.599998474121094,55.38999938964844,55.790000915527344,56.33000183105469,846600.0,53.9635124206543,J
2017-03-16,56.900001525878906,55.810001373291016,56.619998931884766,55.869998931884766,833500.0,53.522850036621094,J
2017-03-17,56.13999938964844,55.04999923706055,55.97999954223633,55.459999084472656,1000700.0,53.130069732666016,J
2017-03-20,55.650001525878906,54.880001068115234,55.38999938964844,55.45000076293945,723400.0,53.120487213134766,J
2017-03-21,55.86000061035156,54.439998626708984,55.70000076293945,54.529998779296875,1064500.0,52.2391357421875,J
2017-03-22,55.099998474121094,54.18000030517578,54.4900016784668,54.779998779296875,603200.0,52.4786376953125,J
2017-03-23,55.04999923706055,54.349998474121094,54.810001373291016,54.7599983215332,825800.0,52.459476470947266,J
2017-03-24,55.22999954223633,53.849998474121094,54.779998779296875,54.130001068115234,658700.0,51.85593795776367,J
2017-03-27,53.869998931884766,52.38999938964844,53.310001373291016,53.70000076293945,757100.0,51.44401168823242,J
2017-03-28,54.58000183105469,53.5099983215332,53.5099983215332,54.189998626708984,573800.0,51.91341781616211,J
2017-03-29,55.470001220703125,54.029998779296875,54.13999938964844,55.11000061035156,932800.0,52.79477310180664,J
2017-03-30,55.84000015258789,54.970001220703125,55.08000183105469,55.33000183105469,448600.0,53.00553512573242,J
2017-03-31,55.81999969482422,54.84000015258789,55.0,55.279998779296875,640000.0,52.9576301574707,J
2017-04-03,55.630001068115234,54.2599983215332,55.38999938964844,54.66999816894531,899900.0,52.373260498046875,J
2017-04-04,54.86000061035156,54.310001373291016,54.599998474121094,54.66999816894531,533900.0,52.373260498046875,J
2017-04-05,55.65999984741211,54.220001220703125,55.11000061035156,54.310001373291016,789400.0,52.02838134765625,J
2017-04-06,54.959999084472656,54.220001220703125,54.45000076293945,54.58000183105469,477000.0,52.28703689575195,J
2017-04-07,54.93000030517578,54.310001373291016,54.4900016784668,54.5099983215332,532400.0,52.21997833251953,J
2017-04-10,55.20000076293945,54.290000915527344,54.459999084472656,54.939998626708984,594000.0,52.63191223144531,J
2017-04-11,55.02000045776367,54.150001525878906,54.77000045776367,54.61000061035156,807300.0,52.3157844543457,J
2017-04-12,54.59000015258789,52.81999969482422,54.59000015258789,53.11000061035156,934000.0,50.8787956237793,J
2017-04-13,53.54999923706055,52.849998474121094,53.11000061035156,52.970001220703125,933300.0,50.74467468261719,J
2017-04-17,53.4900016784668,52.65999984741211,53.130001068115234,53.45000076293945,617700.0,51.20450973510742,J
2017-04-18,53.84000015258789,52.79999923706055,53.0099983215332,53.63999938964844,684300.0,51.386531829833984,J
2017-04-19,54.58000183105469,53.52000045776367,54.040000915527344,53.880001068115234,746200.0,51.61644744873047,J
2017-04-20,54.41999816894531,53.400001525878906,54.290000915527344,53.68000030517578,561400.0,51.42485046386719,J
2017-04-21,53.81999969482422,53.189998626708984,53.65999984741211,53.540000915527344,538900.0,51.290733337402344,J
2017-04-24,54.79999923706055,54.0099983215332,54.290000915527344,54.65999984741211,677300.0,52.363677978515625,J
2017-04-25,55.40999984741211,54.7599983215332,54.959999084472656,55.11000061035156,454900.0,52.79477310180664,J
2017-04-26,55.650001525878906,55.08000183105469,55.08000183105469,55.400001525878906,382200.0,53.07258224487305,J
2017-04-27,55.75,55.06999969482422,55.38999938964844,55.720001220703125,581700.0,53.3791389465332,J
2017-04-28,55.91999816894531,54.650001525878906,55.790000915527344,54.91999816894531,680000.0,52.61275100708008,J
2017-05-01,55.279998779296875,54.279998779296875,55.099998474121094,54.52000045776367,991400.0,52.22956466674805,J
2017-05-02,55.31999969482422,54.540000915527344,54.7400016784668,55.150001525878906,644100.0,52.83308792114258,J
2017-05-03,54.95000076293945,54.20000076293945,54.7400016784668,54.58000183105469,622400.0,52.28703689575195,J
2017-05-04,54.959999084472656,54.369998931884766,54.560001373291016,54.779998779296875,702000.0,52.4786376953125,J
2017-05-05,54.65999984741211,52.880001068115234,54.380001068115234,54.65999984741211,1358700.0,52.363677978515625,J
2017-05-08,55.150001525878906,54.38999938964844,54.75,54.709999084472656,1144000.0,52.41157913208008,J
2017-05-09,55.970001220703125,53.779998779296875,55.209999084472656,55.91999816894531,1170300.0,53.570743560791016,J
2017-05-10,55.91999816894531,54.29999923706055,55.88999938964844,54.560001373291016,1587600.0,52.26788330078125,J
2017-05-11,55.04999923706055,54.099998474121094,54.5,54.560001373291016,944500.0,52.26788330078125,J
2017-05-12,54.33000183105469,52.709999084472656,54.29999923706055,52.75,959700.0,50.5339241027832,J
2017-05-15,53.540000915527344,52.68000030517578,53.2400016784668,52.81999969482422,1137100.0,50.600982666015625,J
2017-05-16,52.9900016784668,52.25,52.90999984741211,52.599998474121094,986100.0,50.39021682739258,J
2017-05-17,52.45000076293945,50.97999954223633,52.45000076293945,51.709999084472656,1427500.0,49.679283142089844,J
2017-05-18,52.09000015258789,50.529998779296875,51.79999923706055,51.400001525878906,1348100.0,49.38145446777344,J
2017-05-19,53.29999923706055,51.77000045776367,51.869998931884766,53.0099983215332,1382200.0,50.92823028564453,J
2017-05-22,53.75,52.63999938964844,53.38999938964844,52.880001068115234,947800.0,50.803340911865234,J
2017-05-23,53.2599983215332,52.689998626708984,53.0099983215332,53.18000030517578,584400.0,51.091548919677734,J
2017-05-24,53.310001373291016,52.5,53.060001373291016,52.939998626708984,1140200.0,50.86098098754883,J
2017-05-25,53.20000076293945,52.459999084472656,53.18000030517578,52.59000015258789,841000.0,50.52471923828125,J
2017-05-26,52.869998931884766,52.400001525878906,52.52000045776367,52.65999984741211,682800.0,50.591976165771484,J
2017-05-30,52.83000183105469,52.27000045776367,52.4900016784668,52.630001068115234,693100.0,50.563148498535156,J
2017-05-31,52.65999984741211,52.0099983215332,52.630001068115234,52.41999816894531,1527100.0,50.36139678955078,J
2017-06-01,53.33000183105469,52.119998931884766,52.560001373291016,53.209999084472656,639800.0,51.12037658691406,J
2017-06-02,53.560001373291016,52.86000061035156,53.31999969482422,53.20000076293945,1008700.0,51.110774993896484,J
2017-06-05,53.290000915527344,52.25,53.130001068115234,52.310001373291016,1116300.0,50.2557258605957,J
2017-06-06,52.349998474121094,51.68000030517578,52.130001068115234,52.09000015258789,934400.0,50.044368743896484,J
2017-06-07,52.29999923706055,51.619998931884766,52.119998931884766,52.0,1128900.0,49.95790100097656,J
2017-06-08,52.9900016784668,51.779998779296875,52.0,52.90999984741211,995800.0,50.8321647644043,J
2017-06-09,55.119998931884766,52.619998931884766,52.900001525878906,54.95000076293945,1162400.0,52.79203414916992,J
2017-06-12,55.290000915527344,54.22999954223633,54.869998931884766,55.0099983215332,1320100.0,52.84968185424805,J
2017-06-13,55.65999984741211,54.720001220703125,55.060001373291016,55.0,672100.0,52.8400764465332,J
2017-06-14,55.41999816894531,54.220001220703125,55.0,54.59000015258789,568800.0,52.44617462158203,J
2017-06-15,54.75,53.459999084472656,54.029998779296875,53.79999923706055,620200.0,51.68721008300781,J
2017-06-16,53.900001525878906,53.349998474121094,53.66999816894531,53.81999969482422,784200.0,51.706417083740234,J
2017-06-19,54.47999954223633,53.650001525878906,53.939998626708984,54.20000076293945,1124300.0,52.071495056152344,J
2017-06-20,54.279998779296875,53.31999969482422,53.91999816894531,53.45000076293945,608500.0,51.3509521484375,J
2017-06-21,53.66999816894531,52.43000030517578,53.59000015258789,52.4900016784668,808600.0,50.42864990234375,J
2017-06-22,52.90999984741211,52.11000061035156,52.56999969482422,52.65999984741211,493000.0,50.591976165771484,J
2017-06-23,52.88999938964844,52.290000915527344,52.65999984741211,52.810001373291016,837000.0,50.736080169677734,J
2017-06-26,53.81999969482422,52.68000030517578,52.9900016784668,53.54999923706055,429400.0,51.44702911376953,J
2017-06-27,54.4900016784668,53.369998931884766,53.599998474121094,53.529998779296875,539500.0,51.42781448364258,J
2017-06-28,54.86000061035156,54.0,54.0,54.209999084472656,754900.0,52.08110427856445,J
2017-06-29,54.56999969482422,53.13999938964844,54.38999938964844,53.560001373291016,965800.0,51.45663833618164,J
2017-06-30,54.689998626708984,53.689998626708984,53.84000015258789,54.38999938964844,902300.0,52.2540397644043,J
2017-07-03,55.5,54.47999954223633,54.63999938964844,55.150001525878906,348200.0,52.984188079833984,J
2017-07-05,55.04999923706055,54.29999923706055,55.04999923706055,54.86000061035156,925900.0,52.70557403564453,J
2017-07-06,55.279998779296875,54.0099983215332,54.79999923706055,54.16999816894531,1043100.0,52.04267501831055,J
2017-07-07,55.0,53.83000183105469,54.2400016784668,54.81999969482422,669600.0,52.667144775390625,J
2017-07-10,55.349998474121094,54.380001068115234,54.66999816894531,54.779998779296875,1153100.0,52.62871551513672,J
2017-07-11,54.790000915527344,53.97999954223633,54.790000915527344,54.599998474121094,774300.0,52.45578384399414,J
2017-07-12,55.59000015258789,54.52000045776367,55.11000061035156,54.68000030517578,527600.0,52.532649993896484,J
2017-07-13,54.72999954223633,54.15999984741211,54.720001220703125,54.2400016784668,715900.0,52.109928131103516,J
2017-07-14,54.68000030517578,54.18000030517578,54.369998931884766,54.369998931884766,482500.0,52.23482131958008,J
2017-07-17,54.869998931884766,54.02000045776367,54.33000183105469,54.5,575200.0,52.359710693359375,J
2017-07-18,54.099998474121094,52.09000015258789,54.09000015258789,52.400001525878906,1176100.0,50.34217834472656,J
2017-07-19,53.470001220703125,52.400001525878906,52.52000045776367,53.43000030517578,580300.0,51.331729888916016,J
2017-07-20,53.52000045776367,52.43000030517578,53.33000183105469,52.540000915527344,762300.0,50.47669219970703,J
2017-07-21,52.540000915527344,51.959999084472656,52.439998626708984,52.29999923706055,571100.0,50.246116638183594,J
2017-07-24,52.279998779296875,51.349998474121094,52.0,52.16999816894531,799500.0,50.121219635009766,J
2017-07-25,53.41999816894531,52.529998779296875,52.66999816894531,52.9900016784668,411400.0,50.90901184082031,J
2017-07-26,53.25,52.220001220703125,53.11000061035156,52.79999923706055,441600.0,50.72647476196289,J
2017-07-27,53.099998474121094,52.59000015258789,52.84000015258789,53.060001373291016,443800.0,50.976261138916016,J
2017-07-28,53.06999969482422,52.09000015258789,52.88999938964844,52.38999938964844,604900.0,50.33257293701172,J
2017-07-31,53.220001220703125,52.31999969482422,52.630001068115234,52.720001220703125,610500.0,50.64962387084961,J
2017-08-01,53.41999816894531,52.560001373291016,52.9900016784668,53.25,738300.0,51.15879440307617,J
2017-08-02,54.5,52.790000915527344,52.970001220703125,53.349998474121094,2135300.0,51.399662017822266,J
2017-08-03,53.11000061035156,51.849998474121094,52.84000015258789,52.66999816894531,1657900.0,50.744529724121094,J
2017-08-04,52.93000030517578,52.0099983215332,52.66999816894531,52.47999954223633,908200.0,50.56147003173828,J
2017-08-07,52.689998626708984,52.099998474121094,52.34000015258789,52.310001373291016,905100.0,50.397682189941406,J
2017-08-08,54.9900016784668,52.61000061035156,53.29999923706055,54.119998931884766,1493100.0,52.141517639160156,J
2017-08-09,54.27000045776367,53.33000183105469,53.7400016784668,54.220001220703125,923400.0,52.23786544799805,J
2017-08-10,54.619998931884766,52.630001068115234,53.849998474121094,52.68000030517578,1260100.0,50.75415802001953,J
2017-08-11,53.0,52.36000061035156,52.470001220703125,52.58000183105469,1007300.0,50.65781021118164,J
2017-08-14,53.36000061035156,52.689998626708984,53.13999938964844,52.72999954223633,532800.0,50.802330017089844,J
2017-08-15,52.689998626708984,51.54999923706055,52.59000015258789,51.56999969482422,821800.0,49.68474197387695,J
2017-08-16,52.119998931884766,50.970001220703125,51.79999923706055,51.04999923706055,736800.0,49.183746337890625,J
2017-08-17,51.33000183105469,50.209999084472656,50.88999938964844,50.25,832700.0,48.41299819946289,J
2017-08-18,50.599998474121094,49.709999084472656,50.040000915527344,49.849998474121094,937500.0,48.02760696411133,J
2017-08-21,49.869998931884766,49.310001373291016,49.86000061035156,49.58000183105469,820200.0,47.767486572265625,J
2017-08-22,50.959999084472656,49.599998474121094,49.720001220703125,50.869998931884766,1476900.0,49.01032257080078,J
2017-08-23,51.560001373291016,50.40999984741211,50.599998474121094,51.33000183105469,1048800.0,49.4535026550293,J
2017-08-24,51.70000076293945,51.2400016784668,51.43000030517578,51.33000183105469,780300.0,49.4535026550293,J
2017-08-25,52.20000076293945,51.45000076293945,51.650001525878906,51.939998626708984,590700.0,50.04121780395508,J
2017-08-28,52.439998626708984,51.81999969482422,52.310001373291016,52.22999954223633,811600.0,50.32061004638672,J
2017-08-29,53.380001068115234,51.959999084472656,51.959999084472656,53.16999816894531,1014200.0,51.22623825073242,J
2017-08-30,53.959999084472656,52.540000915527344,53.099998474121094,53.75,593900.0,51.7850456237793,J
2017-08-31,54.619998931884766,53.75,54.0099983215332,54.4900016784668,824400.0,52.497982025146484,J
2017-09-01,55.439998626708984,54.630001068115234,54.7400016784668,55.130001068115234,802200.0,53.11459732055664,J
2017-09-05,55.36000061035156,54.0,55.25,54.380001068115234,1207000.0,52.39201354980469,J
2017-09-06,54.83000183105469,54.220001220703125,54.56999969482422,54.4900016784668,607900.0,52.497982025146484,J
2017-09-07,54.650001525878906,53.849998474121094,54.52000045776367,54.439998626708984,930200.0,52.44981384277344,J
2017-09-08,55.0,53.939998626708984,54.36000061035156,54.630001068115234,597800.0,52.63287353515625,J
2017-09-11,55.189998626708984,54.599998474121094,55.0,54.88999938964844,1276400.0,52.883365631103516,J
2017-09-12,56.18000030517578,55.16999816894531,55.20000076293945,55.93000030517578,612700.0,53.885345458984375,J
2017-09-13,56.400001525878906,55.66999816894531,55.790000915527344,55.97999954223633,582600.0,53.93351745605469,J
2017-09-14,56.150001525878906,55.65999984741211,55.79999923706055,55.790000915527344,441800.0,53.750465393066406,J
2017-09-15,56.45000076293945,55.61000061035156,55.70000076293945,55.95000076293945,1034600.0,53.90461349487305,J
2017-09-18,56.880001068115234,55.849998474121094,56.029998779296875,56.7599983215332,1252400.0,54.68500900268555,J
2017-09-19,57.0099983215332,56.61000061035156,56.86000061035156,56.849998474121094,620000.0,54.7717170715332,J
2017-09-20,57.7599983215332,56.95000076293945,57.0,57.720001220703125,744500.0,55.609901428222656,J
2017-09-21,57.959999084472656,57.380001068115234,57.83000183105469,57.40999984741211,601000.0,55.31124496459961,J
2017-09-22,57.630001068115234,56.880001068115234,57.400001525878906,57.540000915527344,816100.0,55.43648910522461,J
2017-09-25,58.439998626708984,57.5099983215332,57.52000045776367,58.2599983215332,611500.0,56.13016891479492,J
2017-09-26,58.4900016784668,57.81999969482422,58.310001373291016,58.29999923706055,583300.0,56.168701171875,J
2017-09-27,58.5099983215332,57.900001525878906,58.5,58.34000015258789,558600.0,56.207244873046875,J
2017-09-28,58.459999084472656,57.58000183105469,58.279998779296875,58.16999816894531,668000.0,56.04345703125,J
2017-09-29,58.29999923706055,57.66999816894531,58.18000030517578,58.27000045776367,588200.0,56.13979721069336,J
2017-10-02,58.790000915527344,57.93000030517578,58.13999938964844,58.790000915527344,914600.0,56.64080047607422,J
2017-10-03,58.97999954223633,57.9900016784668,58.849998474121094,58.439998626708984,629600.0,56.3035888671875,J
2017-10-04,58.81999969482422,58.119998931884766,58.43000030517578,58.599998474121094,678900.0,56.457725524902344,J
2017-10-05,59.130001068115234,58.529998779296875,58.79999923706055,58.790000915527344,452100.0,56.64080047607422,J
2017-10-06,58.97999954223633,58.2400016784668,58.5099983215332,58.959999084472656,433000.0,56.80457305908203,J
2017-10-09,59.04999923706055,58.130001068115234,58.90999984741211,58.380001068115234,552100.0,56.245784759521484,J
2017-10-10,58.959999084472656,58.16999816894531,58.959999084472656,58.36000061035156,437700.0,56.22652816772461,J
2017-10-11,58.369998931884766,57.79999923706055,58.369998931884766,58.0099983215332,605100.0,55.88930892944336,J
2017-10-12,58.599998474121094,57.779998779296875,57.81999969482422,58.52000045776367,508000.0,56.5268440246582,J
2017-10-13,58.77000045776367,58.400001525878906,58.77000045776367,58.54999923706055,571400.0,56.55580139160156,J
2017-10-16,59.27000045776367,58.72999954223633,59.0099983215332,59.0,488600.0,56.990478515625,J
2017-10-17,58.959999084472656,58.08000183105469,58.90999984741211,58.22999954223633,589000.0,56.246700286865234,J
2017-10-18,58.529998779296875,58.150001525878906,58.22999954223633,58.16999816894531,506200.0,56.18873977661133,J
2017-10-19,58.349998474121094,57.93000030517578,57.93000030517578,58.29999923706055,396700.0,56.31432342529297,J
2017-10-20,58.86000061035156,58.459999084472656,58.66999816894531,58.81999969482422,351400.0,56.81661605834961,J
2017-10-23,59.060001373291016,58.209999084472656,58.75,58.34000015258789,376000.0,56.35296630859375,J
2017-10-24,58.90999984741211,58.349998474121094,58.349998474121094,58.59000015258789,573700.0,56.59444808959961,J
2017-10-25,58.689998626708984,57.56999969482422,58.560001373291016,58.08000183105469,423600.0,56.10181427001953,J
2017-10-26,58.91999816894531,58.0,58.0,58.72999954223633,465300.0,56.729679107666016,J
2017-10-27,59.0,58.41999816894531,58.4900016784668,58.709999084472656,338100.0,56.71035385131836,J
2017-10-30,58.86000061035156,58.34000015258789,58.34000015258789,58.459999084472656,395800.0,56.46886444091797,J
2017-10-31,58.84000015258789,58.16999816894531,58.599998474121094,58.209999084472656,563600.0,56.227378845214844,J
2017-11-01,58.869998931884766,58.119998931884766,58.380001068115234,58.290000915527344,516100.0,56.304664611816406,J
2017-11-02,58.93000030517578,58.040000915527344,58.20000076293945,58.7400016784668,376800.0,56.739341735839844,J
2017-11-03,59.43000030517578,58.189998626708984,58.630001068115234,59.290000915527344,589700.0,57.270606994628906,J
2017-11-06,61.18000030517578,59.15999984741211,59.25,61.11000061035156,954700.0,59.02861022949219,J
2017-11-07,61.33000183105469,60.70000076293945,61.20000076293945,60.93000030517578,825400.0,58.85474395751953,J
2017-11-08,61.13999938964844,60.16999816894531,60.77000045776367,61.119998931884766,692800.0,59.03827667236328,J
2017-11-09,60.63999938964844,59.68000030517578,60.63999938964844,60.279998779296875,540100.0,58.22688674926758,J
2017-11-10,60.29999923706055,59.72999954223633,60.040000915527344,60.029998779296875,619200.0,57.98539733886719,J
2017-11-13,59.83000183105469,58.880001068115234,59.33000183105469,59.81999969482422,503400.0,57.78254699707031,J
2017-11-14,59.43000030517578,57.810001373291016,59.41999816894531,57.939998626708984,618400.0,55.966575622558594,J
2017-11-15,57.970001220703125,57.209999084472656,57.4900016784668,57.349998474121094,445200.0,55.39667892456055,J
2017-11-16,58.43000030517578,57.31999969482422,57.54999923706055,58.43000030517578,581100.0,56.43989944458008,J
2017-11-17,58.86000061035156,58.22999954223633,58.2599983215332,58.630001068115234,390300.0,56.63309097290039,J
2017-11-20,59.779998779296875,58.540000915527344,58.61000061035156,59.34000015258789,679000.0,57.31890106201172,J
2017-11-21,65.29000091552734,61.40999984741211,62.060001373291016,64.86000061035156,1966100.0,62.65089797973633,J
2017-11-22,65.80000305175781,64.27999877929688,64.91999816894531,64.77999877929688,864700.0,62.5736083984375,J
2017-11-24,64.80999755859375,63.029998779296875,64.80999755859375,63.290000915527344,619300.0,61.13436508178711,J
2017-11-27,63.900001525878906,62.88999938964844,63.33000183105469,63.31999969482422,903100.0,61.16334533691406,J
2017-11-28,64.75,62.72999954223633,63.38999938964844,64.55999755859375,1483100.0,62.361106872558594,J
2017-11-29,65.33999633789062,64.12000274658203,64.45999908447266,64.83000183105469,764800.0,62.621917724609375,J
2017-11-30,66.19999694824219,64.66999816894531,65.01000213623047,65.62999725341797,1024900.0,63.3946647644043,J
2017-12-01,65.98999786376953,63.880001068115234,65.87000274658203,65.45999908447266,733600.0,63.23044967651367,J
2017-12-04,67.69000244140625,66.12000274658203,66.30000305175781,66.69000244140625,1110500.0,64.4185562133789,J
2017-12-05,66.88999938964844,66.04000091552734,66.8499984741211,66.45999908447266,795600.0,64.1963882446289,J
2017-12-06,68.12000274658203,66.30999755859375,66.36000061035156,67.69000244140625,1247300.0,65.38450622558594,J
2017-12-07,68.97000122070312,67.48999786376953,68.97000122070312,67.69000244140625,1041700.0,65.38450622558594,J
2017-12-08,68.69000244140625,67.55999755859375,68.0,68.51000213623047,854100.0,66.17657470703125,J
2017-12-11,68.56999969482422,67.83000183105469,68.44000244140625,68.37999725341797,731700.0,66.0510025024414,J
2017-12-12,68.94999694824219,68.19999694824219,68.45999908447266,68.38999938964844,714500.0,66.06066131591797,J
2017-12-13,69.3499984741211,67.91999816894531,68.62999725341797,68.16000366210938,906900.0,65.8385009765625,J
2017-12-14,67.12000274658203,65.9000015258789,67.05999755859375,66.12999725341797,1190600.0,63.87760925292969,J
2017-12-15,67.18000030517578,65.93000030517578,66.43000030517578,66.19000244140625,1636100.0,63.93558120727539,J
2017-12-18,67.19999694824219,66.30000305175781,66.43000030517578,66.73999786376953,1244400.0,64.46684265136719,J
2017-12-19,67.01000213623047,66.33999633789062,66.62999725341797,66.38999938964844,919100.0,64.12877655029297,J
2017-12-20,67.02999877929688,66.37000274658203,66.94999694824219,66.38999938964844,885200.0,64.12877655029297,J
2017-12-21,66.80999755859375,66.05999755859375,66.73999786376953,66.4800033569336,735400.0,64.21571350097656,J
2017-12-22,66.9000015258789,66.01000213623047,66.9000015258789,66.27999877929688,495900.0,64.02252960205078,J
2017-12-26,66.4000015258789,65.16000366210938,65.94000244140625,66.05000305175781,733700.0,63.80036926269531,J
2017-12-27,66.30999755859375,65.5999984741211,66.2699966430664,66.27999877929688,729100.0,64.02252960205078,J
2017-12-28,66.75,66.13999938964844,66.61000061035156,66.56999969482422,506700.0,64.3026351928711,J
2017-12-29,66.80999755859375,65.94000244140625,66.56999969482422,65.95999908447266,519500.0,63.71341323852539,J
2018-01-02,67.33999633789062,66.25,66.5,66.87000274658203,1145400.0,64.59241485595703,J
2018-01-03,67.44999694824219,66.76000213623047,67.0,67.0999984741211,1108600.0,64.81459045410156,J
2018-01-04,68.0,66.97000122070312,67.5,67.79000091552734,1510000.0,65.48109436035156,J
2018-01-05,68.30999755859375,67.37000274658203,68.01000213623047,68.13999938964844,1059100.0,65.81917572021484,J
2018-01-08,68.16000366210938,67.33999633789062,68.0,67.95999908447266,1041200.0,65.64531707763672,J
2018-01-09,68.5199966430664,67.47000122070312,68.06999969482422,67.70999908447266,913600.0,65.4038314819336,J
2018-01-10,68.19000244140625,67.26000213623047,67.79000091552734,67.80999755859375,735300.0,65.50039672851562,J
2018-01-11,69.5199966430664,67.94999694824219,68.12999725341797,69.5,1234900.0,67.13285064697266,J
2018-01-12,69.86000061035156,69.2699966430664,69.86000061035156,69.55999755859375,1177100.0,67.19080352783203,J
2018-01-16,70.3499984741211,69.25,70.0,69.41999816894531,1411900.0,67.05557250976562,J
2018-01-17,69.9000015258789,69.08999633789062,69.79000091552734,69.58000183105469,649700.0,67.21012878417969,J
2018-01-18,70.05000305175781,69.25,69.9000015258789,69.38999938964844,748300.0,67.02660369873047,J
2018-01-19,69.98999786376953,68.7699966430664,69.43000030517578,69.94999694824219,923900.0,67.56752014160156,J
2018-01-22,70.47000122070312,69.47000122070312,69.70999908447266,70.2300033569336,986200.0,67.83800506591797,J
2018-01-23,70.4000015258789,69.5199966430664,70.1500015258789,69.87999725341797,643900.0,67.49991607666016,J
2018-01-24,70.9000015258789,69.83000183105469,70.30000305175781,70.23999786376953,733900.0,67.84764862060547,J
2018-01-25,70.79000091552734,69.4000015258789,70.62000274658203,69.86000061035156,576900.0,67.48059844970703,J
2018-01-26,70.12999725341797,69.31999969482422,70.04000091552734,69.94999694824219,755400.0,67.56752014160156,J
2018-01-29,72.18000030517578,70.5199966430664,71.0,71.05000305175781,1447000.0,68.63005828857422,J
2018-01-30,71.0199966430664,68.52999877929688,70.66999816894531,69.69999694824219,1179900.0,67.3260269165039,J
2018-01-31,70.98999786376953,69.01000213623047,70.79000091552734,69.45999908447266,894600.0,67.09420776367188,J
2018-02-01,70.19000244140625,68.5199966430664,69.08999633789062,70.0199966430664,817400.0,67.6351318359375,J
2018-02-02,69.68000030517578,66.70999908447266,69.62000274658203,67.12000274658203,1043300.0,64.83392333984375,J
2018-02-05,66.83000183105469,63.060001373291016,66.20999908447266,63.150001525878906,1819800.0,60.99913024902344,J
2018-02-06,65.0,56.54999923706055,59.45000076293945,64.13999938964844,2537800.0,61.955413818359375,J
2018-02-07,67.0999984741211,62.91999816894531,64.0999984741211,66.01000213623047,2075000.0,63.761722564697266,J
2018-02-08,66.26000213623047,62.810001373291016,66.13999938964844,62.81999969482422,3666200.0,60.68036651611328,J
2018-02-09,63.65999984741211,60.349998474121094,63.65999984741211,62.22999954223633,2030200.0,60.11046600341797,J
2018-02-12,63.900001525878906,61.470001220703125,62.9900016784668,63.09000015258789,2032900.0,60.941184997558594,J
2018-02-13,63.0099983215332,61.47999954223633,62.45000076293945,62.27000045776367,1327100.0,60.149105072021484,J
2018-02-14,63.779998779296875,61.31999969482422,61.58000183105469,63.65999984741211,1669000.0,61.491756439208984,J
2018-02-15,64.11000061035156,62.77000045776367,64.0,63.709999084472656,1508500.0,61.68540954589844,J
2018-02-16,64.30000305175781,63.13999938964844,63.400001525878906,63.189998626708984,1486300.0,61.18193054199219,J
2018-02-20,63.47999954223633,62.11000061035156,62.7599983215332,62.470001220703125,982900.0,60.48481369018555,J
2018-02-21,63.5099983215332,62.04999923706055,62.400001525878906,62.060001373291016,1304900.0,60.08784484863281,J
2018-02-22,63.84000015258789,62.08000183105469,62.47999954223633,62.599998474121094,1006200.0,60.61067581176758,J
2018-02-23,63.2599983215332,61.2400016784668,62.90999984741211,62.349998474121094,1878500.0,60.368629455566406,J
2018-02-26,63.25,61.88999938964844,62.68000030517578,63.0099983215332,966600.0,61.00765609741211,J
2018-02-27,63.63999938964844,61.720001220703125,62.91999816894531,61.7400016784668,2091400.0,59.77801513671875,J
2018-02-28,62.619998931884766,61.04999923706055,62.18000030517578,61.060001373291016,2229000.0,59.11961364746094,J
2018-03-01,61.040000915527344,59.16999816894531,60.90999984741211,59.34000015258789,1656900.0,57.45428466796875,J
2018-03-02,60.15999984741211,58.290000915527344,58.560001373291016,60.040000915527344,1569400.0,58.13203048706055,J
2018-03-05,60.619998931884766,59.279998779296875,59.52000045776367,60.11000061035156,1179900.0,58.19981384277344,J
2018-03-06,60.599998474121094,59.91999816894531,60.2599983215332,60.20000076293945,1227300.0,58.286956787109375,J
2018-03-07,60.36000061035156,59.27000045776367,59.47999954223633,60.189998626708984,910400.0,58.277259826660156,J
2018-03-08,60.52000045776367,59.11000061035156,60.459999084472656,59.61000061035156,1073400.0,57.71570587158203,J
2018-03-09,60.88999938964844,59.869998931884766,60.290000915527344,60.79999923706055,1016100.0,58.867881774902344,J
2018-03-12,60.790000915527344,59.84000015258789,60.790000915527344,60.43000030517578,991000.0,58.50963592529297,J
2018-03-13,61.36000061035156,59.88999938964844,60.61000061035156,60.11000061035156,834200.0,58.19981384277344,J
2018-03-14,61.0,59.63999938964844,60.33000183105469,59.779998779296875,1658900.0,57.88029861450195,J
2018-03-15,60.689998626708984,59.70000076293945,59.95000076293945,59.939998626708984,1203600.0,58.03520202636719,J
2018-03-16,61.04999923706055,59.88999938964844,60.0,60.95000076293945,2009700.0,59.01311492919922,J
2018-03-19,60.68000030517578,59.36000061035156,60.61000061035156,59.90999984741211,1278900.0,58.00617218017578,J
2018-03-20,60.68000030517578,59.9900016784668,60.189998626708984,60.130001068115234,890200.0,58.219181060791016,J
2018-03-21,61.16999816894531,59.900001525878906,60.06999969482422,60.529998779296875,637900.0,58.606468200683594,J
2018-03-22,59.849998474121094,57.61000061035156,59.7599983215332,57.65999984741211,1032100.0,55.82767105102539,J
2018-03-23,57.720001220703125,55.41999816894531,57.720001220703125,55.56999969482422,1418600.0,53.8040885925293,J
2018-03-26,59.470001220703125,56.25,57.959999084472656,57.779998779296875,2403600.0,55.9438591003418,J
2018-03-27,57.779998779296875,55.880001068115234,57.779998779296875,56.22999954223633,2282100.0,54.4431037902832,J
2018-03-28,57.47999954223633,56.400001525878906,56.88999938964844,56.869998931884766,1825000.0,55.06277084350586,J
2018-03-29,59.52000045776367,57.709999084472656,58.0,59.150001525878906,1408800.0,57.270320892333984,J
2018-04-02,58.88999938964844,56.70000076293945,58.83000183105469,57.720001220703125,1376900.0,55.8857536315918,J
2018-04-03,58.68000030517578,57.400001525878906,57.959999084472656,58.54999923706055,1027200.0,56.68938446044922,J
2018-04-04,60.369998931884766,57.54999923706055,57.59000015258789,60.18000030517578,1652900.0,58.26758575439453,J
2018-04-05,60.689998626708984,59.63999938964844,60.52000045776367,59.869998931884766,1589400.0,57.967430114746094,J
2018-04-06,59.5099983215332,57.34000015258789,59.400001525878906,58.0099983215332,1144400.0,56.166542053222656,J
2018-04-09,59.529998779296875,58.2599983215332,58.630001068115234,58.31999969482422,899000.0,56.46669006347656,J
2018-04-10,59.75,58.849998474121094,59.2599983215332,59.439998626708984,1044100.0,57.55109786987305,J
2018-04-11,59.869998931884766,58.779998779296875,58.880001068115234,59.52000045776367,737100.0,57.6285514831543,J
2018-04-12,60.220001220703125,59.349998474121094,59.970001220703125,59.459999084472656,534300.0,57.57046890258789,J
2018-04-13,59.91999816894531,58.869998931884766,59.91999816894531,59.27000045776367,461100.0,57.386497497558594,J
2018-04-16,59.970001220703125,59.279998779296875,59.689998626708984,59.720001220703125,588500.0,57.82220458984375,J
2018-04-17,60.599998474121094,60.040000915527344,60.22999954223633,60.2400016784668,727800.0,58.3256721496582,J
2018-04-18,61.0,60.400001525878906,60.66999816894531,60.560001373291016,855400.0,58.63551330566406,J
2018-04-19,60.9900016784668,60.189998626708984,60.58000183105469,60.5,619100.0,58.57741928100586,J
2018-04-20,60.689998626708984,59.43000030517578,60.43000030517578,60.0,780100.0,58.09330368041992,J
2018-04-23,60.84000015258789,59.93000030517578,60.06999969482422,60.459999084472656,1227800.0,58.5386848449707,J
2018-04-24,61.150001525878906,58.70000076293945,60.560001373291016,59.09000015258789,754100.0,57.212223052978516,J
2018-04-25,59.36000061035156,58.310001373291016,59.06999969482422,58.63999938964844,844200.0,56.77651596069336,J
2018-04-26,58.81999969482422,57.630001068115234,58.81999969482422,58.209999084472656,626200.0,56.36018371582031,J
2018-04-27,58.88999938964844,57.7599983215332,58.060001373291016,58.79999923706055,767100.0,56.93144607543945,J
2018-04-30,59.20000076293945,58.08000183105469,58.849998474121094,58.09000015258789,759000.0,56.24401092529297,J
2018-05-01,58.470001220703125,57.34000015258789,58.040000915527344,58.38999938964844,626900.0,56.53447341918945,J
2018-05-02,58.459999084472656,57.66999816894531,58.439998626708984,57.72999954223633,646900.0,55.89543914794922,J
2018-05-03,57.7599983215332,56.09000015258789,57.68000030517578,57.150001525878906,1162100.0,55.33386993408203,J
2018-05-04,56.97999954223633,55.209999084472656,56.209999084472656,56.84000015258789,1731800.0,55.03371810913086,J
2018-05-07,57.13999938964844,56.25,56.93000030517578,56.709999084472656,1950500.0,54.90785217285156,J
2018-05-08,62.310001373291016,59.790000915527344,59.939998626708984,62.099998474121094,3071700.0,60.12656784057617,J
2018-05-09,63.40999984741211,62.29999923706055,63.209999084472656,62.86000061035156,2177700.0,60.86241912841797,J
2018-05-10,63.95000076293945,62.70000076293945,63.0,63.7599983215332,1674300.0,61.733821868896484,J
2018-05-11,64.8499984741211,63.41999816894531,64.5999984741211,63.54999923706055,1153600.0,61.530494689941406,J
2018-05-14,63.70000076293945,62.59000015258789,63.58000183105469,62.9900016784668,1180200.0,60.988285064697266,J
2018-05-15,62.93000030517578,62.29999923706055,62.65999984741211,62.689998626708984,1457200.0,60.697818756103516,J
2018-05-16,63.849998474121094,62.47999954223633,62.630001068115234,63.47999954223633,1220000.0,61.46272277832031,J
2018-05-17,64.05999755859375,62.86000061035156,63.2400016784668,63.959999084472656,730200.0,62.07414627075195,J
2018-05-18,64.20999908447266,63.650001525878906,63.959999084472656,63.7400016784668,1704100.0,61.86063003540039,J
2018-05-21,64.80999755859375,63.91999816894531,64.0,64.2300033569336,987400.0,62.336181640625,J
2018-05-22,64.3499984741211,63.650001525878906,63.650001525878906,63.70000076293945,1143800.0,61.82180404663086,J
2018-05-23,63.52000045776367,62.7400016784668,63.189998626708984,63.459999084472656,828400.0,61.588890075683594,J
2018-05-24,63.83000183105469,62.81999969482422,63.47999954223633,63.459999084472656,790400.0,61.588890075683594,J
2018-05-25,63.400001525878906,62.93000030517578,62.959999084472656,63.33000183105469,590700.0,61.46272277832031,J
2018-05-29,63.66999816894531,62.61000061035156,62.72999954223633,63.29999923706055,1219900.0,61.43360900878906,J
2018-05-30,64.87000274658203,63.33000183105469,63.70000076293945,64.83999633789062,1388700.0,62.928192138671875,J
2018-05-31,65.0199966430664,64.0999984741211,64.69999694824219,64.80000305175781,1958500.0,62.889381408691406,J
2018-06-01,66.05999755859375,64.9800033569336,65.29000091552734,65.41000366210938,1027000.0,63.48139190673828,J
2018-06-04,66.5999984741211,65.5999984741211,65.97000122070312,65.86000061035156,784200.0,63.91812515258789,J
2018-06-05,66.41999816894531,65.62999725341797,65.94999694824219,66.4000015258789,3900700.0,64.44221496582031,J
2018-06-06,66.51000213623047,65.30999755859375,66.51000213623047,66.26000213623047,1147900.0,64.30633544921875,J
2018-06-07,66.45999908447266,65.6500015258789,66.38999938964844,66.05000305175781,1243200.0,64.10252380371094,J
2018-06-08,66.61000061035156,65.76000213623047,66.2300033569336,66.5999984741211,1219500.0,64.63630676269531,J
2018-06-11,66.5999984741211,66.05000305175781,66.5,66.31999969482422,848900.0,64.36454772949219,J
2018-06-12,66.72000122070312,66.01000213623047,66.37000274658203,66.18000030517578,1075100.0,64.22869110107422,J
2018-06-13,66.18000030517578,65.5,66.16000366210938,65.5199966430664,810800.0,63.58815002441406,J
2018-06-14,65.87000274658203,65.0,65.77999877929688,65.3499984741211,801400.0,63.42316436767578,J
2018-06-15,64.94000244140625,63.45000076293945,64.94000244140625,64.55000305175781,1417200.0,62.64675521850586,J
2018-06-18,65.52999877929688,64.0,64.16000366210938,65.5,882700.0,63.56874084472656,J
2018-06-19,64.95999908447266,63.72999954223633,64.66999816894531,64.80000305175781,875500.0,62.889381408691406,J
2018-06-20,65.77999877929688,64.43000030517578,65.04000091552734,65.5999984741211,773200.0,63.665794372558594,J
2018-06-21,65.55999755859375,64.3499984741211,65.37000274658203,64.55000305175781,517300.0,62.64675521850586,J
2018-06-22,65.54000091552734,64.54000091552734,65.20999908447266,64.80000305175781,779500.0,62.889381408691406,J
2018-06-25,64.45999908447266,62.790000915527344,64.3499984741211,63.5,881000.0,61.627716064453125,J
2018-06-26,64.08999633789062,63.2599983215332,63.75,63.81999969482422,809100.0,61.93826675415039,J
2018-06-27,64.8499984741211,63.56999969482422,63.939998626708984,63.599998474121094,1179600.0,61.72475814819336,J
2018-06-28,63.66999816894531,62.63999938964844,63.45000076293945,63.400001525878906,597700.0,61.5306510925293,J
2018-06-29,64.72000122070312,63.459999084472656,63.7599983215332,63.4900016784668,665700.0,61.618003845214844,J
2018-07-02,64.08999633789062,62.790000915527344,62.869998931884766,64.0,1005500.0,62.112972259521484,J
2018-07-03,64.68000030517578,62.900001525878906,64.37999725341797,63.0099983215332,480200.0,61.152156829833984,J
2018-07-05,64.69999694824219,63.2400016784668,63.54999923706055,64.45999908447266,1571900.0,62.55940246582031,J
2018-07-06,65.37000274658203,64.16000366210938,64.26000213623047,65.04000091552734,1241300.0,63.122314453125,J
2018-07-09,66.06999969482422,65.3499984741211,65.41999816894531,66.0,1085500.0,64.05400085449219,J
2018-07-10,66.58000183105469,65.69000244140625,65.93000030517578,66.51000213623047,1200200.0,64.54895782470703,J
2018-07-11,66.13999938964844,65.36000061035156,65.69000244140625,65.4000015258789,922300.0,63.471683502197266,J
2018-07-12,65.91000366210938,65.08999633789062,65.72000122070312,65.58999633789062,858700.0,63.65608596801758,J
2018-07-13,66.5,65.33999633789062,65.58999633789062,66.31999969482422,565200.0,64.36454772949219,J
2018-07-16,66.3499984741211,65.13999938964844,66.19000244140625,65.44999694824219,649700.0,63.520206451416016,J
2018-07-17,66.18000030517578,65.05000305175781,65.08000183105469,66.0,757600.0,64.05400085449219,J
2018-07-18,67.02999877929688,65.87000274658203,65.91999816894531,66.88999938964844,1069800.0,64.91775512695312,J
2018-07-19,67.06999969482422,65.9800033569336,66.52999877929688,66.83999633789062,424200.0,64.86920928955078,J
2018-07-20,66.58000183105469,66.0199966430664,66.55000305175781,66.08999633789062,462900.0,64.14134979248047,J
2018-07-23,66.55999755859375,65.62999725341797,65.8499984741211,66.12000274658203,946700.0,64.17047119140625,J
2018-07-24,67.20999908447266,66.33000183105469,66.5999984741211,67.08000183105469,950600.0,65.1021499633789,J
2018-07-25,67.1500015258789,65.66000366210938,66.88999938964844,67.0999984741211,992600.0,65.12155151367188,J
2018-07-26,68.0199966430664,66.77999877929688,67.04000091552734,67.62999725341797,577400.0,65.63591766357422,J
2018-07-27,68.0,67.05000305175781,67.83999633789062,67.26000213623047,607700.0,65.27684783935547,J
2018-07-30,68.04000091552734,66.94000244140625,67.58999633789062,66.9800033569336,889400.0,65.0051040649414,J
2018-07-31,67.9000015258789,66.62999725341797,67.37999725341797,67.62999725341797,689500.0,65.63591766357422,J
2018-08-01,67.52999877929688,66.61000061035156,66.93000030517578,67.05000305175781,559400.0,65.07304382324219,J
2018-08-02,67.19999694824219,65.95999908447266,66.2699966430664,66.91999816894531,623500.0,65.09249114990234,J
2018-08-03,67.62999725341797,66.2699966430664,66.2699966430664,67.08999633789062,1165900.0,65.2578353881836,J
2018-08-06,73.13999938964844,68.19999694824219,70.0,72.30999755859375,4053100.0,70.33527374267578,J
2018-08-07,73.9000015258789,71.52999877929688,73.68000030517578,72.16000366210938,1790000.0,70.18938446044922,J
2018-08-08,73.1500015258789,71.76000213623047,72.2300033569336,72.87999725341797,1392100.0,70.88971710205078,J
2018-08-09,73.30000305175781,72.45999908447266,72.87999725341797,72.55999755859375,1415000.0,70.57846069335938,J
2018-08-10,72.30999755859375,71.41999816894531,72.08000183105469,71.87999725341797,933400.0,69.91703796386719,J
2018-08-13,72.02999877929688,71.0,71.80999755859375,71.08999633789062,1035800.0,69.14861297607422,J
2018-08-14,72.11000061035156,71.06999969482422,71.30999755859375,71.61000061035156,971600.0,69.65440368652344,J
2018-08-15,71.22000122070312,70.4000015258789,70.98999786376953,70.87000274658203,788500.0,68.93463134765625,J
2018-08-16,71.5,70.63999938964844,71.13999938964844,71.08999633789062,653200.0,69.14861297607422,J
2018-08-17,72.08000183105469,70.98999786376953,71.19000244140625,71.86000061035156,728900.0,69.8975830078125,J
2018-08-20,72.9000015258789,71.73999786376953,72.0,72.83000183105469,924300.0,70.84107971191406,J
2018-08-21,73.5,72.69000244140625,73.0,73.06999969482422,648200.0,71.07453918457031,J
2018-08-22,73.33000183105469,72.63999938964844,73.11000061035156,72.97000122070312,492600.0,70.97726440429688,J
2018-08-23,73.05999755859375,72.61000061035156,72.8499984741211,72.75,703600.0,70.7632827758789,J
2018-08-24,72.88999938964844,72.1500015258789,72.83999633789062,72.77999877929688,727300.0,70.7924575805664,J
2018-08-27,73.36000061035156,72.73999786376953,73.04000091552734,72.80999755859375,992500.0,70.82162475585938,J
2018-08-28,73.11000061035156,72.37999725341797,73.01000213623047,72.55999755859375,1085600.0,70.57846069335938,J
2018-08-29,73.81999969482422,72.55999755859375,72.81999969482422,73.63999938964844,1014900.0,71.62897491455078,J
2018-08-30,73.66999816894531,72.68000030517578,73.41999816894531,72.9800033569336,491700.0,70.98700714111328,J
2018-08-31,72.94999694824219,72.37000274658203,72.63999938964844,72.69000244140625,821600.0,70.70492553710938,J
2018-09-04,72.79000091552734,71.77999877929688,72.4000015258789,72.05000305175781,909800.0,70.0823974609375,J
2018-09-05,72.7699966430664,71.69999694824219,71.83999633789062,72.68000030517578,766700.0,70.69518280029297,J
2018-09-06,74.0,72.7699966430664,72.98999786376953,73.83999633789062,1231600.0,71.8235092163086,J
2018-09-07,74.23999786376953,73.08000183105469,73.4000015258789,73.62000274658203,1027400.0,71.60950469970703,J
2018-09-10,74.44999694824219,73.58999633789062,74.0,73.91000366210938,1223600.0,71.89159393310547,J
2018-09-11,74.68000030517578,73.55000305175781,73.55000305175781,74.19000244140625,864400.0,72.16397094726562,J
2018-09-12,75.12000274658203,73.62999725341797,74.0199966430664,75.02999877929688,912500.0,72.98101043701172,J
2018-09-13,75.95999908447266,74.83000183105469,75.5,75.2300033569336,958000.0,73.17554473876953,J
2018-09-14,76.12000274658203,75.04000091552734,75.20999908447266,75.77999877929688,948100.0,73.71053314208984,J
2018-09-17,76.66000366210938,75.63999938964844,75.76000213623047,75.97000122070312,1884800.0,73.89535522460938,J
2018-09-18,76.5999984741211,75.76000213623047,76.12000274658203,76.16000366210938,2097000.0,74.08016204833984,J
2018-09-19,77.2699966430664,76.0999984741211,76.16000366210938,76.80999755859375,810100.0,74.71239471435547,J
2018-09-20,77.91000366210938,76.33000183105469,77.27999877929688,76.73999786376953,1944400.0,74.6443099975586,J
2018-09-21,77.80000305175781,76.80000305175781,77.04000091552734,77.61000061035156,1773000.0,75.49056243896484,J
2018-09-24,77.61000061035156,77.12999725341797,77.47000122070312,77.26000213623047,801800.0,75.15011596679688,J
2018-09-25,77.75,77.13999938964844,77.37999725341797,77.4000015258789,895300.0,75.28630828857422,J
2018-09-26,77.61000061035156,76.55000305175781,77.29000091552734,76.9800033569336,709000.0,74.87774658203125,J
2018-09-27,77.37999725341797,76.41999816894531,76.83000183105469,76.47000122070312,935400.0,74.52692413330078,J
2018-09-28,76.9800033569336,76.20999908447266,76.55000305175781,76.5,1465200.0,74.55613708496094,J
2018-10-01,77.19000244140625,76.26000213623047,76.83999633789062,77.05999755859375,1606000.0,75.10191345214844,J
2018-10-02,77.58999633789062,76.83999633789062,77.05999755859375,77.19999694824219,2179800.0,75.23835754394531,J
2018-10-03,77.98999786376953,77.08000183105469,77.4800033569336,77.62000274658203,712700.0,75.64769744873047,J
2018-10-04,78.31999969482422,77.33999633789062,77.55999755859375,77.86000061035156,1127000.0,75.881591796875,J
2018-10-05,77.8499984741211,76.38999938964844,77.7300033569336,76.54000091552734,954300.0,74.5951156616211,J
2018-10-08,77.23999786376953,76.0,76.18000030517578,77.08000183105469,663300.0,75.12139892578125,J
2018-10-09,77.55000305175781,76.41000366210938,76.75,76.66000366210938,795200.0,74.71208953857422,J
2018-10-10,76.68000030517578,74.16999816894531,76.68000030517578,74.2699966430664,1057600.0,72.38279724121094,J
2018-10-11,74.19000244140625,70.54000091552734,72.3499984741211,72.19000244140625,1584600.0,70.35566711425781,J
2018-10-12,73.45999908447266,70.62000274658203,73.33999633789062,72.0,1215800.0,70.17049407958984,J
2018-10-15,73.3499984741211,72.02999877929688,72.19999694824219,72.94999694824219,849800.0,71.0963363647461,J
2018-10-16,74.44000244140625,72.62999725341797,73.44999694824219,74.33000183105469,648100.0,72.44129180908203,J
2018-10-17,74.48999786376953,72.94000244140625,74.29000091552734,73.8499984741211,821700.0,71.97348022460938,J
2018-10-18,74.27999877929688,72.66999816894531,73.52999877929688,73.08999633789062,691300.0,71.2327880859375,J
2018-10-19,73.47000122070312,72.12999725341797,73.25,72.27999877929688,597100.0,70.44337463378906,J
2018-10-22,77.75,75.6500015258789,77.12999725341797,77.20999908447266,2471200.0,75.24810791015625,J
2018-10-23,76.37999725341797,75.08000183105469,75.7699966430664,75.81999969482422,1659900.0,73.89342498779297,J
2018-10-24,76.16000366210938,72.41999816894531,76.16000366210938,72.52999877929688,1402900.0,70.68701934814453,J
2018-10-25,75.68000030517578,73.25,73.27999877929688,75.2300033569336,981500.0,73.31841278076172,J
2018-10-26,74.9000015258789,73.13999938964844,74.0199966430664,73.91000366210938,1214600.0,72.0319595336914,J
2018-10-29,75.0,71.0999984741211,75.0,72.4000015258789,1379600.0,70.5603256225586,J
2018-10-30,74.2699966430664,72.16000366210938,72.2699966430664,74.13999938964844,952400.0,72.25608825683594,J
2018-10-31,77.37999725341797,75.0199966430664,75.19000244140625,75.08999633789062,1169900.0,73.18196105957031,J
2018-11-01,76.30000305175781,74.86000061035156,75.44999694824219,75.52999877929688,1087400.0,73.61079406738281,J
2018-11-02,76.80000305175781,74.79000091552734,76.1500015258789,75.13999938964844,2199500.0,73.2306900024414,J
2018-11-05,77.16999816894531,74.91000366210938,75.20999908447266,76.80999755859375,1216400.0,74.8582534790039,J
2018-11-06,79.62999725341797,76.41000366210938,76.41000366210938,79.52999877929688,2066700.0,77.50914764404297,J
2018-11-07,80.95999908447266,79.2699966430664,80.0,80.91999816894531,1286400.0,78.86383056640625,J
2018-11-08,82.23999786376953,79.18000030517578,81.08999633789062,79.43000030517578,1243800.0,77.41169738769531,J
2018-11-09,78.95999908447266,76.77999877929688,78.51000213623047,77.25,1383600.0,75.2870864868164,J
2018-11-12,77.30999755859375,74.94999694824219,77.20999908447266,75.0999984741211,1253100.0,73.19171905517578,J
2018-11-13,76.63999938964844,74.38999938964844,75.44000244140625,74.66000366210938,886000.0,72.76290893554688,J
2018-11-14,75.4000015258789,72.7300033569336,75.23999786376953,73.30999755859375,1722800.0,71.44719696044922,J
2018-11-15,75.37999725341797,72.7300033569336,73.19999694824219,75.0,981700.0,73.0942611694336,J
2018-11-16,75.23999786376953,73.87999725341797,74.62999725341797,74.18000030517578,1767900.0,72.29508972167969,J
2018-11-19,74.54000091552734,72.0199966430664,74.1500015258789,72.93000030517578,2292100.0,71.07684326171875,J
2018-11-20,71.19000244140625,61.86000061035156,71.12000274658203,65.05000305175781,6154700.0,63.397090911865234,J
2018-11-21,66.8499984741211,64.81999969482422,65.58000183105469,65.20999908447266,2477300.0,63.55302047729492,J
2018-11-23,65.55000305175781,64.0,64.62000274658203,64.69000244140625,1275800.0,63.04624557495117,J
2018-11-26,65.5,63.779998779296875,65.19999694824219,65.2699966430664,1786200.0,63.61149978637695,J
2018-11-27,65.4800033569336,64.16999816894531,64.80999755859375,64.69000244140625,1657800.0,63.04624557495117,J
2018-11-28,66.33000183105469,63.40999984741211,64.62000274658203,66.18000030517578,1762700.0,64.49836730957031,J
2018-11-29,66.94000244140625,64.83000183105469,65.83999633789062,65.0999984741211,1602400.0,63.44581604003906,J
2018-11-30,65.97000122070312,64.70999908447266,64.9800033569336,65.66999816894531,1943600.0,64.00132751464844,J
2018-12-03,68.44000244140625,65.87999725341797,66.66999816894531,65.9800033569336,1994900.0,64.30345916748047,J
2018-12-04,65.62000274658203,62.130001068115234,65.5999984741211,62.77000045776367,2308200.0,61.17502212524414,J
2018-12-06,62.369998931884766,60.04999923706055,61.65999984741211,60.91999816894531,2806000.0,59.37202835083008,J
2018-12-07,62.2400016784668,59.439998626708984,61.220001220703125,59.779998779296875,1485100.0,58.2609977722168,J
2018-12-10,60.060001373291016,58.0,59.11000061035156,58.86000061035156,1298000.0,57.36437225341797,J
2018-12-11,61.150001525878906,59.47999954223633,60.220001220703125,59.88999938964844,2900100.0,58.368202209472656,J
2018-12-12,62.13999938964844,60.779998779296875,61.22999954223633,60.83000183105469,1684500.0,59.2843132019043,J
2018-12-13,61.13999938964844,59.38999938964844,61.130001068115234,59.88999938964844,1074300.0,58.368202209472656,J
2018-12-14,59.43000030517578,58.45000076293945,58.959999084472656,58.70000076293945,983700.0,57.20844268798828,J
2018-12-17,59.47999954223633,57.540000915527344,58.400001525878906,57.86000061035156,1977100.0,56.38978958129883,J
2018-12-18,59.189998626708984,57.470001220703125,58.43000030517578,57.70000076293945,1618300.0,56.233856201171875,J
2018-12-19,59.4900016784668,56.97999954223633,57.779998779296875,57.45000076293945,1516000.0,55.990203857421875,J
2018-12-20,58.119998931884766,56.310001373291016,57.27000045776367,57.11000061035156,1465700.0,55.65884017944336,J
2018-12-21,57.880001068115234,55.560001373291016,57.06999969482422,55.91999816894531,2280800.0,54.49907302856445,J
2018-12-24,56.529998779296875,55.2400016784668,55.709999084472656,55.2400016784668,863600.0,53.83636474609375,J
2018-12-26,57.93000030517578,55.16999816894531,55.790000915527344,57.86000061035156,963400.0,56.38978958129883,J
2018-12-27,58.34000015258789,55.9900016784668,56.5099983215332,58.34000015258789,922500.0,56.85759353637695,J
2018-12-28,58.75,57.369998931884766,58.52000045776367,57.58000183105469,1027700.0,56.11690139770508,J
2018-12-31,58.470001220703125,57.58000183105469,57.68000030517578,58.459999084472656,676100.0,56.97454071044922,J
2019-01-02,58.880001068115234,57.290000915527344,57.52000045776367,58.47999954223633,803700.0,56.9940299987793,J
2019-01-03,58.47999954223633,56.939998626708984,58.34000015258789,57.29999923706055,1116800.0,55.8440055847168,J
2019-01-04,60.06999969482422,58.189998626708984,58.369998931884766,59.52000045776367,1161000.0,58.00760269165039,J
2019-01-07,59.880001068115234,59.0,59.41999816894531,59.529998779296875,1027200.0,58.017356872558594,J
2019-01-08,60.38999938964844,59.310001373291016,60.040000915527344,59.630001068115234,932500.0,58.11480712890625,J
2019-01-09,60.79999923706055,59.880001068115234,60.2599983215332,60.150001525878906,1065000.0,58.62160110473633,J
2019-01-10,60.77000045776367,59.59000015258789,59.95000076293945,60.75,839600.0,59.20634460449219,J
2019-01-11,60.650001525878906,59.779998779296875,60.060001373291016,60.470001220703125,898900.0,58.933467864990234,J
2019-01-14,60.4900016784668,59.689998626708984,59.75,60.09000015258789,1188500.0,58.5631103515625,J
2019-01-15,60.58000183105469,59.5099983215332,60.349998474121094,59.959999084472656,824200.0,58.436424255371094,J
2019-01-16,60.619998931884766,59.310001373291016,59.849998474121094,59.68000030517578,1422100.0,58.16353225708008,J
2019-01-17,61.0,59.31999969482422,59.38999938964844,60.52000045776367,1191600.0,58.98219680786133,J
2019-01-18,62.84000015258789,61.209999084472656,61.529998779296875,62.5099983215332,1836400.0,60.921630859375,J
2019-01-22,62.369998931884766,61.2599983215332,61.810001373291016,61.75,1246900.0,60.180938720703125,J
2019-01-23,62.70000076293945,61.369998931884766,62.09000015258789,61.70000076293945,1273600.0,60.132205963134766,J
2019-01-24,62.33000183105469,61.400001525878906,61.79999923706055,62.18000030517578,858600.0,60.600013732910156,J
2019-01-25,63.84000015258789,62.59000015258789,62.63999938964844,63.77000045776367,1174000.0,62.14961242675781,J
2019-01-28,63.540000915527344,62.58000183105469,63.09000015258789,63.11000061035156,1035000.0,61.506385803222656,J
2019-01-29,63.66999816894531,62.880001068115234,63.56999969482422,62.939998626708984,1438200.0,61.3406982421875,J
2019-01-30,64.25,62.7400016784668,63.529998779296875,63.93000030517578,1354800.0,62.3055419921875,J
2019-01-31,64.83000183105469,63.70000076293945,63.939998626708984,64.80000305175781,1766900.0,63.153438568115234,J
2019-02-01,65.66999816894531,64.58999633789062,64.80000305175781,65.38999938964844,1074900.0,63.72843933105469,J
2019-02-04,66.52999877929688,65.01000213623047,65.06999969482422,66.52999877929688,1181200.0,64.83946990966797,J
2019-02-05,67.26000213623047,65.93000030517578,66.44000244140625,66.7300033569336,1546000.0,65.0344009399414,J
2019-02-06,68.16999816894531,65.41000366210938,66.75,68.0199966430664,3311900.0,66.29161071777344,J
2019-02-07,67.62000274658203,64.52999877929688,67.38999938964844,65.2300033569336,3505200.0,63.57251739501953,J
2019-02-08,65.88999938964844,64.11000061035156,64.76000213623047,65.7300033569336,1716200.0,64.05979919433594,J
2019-02-11,66.13999938964844,65.05000305175781,65.79000091552734,65.7300033569336,1392000.0,64.05979919433594,J
2019-02-12,67.95999908447266,66.08999633789062,66.26000213623047,67.62999725341797,1778600.0,65.91153717041016,J
2019-02-13,69.0,67.55000305175781,67.8499984741211,68.43000030517578,1911100.0,66.69120025634766,J
2019-02-14,68.33999633789062,67.33999633789062,67.95999908447266,67.88999938964844,1094000.0,66.32969665527344,J
2019-02-15,69.05999755859375,68.06999969482422,68.41000366210938,68.72000122070312,975800.0,67.14063262939453,J
2019-02-19,71.29000091552734,68.4800033569336,68.4800033569336,71.25,2067400.0,69.61248016357422,J
2019-02-20,73.87000274658203,71.33000183105469,71.66000366210938,73.80000305175781,4488100.0,72.10387420654297,J
2019-02-21,74.33000183105469,73.33999633789062,73.4800033569336,73.76000213623047,2356400.0,72.0647964477539,J
2019-02-22,74.48999786376953,73.63999938964844,74.30000305175781,74.44999694824219,1564200.0,72.73894500732422,J
2019-02-25,75.2300033569336,74.13999938964844,74.7699966430664,74.83000183105469,2042400.0,73.11021423339844,J
2019-02-26,75.23999786376953,74.51000213623047,74.91000366210938,74.79000091552734,1536500.0,73.07112121582031,J
2019-02-27,74.9800033569336,74.18000030517578,74.5,74.79000091552734,1088400.0,73.07112121582031,J
2019-02-28,74.87999725341797,73.76000213623047,74.73999786376953,73.77999877929688,2039400.0,72.08433532714844,J
2019-03-01,74.63999938964844,73.37999725341797,74.5199966430664,74.01000213623047,1253400.0,72.3090591430664,J
2019-03-04,74.79000091552734,73.05999755859375,74.7699966430664,73.63999938964844,1169400.0,71.94754791259766,J
2019-03-05,73.8499984741211,72.91999816894531,73.8499984741211,73.0,876900.0,71.32225799560547,J
2019-03-06,73.04000091552734,72.19999694824219,72.87000274658203,72.25,811000.0,70.5895004272461,J
2019-03-07,72.44999694824219,71.38999938964844,72.05000305175781,72.11000061035156,1609200.0,70.45271301269531,J
2019-03-08,72.0,70.88999938964844,71.23999786376953,71.9000015258789,1181400.0,70.24755096435547,J
2019-03-11,73.20999908447266,71.5,71.7699966430664,73.04000091552734,1232900.0,71.36133575439453,J
2019-03-12,73.81999969482422,72.95999908447266,73.22000122070312,73.05999755859375,1009800.0,71.3808822631836,J
2019-03-13,73.91000366210938,72.9000015258789,73.5,73.2699966430664,1119600.0,71.58604431152344,J
2019-03-14,73.45999908447266,72.8499984741211,73.12999725341797,73.08000183105469,799100.0,71.40042877197266,J
2019-03-15,74.3499984741211,73.05000305175781,73.08000183105469,73.80999755859375,2066200.0,72.1136474609375,J
2019-03-18,74.62999725341797,73.68000030517578,73.72000122070312,74.33999633789062,1265500.0,72.63146209716797,J
2019-03-19,75.16000366210938,73.62999725341797,74.79000091552734,73.75,1228600.0,72.05501556396484,J
2019-03-20,74.51000213623047,72.83999633789062,73.63999938964844,73.72000122070312,804400.0,72.02570343017578,J
2019-03-21,75.12999725341797,73.3499984741211,73.37000274658203,74.66999816894531,847600.0,72.95388793945312,J
2019-03-22,74.38999938964844,72.80000305175781,74.12999725341797,73.06999969482422,870600.0,71.3906478881836,J
2019-03-25,73.66999816894531,72.44999694824219,73.0,73.18000030517578,995000.0,71.49811553955078,J
2019-03-26,74.18000030517578,72.9000015258789,73.66999816894531,73.73999786376953,648900.0,72.04525756835938,J
2019-03-27,74.31999969482422,73.23999786376953,73.75,73.43000030517578,818700.0,71.74238586425781,J
2019-03-28,75.01000213623047,73.61000061035156,73.61000061035156,74.94000244140625,1049100.0,73.21768951416016,J
2019-03-29,75.80999755859375,74.83000183105469,75.48999786376953,75.19000244140625,973500.0,73.4619369506836,J
2019-04-01,77.19000244140625,75.76000213623047,75.80999755859375,77.0999984741211,1013000.0,75.3280258178711,J
2019-04-02,77.0999984741211,76.02999877929688,77.0999984741211,76.58999633789062,646100.0,74.82975769042969,J
2019-04-03,77.12999725341797,76.05000305175781,76.91999816894531,76.27999877929688,582000.0,74.5268783569336,J
2019-04-04,76.52999877929688,75.77999877929688,76.22000122070312,76.1500015258789,914600.0,74.3998794555664,J
2019-04-05,77.05999755859375,76.25,76.5199966430664,76.70999908447266,689500.0,74.9469985961914,J
2019-04-08,76.91000366210938,76.30000305175781,76.43000030517578,76.69999694824219,929900.0,74.93722534179688,J
2019-04-09,76.20999908447266,75.37999725341797,76.19000244140625,75.56999969482422,987100.0,73.83319091796875,J
2019-04-10,75.81999969482422,74.88999938964844,75.73999786376953,75.51000213623047,1147300.0,73.77459716796875,J
2019-04-11,76.54000091552734,75.45999908447266,75.55000305175781,76.37999725341797,798700.0,74.62457275390625,J
2019-04-12,77.33000183105469,76.68000030517578,76.8499984741211,77.0,746600.0,75.2303237915039,J
2019-04-15,77.26000213623047,76.2699966430664,76.87999725341797,76.41999816894531,742700.0,74.66368103027344,J
2019-04-16,77.4000015258789,76.6500015258789,76.69999694824219,77.11000061035156,796000.0,75.33781433105469,J
2019-04-17,77.5199966430664,76.5199966430664,77.5,76.7699966430664,916200.0,75.005615234375,J
2019-04-18,77.4800033569336,76.43000030517578,76.9000015258789,76.93000030517578,817200.0,75.16195678710938,J
2019-04-22,78.8499984741211,76.08000183105469,76.76000213623047,78.68000030517578,1103500.0,76.87173461914062,J
2019-04-23,80.58999633789062,78.83999633789062,78.87999725341797,80.33000183105469,1508800.0,78.48380279541016,J
2019-04-24,81.1500015258789,79.4000015258789,80.36000061035156,79.43000030517578,1180500.0,77.6044921875,J
2019-04-25,79.25,78.19999694824219,79.04000091552734,78.37000274658203,1076700.0,76.56885528564453,J
2019-04-26,79.0999984741211,77.83999633789062,78.19999694824219,78.9800033569336,785100.0,77.16484069824219,J
2019-04-29,79.1500015258789,78.44999694824219,79.05000305175781,78.45999908447266,582700.0,76.65677642822266,J
2019-04-30,78.98999786376953,77.66999816894531,78.7699966430664,77.94000244140625,1154900.0,76.14871215820312,J
2019-05-01,78.5999984741211,77.58000183105469,78.25,77.58999633789062,1127300.0,75.80675506591797,J
2019-05-02,77.38999938964844,76.06999969482422,76.69000244140625,76.73999786376953,1150600.0,74.97630310058594,J
2019-05-03,77.87000274658203,76.94999694824219,77.54000091552734,77.01000213623047,1365100.0,75.24009704589844,J
2019-05-06,77.0199966430664,75.37999725341797,75.69000244140625,77.01000213623047,857000.0,75.24009704589844,J
2019-05-07,79.12999725341797,75.54000091552734,76.43000030517578,78.2300033569336,1899700.0,76.43206787109375,J
2019-05-08,80.44000244140625,78.2300033569336,78.56999969482422,79.02999877929688,1844800.0,77.21368408203125,J
2019-05-09,79.2300033569336,77.68000030517578,78.5,78.62999725341797,976600.0,76.8228759765625,J
2019-05-10,79.08000183105469,77.02999877929688,78.25,78.66000366210938,752800.0,76.85218048095703,J
2019-05-13,77.86000061035156,75.48999786376953,77.18000030517578,75.80999755859375,1542100.0,74.06768035888672,J
2019-05-14,77.25,75.83000183105469,75.83000183105469,76.48999786376953,946800.0,74.7320556640625,J
2019-05-15,77.19999694824219,75.51000213623047,75.81999969482422,76.80999755859375,661200.0,75.04468536376953,J
2019-05-16,78.0,77.05000305175781,77.12999725341797,77.5,684500.0,75.88679504394531,J
2019-05-17,77.6500015258789,76.52999877929688,76.6500015258789,76.54000091552734,556500.0,74.94677734375,J
2019-05-20,76.72000122070312,75.95999908447266,76.25,76.06999969482422,823000.0,74.48655700683594,J
2019-05-21,77.51000213623047,76.52999877929688,76.5999984741211,77.4800033569336,545300.0,75.86721801757812,J
2019-05-22,77.2699966430664,76.55999755859375,76.93000030517578,76.77999877929688,527900.0,75.18177795410156,J
2019-05-23,75.94999694824219,74.70999908447266,75.94999694824219,75.19999694824219,860100.0,73.6346664428711,J
2019-05-24,76.02999877929688,75.2300033569336,75.76000213623047,75.8499984741211,717900.0,74.2711181640625,J
2019-05-28,76.18000030517578,74.70999908447266,76.18000030517578,74.70999908447266,1324800.0,73.15487670898438,J
2019-05-29,74.83000183105469,73.08000183105469,74.2300033569336,73.87000274658203,1025400.0,72.33236694335938,J
2019-05-30,75.4800033569336,73.9800033569336,74.01000213623047,75.19000244140625,955700.0,73.6248779296875,J
2019-05-31,75.29000091552734,73.7300033569336,74.20999908447266,75.29000091552734,1063200.0,73.7228012084961,J
2019-06-03,76.93000030517578,75.5,75.55000305175781,76.8499984741211,1151700.0,75.25032043457031,J
2019-06-04,79.30999755859375,77.41000366210938,77.44000244140625,78.91999816894531,946100.0,77.27723693847656,J
2019-06-05,80.18000030517578,78.88999938964844,79.06999969482422,80.04000091552734,938200.0,78.3739242553711,J
2019-06-06,80.05999755859375,79.16000366210938,80.0,79.62999725341797,576400.0,77.97246551513672,J
2019-06-07,80.47000122070312,79.23999786376953,79.94999694824219,79.4000015258789,716300.0,77.74724578857422,J
2019-06-10,80.98999786376953,79.87999725341797,79.97000122070312,80.13999938964844,784300.0,78.47183990478516,J
2019-06-11,80.8499984741211,78.02999877929688,80.6500015258789,78.37000274658203,999200.0,76.73869323730469,J
2019-06-12,78.5199966430664,77.48999786376953,78.0199966430664,77.83999633789062,905100.0,76.21971130371094,J
2019-06-13,78.83000183105469,77.98999786376953,78.54000091552734,78.33000183105469,521400.0,76.69951629638672,J
2019-06-14,78.68000030517578,77.91000366210938,78.16999816894531,78.30000305175781,660800.0,76.67015838623047,J
2019-06-17,78.80999755859375,78.12000274658203,78.62000274658203,78.19999694824219,419800.0,76.57221984863281,J
2019-06-18,79.9800033569336,78.5,78.8499984741211,79.86000061035156,749200.0,78.19767761230469,J
2019-06-19,80.75,79.73999786376953,80.0,80.62999725341797,866600.0,78.95164489746094,J
2019-06-20,82.4800033569336,81.20999908447266,81.5999984741211,81.9000015258789,1059400.0,80.19520568847656,J
2019-06-21,82.37999725341797,81.25,81.97000122070312,82.30999755859375,2319900.0,80.59667205810547,J
2019-06-24,82.83999633789062,81.87000274658203,82.30000305175781,81.9800033569336,865000.0,80.27354431152344,J
2019-06-25,82.5999984741211,81.25,82.19999694824219,82.31999969482422,872700.0,80.60647583007812,J
2019-06-26,83.16999816894531,82.45999908447266,83.0,82.80999755859375,1251400.0,81.08625793457031,J
2019-06-27,84.12000274658203,83.0,83.18000030517578,84.01000213623047,1633700.0,82.26129150390625,J
2019-06-28,84.5199966430664,83.58000183105469,84.23999786376953,84.38999938964844,1294900.0,82.63336944580078,J
2019-07-01,85.13999938964844,84.04000091552734,85.12000274658203,84.80000305175781,1088500.0,83.03484344482422,J
2019-07-02,84.93000030517578,83.80999755859375,84.81999969482422,84.37999725341797,909700.0,82.62358856201172,J
2019-07-03,84.86000061035156,83.73999786376953,84.5,84.79000091552734,500200.0,83.02505493164062,J
2019-07-05,84.73999786376953,83.55999755859375,84.26000213623047,84.70999908447266,663600.0,82.94671630859375,J
2019-07-08,84.41000366210938,83.51000213623047,84.41000366210938,83.55000305175781,983200.0,81.81086730957031,J
2019-07-09,84.16000366210938,82.54000091552734,82.98999786376953,84.0,733400.0,82.25151062011719,J
2019-07-10,84.4800033569336,83.61000061035156,84.38999938964844,83.81999969482422,466900.0,82.07524108886719,J
2019-07-11,84.0999984741211,83.16000366210938,84.04000091552734,84.05000305175781,678000.0,82.30045318603516,J
2019-07-12,85.48999786376953,84.30999755859375,84.30999755859375,85.20999908447266,1031100.0,83.4363021850586,J
2019-07-15,85.43000030517578,84.5999984741211,85.3499984741211,84.79000091552734,1299900.0,83.02505493164062,J
2019-07-16,85.83000183105469,84.80000305175781,84.94999694824219,85.75,706300.0,83.96507263183594,J
2019-07-17,85.8499984741211,84.61000061035156,85.75,84.73999786376953,701800.0,82.9760971069336,J
2019-07-18,84.55999755859375,83.38999938964844,84.55999755859375,83.94000244140625,705700.0,82.19274139404297,J
2019-07-19,84.79000091552734,83.9000015258789,84.25,83.91000366210938,793600.0,82.16337585449219,J
2019-07-22,84.66000366210938,83.9000015258789,83.9000015258789,84.12999725341797,439000.0,82.3787841796875,J
2019-07-23,84.93000030517578,83.77999877929688,84.56999969482422,84.93000030517578,524800.0,83.16213989257812,J
2019-07-24,85.66000366210938,84.06999969482422,84.62000274658203,85.6500015258789,604400.0,83.86714935302734,J
2019-07-25,85.5999984741211,84.41999816894531,85.5999984741211,84.5,600700.0,82.90565490722656,J
2019-07-26,85.11000061035156,84.55999755859375,84.62000274658203,84.95999908447266,546400.0,83.35696411132812,J
2019-07-29,85.04000091552734,84.04000091552734,85.0,84.18000030517578,673500.0,82.5916748046875,J
2019-07-30,84.45999908447266,83.41000366210938,83.5999984741211,84.23999786376953,815100.0,82.65055084228516,J
2019-07-31,84.72000122070312,82.05999755859375,84.19999694824219,82.51000213623047,1211500.0,80.95318603515625,J
2019-08-01,82.83999633789062,80.44000244140625,82.83999633789062,80.56999969482422,1258800.0,79.04979705810547,J
2019-08-02,80.66999816894531,79.01000213623047,80.25,79.66999816894531,1079700.0,78.16677856445312,J
2019-08-05,83.47000122070312,77.55999755859375,81.19999694824219,81.0,2447800.0,79.47167205810547,J
2019-08-06,84.38999938964844,81.5,82.12000274658203,84.16999816894531,1634100.0,82.58187103271484,J
2019-08-07,83.88999938964844,80.55000305175781,83.30999755859375,83.62999725341797,1522800.0,82.05204772949219,J
2019-08-08,85.94000244140625,83.94000244140625,83.94000244140625,85.52999877929688,1379400.0,83.91619873046875,J
2019-08-09,86.43000030517578,84.37999725341797,85.8499984741211,85.9000015258789,868400.0,84.27921295166016,J
2019-08-12,85.5199966430664,82.69999694824219,85.37999725341797,82.94999694824219,843000.0,81.38487243652344,J
2019-08-13,84.88999938964844,82.19999694824219,82.7699966430664,83.88999938964844,825500.0,82.3071517944336,J
2019-08-14,82.4000015258789,80.5,81.83999633789062,80.7699966430664,798200.0,79.24600982666016,J
2019-08-15,82.16999816894531,80.9000015258789,81.0,81.68000030517578,905200.0,80.13885498046875,J
2019-08-16,83.66999816894531,82.23999786376953,82.30000305175781,83.4800033569336,827900.0,81.9048843383789,J
2019-08-19,84.88999938964844,83.9800033569336,84.87000274658203,83.98999786376953,1026800.0,82.40525817871094,J
2019-08-20,83.87000274658203,82.16000366210938,83.83999633789062,83.56999969482422,1070300.0,81.9931869506836,J
2019-08-21,86.12999725341797,84.45999908447266,84.63999938964844,86.02999877929688,968400.0,84.40677642822266,J
2019-08-22,87.47000122070312,86.01000213623047,86.5,86.55000305175781,767200.0,84.9169692993164,J
2019-08-23,87.0,84.66000366210938,85.93000030517578,85.01000213623047,986600.0,83.40601348876953,J
2019-08-26,85.94999694824219,84.68000030517578,85.86000061035156,85.61000061035156,729600.0,83.99468994140625,J
2019-08-27,86.38999938964844,84.55000305175781,86.11000061035156,85.0199966430664,756300.0,83.41582489013672,J
2019-08-28,85.66000366210938,84.04000091552734,84.94000244140625,85.5,623500.0,83.88677215576172,J
2019-08-29,88.26000213623047,86.0,86.44000244140625,87.79000091552734,1003400.0,86.13355255126953,J
2019-08-30,88.95999908447266,87.9800033569336,88.5,88.86000061035156,774500.0,87.1833724975586,J
2019-09-03,89.30000305175781,87.62000274658203,88.05999755859375,89.29000091552734,906900.0,87.60527801513672,J
2019-09-04,91.20999908447266,89.8499984741211,90.01000213623047,90.87000274658203,1082000.0,89.15546417236328,J
2019-09-05,92.25,91.0,91.48999786376953,91.36000061035156,1075500.0,89.63621520996094,J
2019-09-06,92.69999694824219,91.43000030517578,91.43000030517578,92.31999969482422,859400.0,90.57808685302734,J
2019-09-09,93.93000030517578,91.9800033569336,92.87999725341797,92.12000274658203,1555200.0,90.38186645507812,J
2019-09-10,92.18000030517578,89.33000183105469,91.93000030517578,89.97000122070312,1669900.0,88.2724380493164,J
2019-09-11,90.61000061035156,89.05999755859375,90.0,89.80000305175781,1410400.0,88.10565948486328,J
2019-09-12,90.76000213623047,89.87999725341797,90.0,90.37999725341797,1057700.0,88.67469787597656,J
2019-09-13,91.81999969482422,90.7699966430664,90.94000244140625,91.20999908447266,1038600.0,89.48904418945312,J
2019-09-16,92.98999786376953,90.8499984741211,91.16000366210938,92.66999816894531,1374700.0,90.9214859008789,J
2019-09-17,93.9000015258789,91.9800033569336,92.25,93.55000305175781,1096900.0,91.78487396240234,J
2019-09-18,94.0999984741211,92.58000183105469,93.16000366210938,93.16999816894531,988800.0,91.41205596923828,J
2019-09-19,93.68000030517578,91.68000030517578,93.12999725341797,92.23999786376953,1015500.0,90.49960327148438,J
2019-09-20,92.98999786376953,91.5,92.5,91.79000091552734,4341500.0,90.05809783935547,J
2019-09-23,91.79000091552734,90.2699966430664,91.25,91.29000091552734,1027600.0,89.5675277709961,J
2019-09-24,91.83000183105469,89.83999633789062,91.33999633789062,90.41999816894531,844700.0,88.71395111083984,J
2019-09-25,91.55000305175781,89.61000061035156,89.6500015258789,91.2699966430664,585800.0,89.54790496826172,J
2019-09-26,91.69999694824219,90.4000015258789,91.11000061035156,90.9800033569336,449600.0,89.26337432861328,J
2019-09-27,91.48999786376953,90.44000244140625,91.13999938964844,90.69000244140625,518300.0,88.97885131835938,J
2019-09-30,91.9000015258789,90.69000244140625,90.69000244140625,91.5,666400.0,89.77355194091797,J
2019-10-01,92.37999725341797,89.31999969482422,92.0199966430664,89.5199966430664,698000.0,87.83092498779297,J
2019-10-02,89.0,86.94999694824219,88.73999786376953,87.88999938964844,1336800.0,86.2316665649414,J
2019-10-03,88.16000366210938,86.23999786376953,87.33000183105469,88.01000213623047,486300.0,86.51676940917969,J
2019-10-04,89.87999725341797,87.95999908447266,88.06999969482422,89.81999969482422,533000.0,88.29605102539062,J
2019-10-07,90.06999969482422,88.9000015258789,89.37000274658203,88.9000015258789,472000.0,87.39166259765625,J
2019-10-08,89.41000366210938,86.94000244140625,88.0999984741211,88.33999633789062,1053600.0,86.84114837646484,J
2019-10-09,89.41000366210938,88.44000244140625,89.2699966430664,89.05999755859375,556100.0,87.54893493652344,J
2019-10-10,90.6500015258789,88.5999984741211,89.16000366210938,89.63999938964844,820700.0,88.11910247802734,J
2019-10-11,92.58000183105469,90.5199966430664,90.66000366210938,91.8499984741211,883900.0,90.29161834716797,J
2019-10-14,92.22000122070312,90.97000122070312,91.4800033569336,91.3499984741211,434400.0,89.80008697509766,J
2019-10-15,93.01000213623047,91.36000061035156,91.80999755859375,92.58999633789062,580000.0,91.01904296875,J
2019-10-16,92.19999694824219,91.44999694824219,91.86000061035156,91.80999755859375,794100.0,90.25227355957031,J
2019-10-17,93.56999969482422,92.06999969482422,92.29000091552734,93.26000213623047,747100.0,91.67768096923828,J
2019-10-18,93.1500015258789,92.31999969482422,92.97000122070312,92.9000015258789,648800.0,91.32378387451172,J
2019-10-21,94.44000244140625,93.05999755859375,93.75,93.11000061035156,802200.0,91.53022766113281,J
2019-10-22,94.04000091552734,93.02999877929688,93.23999786376953,93.5199966430664,554400.0,91.93325805664062,J
2019-10-23,94.0,92.55000305175781,93.5,92.9000015258789,665900.0,91.32378387451172,J
2019-10-24,93.80000305175781,93.0199966430664,93.2300033569336,93.37000274658203,457300.0,91.78581237792969,J
2019-10-25,94.02999877929688,93.20999908447266,93.20999908447266,93.93000030517578,405100.0,92.33631896972656,J
2019-10-28,94.73999786376953,94.0,94.33000183105469,94.41000366210938,463400.0,92.80816650390625,J
2019-10-29,95.04000091552734,93.79000091552734,93.80000305175781,94.29000091552734,622400.0,92.69021606445312,J
2019-10-30,94.97000122070312,93.9800033569336,94.4800033569336,94.83999633789062,467500.0,93.23087310791016,J
2019-10-31,95.0,93.05000305175781,94.52999877929688,93.58000183105469,737400.0,91.99224090576172,J
2019-11-01,96.31999969482422,94.16999816894531,94.25,96.06999969482422,1043900.0,94.44001007080078,J
2019-11-04,97.55999755859375,96.48999786376953,96.5999984741211,96.98999786376953,748200.0,95.34440612792969,J
2019-11-05,97.75,96.88999938964844,97.36000061035156,97.33000183105469,694800.0,95.67862701416016,J
2019-11-06,97.38999938964844,96.31999969482422,97.3499984741211,96.94000244140625,832700.0,95.29525756835938,J
2019-11-07,98.08000183105469,95.45999908447266,97.62000274658203,95.70999908447266,897200.0,94.08610534667969,J
2019-11-08,95.80000305175781,94.41999816894531,95.25,94.5999984741211,1546100.0,92.99495697021484,J
2019-11-11,95.55000305175781,93.58000183105469,93.93000030517578,95.12000274658203,992800.0,93.5061264038086,J
2019-11-12,95.75,94.94999694824219,95.0199966430664,95.20999908447266,768700.0,93.59459686279297,J
2019-11-13,94.75,93.0,94.75,93.22000122070312,1079200.0,91.63835144042969,J
2019-11-14,94.7300033569336,93.08999633789062,93.19999694824219,94.5,886300.0,92.89664459228516,J
2019-11-15,94.94000244140625,94.2300033569336,94.86000061035156,94.33000183105469,910500.0,92.72953033447266,J
2019-11-18,94.18000030517578,92.80999755859375,94.18000030517578,93.69999694824219,1346100.0,92.11021423339844,J
2019-11-19,95.16999816894531,93.69999694824219,93.9800033569336,94.51000213623047,1053500.0,92.9064712524414,J
2019-11-20,94.76000213623047,93.6500015258789,94.19000244140625,94.26000213623047,837300.0,92.66072082519531,J
2019-11-21,94.63999938964844,93.02999877929688,94.44000244140625,93.29000091552734,781600.0,91.70716857910156,J
2019-11-22,94.16000366210938,93.0,93.75,93.37999725341797,1039300.0,91.79563903808594,J
2019-11-25,95.66000366210938,90.41999816894531,95.26000213623047,90.75,2948800.0,89.21027374267578,J
2019-11-26,91.7699966430664,89.22000122070312,90.87999725341797,91.47000122070312,2089200.0,89.91804504394531,J
2019-11-27,93.44000244140625,91.6500015258789,91.75,92.52999877929688,1302200.0,90.9600601196289,J
2019-11-29,92.83000183105469,91.62000274658203,92.54000091552734,92.08999633789062,992100.0,90.52753448486328,J
2019-12-02,93.0,89.30000305175781,92.44999694824219,89.36000061035156,1454300.0,87.84383392333984,J
2019-12-03,88.86000061035156,87.19000244140625,88.06999969482422,88.62999725341797,1213900.0,87.12622833251953,J
2019-12-04,88.91999816894531,86.25,88.68000030517578,86.29000091552734,1637400.0,84.82594299316406,J
2019-12-05,86.73999786376953,85.38999938964844,86.73999786376953,85.63999938964844,1177100.0,84.18696594238281,J
2019-12-06,86.4800033569336,84.47000122070312,86.12000274658203,85.0199966430664,1936700.0,83.5774917602539,J
2019-12-09,85.8499984741211,84.5999984741211,84.79000091552734,85.83999633789062,967000.0,84.3835678100586,J
2019-12-10,87.22000122070312,85.06999969482422,85.87999725341797,87.12999725341797,964700.0,85.65167999267578,J
2019-12-11,88.33000183105469,87.26000213623047,87.5,88.08999633789062,1731900.0,86.59539794921875,J
2019-12-12,90.13999938964844,88.06999969482422,88.26000213623047,90.0199966430664,1980100.0,88.4926528930664,J
2019-12-13,90.75,89.26000213623047,90.0199966430664,90.02999877929688,1753000.0,88.50248718261719,J
2019-12-16,90.37999725341797,88.83000183105469,90.16999816894531,89.2699966430664,1642900.0,87.75537109375,J
2019-12-17,90.19000244140625,89.30000305175781,90.16999816894531,89.44000244140625,755000.0,87.92250061035156,J
2019-12-18,89.37000274658203,87.8499984741211,89.16999816894531,88.37000274658203,782600.0,86.87064361572266,J
2019-12-19,88.54000091552734,87.63999938964844,88.08999633789062,88.54000091552734,666600.0,87.03775787353516,J
2019-12-20,90.30999755859375,88.7300033569336,89.27999877929688,90.04000091552734,1400600.0,88.5123291015625,J
2019-12-23,90.86000061035156,89.79000091552734,90.12000274658203,90.4000015258789,865400.0,88.8662109375,J
2019-12-24,90.5999984741211,89.5199966430664,90.41999816894531,89.56999969482422,212100.0,88.05028533935547,J
2019-12-26,90.0999984741211,89.5199966430664,89.7300033569336,90.08999633789062,328000.0,88.56146240234375,J
2019-12-27,90.44999694824219,89.38999938964844,90.2300033569336,89.54000091552734,369700.0,88.02080535888672,J
2019-12-30,90.0,89.16999816894531,89.33000183105469,89.62000274658203,579500.0,88.09944915771484,J
2019-12-31,90.41999816894531,89.04000091552734,89.69999694824219,89.83000183105469,537800.0,88.3058853149414,J
2020-01-02,90.44000244140625,88.66000366210938,89.9000015258789,90.2699966430664,1186000.0,88.73841094970703,J
2020-01-03,90.95999908447266,89.08999633789062,89.12999725341797,90.88999938964844,588900.0,89.347900390625,J
2020-01-06,91.08999633789062,90.27999877929688,90.68000030517578,90.72000122070312,575900.0,89.1807861328125,J
2020-01-07,91.23999786376953,89.43000030517578,90.22000122070312,91.04000091552734,619100.0,89.49535369873047,J
2020-01-08,91.6500015258789,89.4800033569336,90.91000366210938,89.4800033569336,930100.0,87.96182250976562,J
2020-01-09,90.93000030517578,89.5199966430664,89.5199966430664,90.88999938964844,659300.0,89.347900390625,J
2020-01-10,91.55000305175781,90.29000091552734,90.9000015258789,90.62999725341797,745700.0,89.09230041503906,J
2020-01-13,91.4000015258789,90.36000061035156,90.94999694824219,91.13999938964844,608500.0,89.59365844726562,J
2020-01-14,93.08999633789062,90.8499984741211,91.0999984741211,92.58000183105469,581200.0,91.00923156738281,J
2020-01-15,93.31999969482422,92.23999786376953,92.30999755859375,92.7699966430664,684600.0,91.19599151611328,J
2020-01-16,94.4000015258789,92.94000244140625,93.91999816894531,93.47000122070312,570800.0,91.8841323852539,J
2020-01-17,94.5999984741211,93.55000305175781,94.0,94.0,806100.0,92.40510559082031,J
2020-01-21,94.98999786376953,93.36000061035156,94.0,94.79000091552734,813800.0,93.18172454833984,J
2020-01-22,94.87999725341797,93.08999633789062,94.72000122070312,94.8499984741211,906200.0,93.2406997680664,J
2020-01-23,96.33000183105469,93.83999633789062,94.44000244140625,96.05999755859375,1025900.0,94.43018341064453,J
2020-01-24,97.93000030517578,96.06999969482422,96.06999969482422,97.0,1215700.0,95.35424041748047,J
2020-01-27,96.4800033569336,94.56999969482422,95.51000213623047,95.27999877929688,758500.0,93.66340637207031,J
2020-01-28,95.97000122070312,94.7300033569336,95.27999877929688,94.83999633789062,1074500.0,93.23087310791016,J
2020-01-29,95.43000030517578,94.55999755859375,95.22000122070312,94.77999877929688,811700.0,93.1718978881836,J
2020-01-30,94.66999816894531,93.4000015258789,93.63999938964844,94.48999786376953,725600.0,93.0733871459961,J
2020-01-31,94.33000183105469,92.30999755859375,93.91999816894531,92.52999877929688,1185600.0,91.14277648925781,J
2020-02-03,94.31999969482422,92.41000366210938,92.70999908447266,93.04000091552734,1436900.0,91.64512634277344,J
2020-02-04,95.54000091552734,91.30000305175781,94.31999969482422,95.45999908447266,1948500.0,94.02885437011719,J
2020-02-05,96.81999969482422,95.37000274658203,96.5,96.75,1026500.0,95.29950714111328,J
2020-02-06,96.91000366210938,95.61000061035156,96.76000213623047,96.0199966430664,876100.0,94.58045196533203,J
2020-02-07,96.47000122070312,95.05999755859375,95.77999877929688,95.77999877929688,682400.0,94.34403991699219,J
2020-02-10,97.30000305175781,95.41000366210938,95.41000366210938,97.0199966430664,725400.0,95.5654525756836,J
2020-02-11,98.16000366210938,97.16999816894531,97.37000274658203,97.7300033569336,801700.0,96.26482391357422,J
2020-02-12,99.45999908447266,97.88999938964844,98.12999725341797,99.26000213623047,911700.0,97.77188110351562,J
2020-02-13,99.6500015258789,97.83999633789062,99.04000091552734,99.2300033569336,1046600.0,97.74234008789062,J
2020-02-14,100.66999816894531,99.04000091552734,99.5,100.66000366210938,844400.0,99.15089416503906,J
2020-02-18,101.66000366210938,99.76000213623047,100.0,100.55999755859375,1057400.0,99.0523910522461,J
2020-02-19,101.69999694824219,100.72000122070312,101.05000305175781,101.45999908447266,629700.0,99.93889617919922,J
2020-02-20,102.55000305175781,101.12999725341797,102.0,102.02999877929688,893800.0,100.5003433227539,J
2020-02-21,104.0,101.41000366210938,101.5999984741211,103.86000061035156,1157600.0,102.30291748046875,J
2020-02-24,103.27999877929688,101.0,101.44000244140625,101.94999694824219,1112200.0,100.42154693603516,J
2020-02-25,102.25,98.66999816894531,101.8499984741211,98.70999908447266,1301200.0,97.2301254272461,J
2020-02-26,101.41000366210938,98.6500015258789,99.38999938964844,99.83000183105469,1568800.0,98.33333587646484,J
2020-02-27,98.5999984741211,93.31999969482422,98.56999969482422,93.31999969482422,1587100.0,91.92094421386719,J
2020-02-28,92.5199966430664,88.6500015258789,90.88999938964844,92.33999633789062,2068400.0,90.95562744140625,J
2020-03-02,97.05999755859375,90.22000122070312,92.56999969482422,96.88999938964844,1303300.0,95.43740844726562,J
2020-03-03,101.91000366210938,95.9000015258789,96.9000015258789,97.5999984741211,1973800.0,96.13677215576172,J
2020-03-04,101.4000015258789,98.23999786376953,98.23999786376953,101.29000091552734,1273000.0,99.77143859863281,J
2020-03-05,100.36000061035156,96.31999969482422,99.2300033569336,97.26000213623047,1172900.0,95.80186462402344,J
2020-03-06,94.87999725341797,91.41000366210938,94.5,94.06999969482422,1361600.0,92.65969848632812,J
2020-03-09,90.66000366210938,82.8499984741211,87.69000244140625,88.94000244140625,1834300.0,87.60659790039062,J
2020-03-10,92.44000244140625,88.47000122070312,91.05000305175781,92.27999877929688,1447500.0,90.89651489257812,J
2020-03-11,90.30000305175781,85.87999725341797,90.08000183105469,88.0,1852300.0,86.6806869506836,J
2020-03-12,85.61000061035156,77.44999694824219,77.44999694824219,79.12000274658203,1621000.0,77.93382263183594,J
2020-03-13,86.7699966430664,80.69999694824219,82.45999908447266,86.76000213623047,1956700.0,85.45927429199219,J
2020-03-16,81.70999908447266,75.6500015258789,79.05000305175781,78.87000274658203,1886200.0,77.68756866455078,J
2020-03-17,81.43000030517578,76.33999633789062,79.69000244140625,80.58999633789062,2283200.0,79.38177490234375,J
2020-03-18,80.94999694824219,65.12999725341797,76.04000091552734,79.43000030517578,1764300.0,78.23917388916016,J
2020-03-19,77.98999786376953,72.76000213623047,76.0999984741211,74.69000244140625,1685700.0,73.57024383544922,J
2020-03-20,75.41999816894531,65.48999786376953,74.69999694824219,65.6500015258789,2207300.0,64.665771484375,J
2020-03-23,64.94000244140625,59.290000915527344,64.80999755859375,63.0099983215332,1925400.0,62.06534194946289,J
2020-03-24,70.98999786376953,65.5999984741211,65.8499984741211,69.48999786376953,1465300.0,68.44819641113281,J
2020-03-25,76.75,68.44000244140625,69.41000366210938,73.25,1400300.0,72.15182495117188,J
2020-03-26,80.44000244140625,73.52999877929688,74.19000244140625,79.81999969482422,777100.0,78.62332916259766,J
2020-03-27,78.54000091552734,74.0199966430664,77.95999908447266,74.87999725341797,822300.0,73.75737762451172,J
2020-03-30,79.70999908447266,72.76000213623047,75.0999984741211,77.98999786376953,976400.0,76.82076263427734,J
2020-03-31,82.31999969482422,75.69000244140625,77.8499984741211,79.2699966430664,1335600.0,78.0815658569336,J
2020-04-01,79.5199966430664,75.04000091552734,75.5999984741211,79.22000122070312,1248900.0,78.03231811523438,J
2020-04-02,82.44999694824219,77.9000015258789,78.12000274658203,81.18000030517578,1119200.0,79.96293640136719,J
2020-04-03,81.19999694824219,76.69999694824219,80.27999877929688,78.97000122070312,1003900.0,77.78607177734375,J
2020-04-06,84.87000274658203,81.48999786376953,81.58999633789062,83.41999816894531,1053700.0,82.16934967041016,J
2020-04-07,86.86000061035156,81.79000091552734,85.87999725341797,81.87999725341797,779200.0,80.65243530273438,J
2020-04-08,84.0,80.2699966430664,83.08000183105469,80.94000244140625,1162200.0,79.7265396118164,J
2020-04-09,83.86000061035156,79.6500015258789,81.87000274658203,81.30999755859375,1779300.0,80.09098052978516,J
2020-04-13,80.91000366210938,79.08000183105469,80.58999633789062,79.83000183105469,815300.0,78.6331787109375,J
2020-04-14,82.69000244140625,80.45999908447266,81.3499984741211,81.80999755859375,741900.0,80.58348846435547,J
2020-04-15,80.55999755859375,78.58000183105469,79.72000122070312,80.0199966430664,608400.0,78.82032012939453,J
2020-04-16,80.38999938964844,77.88999938964844,79.5,79.05000305175781,965700.0,77.86487579345703,J
2020-04-17,84.94000244140625,81.05999755859375,81.22000122070312,84.19999694824219,1017300.0,82.9376449584961,J
2020-04-20,83.94000244140625,80.12000274658203,83.69999694824219,80.69999694824219,1501500.0,79.49011993408203,J
2020-04-21,80.02999877929688,78.0,79.7300033569336,78.20999908447266,637700.0,77.03746032714844,J
2020-04-22,80.47000122070312,79.0999984741211,79.69999694824219,79.51000213623047,469400.0,78.31797790527344,J
2020-04-23,81.55999755859375,79.68000030517578,80.55999755859375,79.75,645100.0,78.55438232421875,J
2020-04-24,80.41999816894531,78.6500015258789,79.51000213623047,80.0,701500.0,78.80062866210938,J
2020-04-27,81.58999633789062,79.58000183105469,81.0,79.79000091552734,1054500.0,78.5937728881836,J
2020-04-28,84.48999786376953,81.01000213623047,81.86000061035156,83.5,878700.0,82.24816131591797,J
2020-04-29,85.93000030517578,82.5999984741211,85.11000061035156,82.7300033569336,959800.0,81.48970031738281,J
2020-04-30,83.55000305175781,81.13999938964844,82.3499984741211,82.75,788100.0,81.50938415527344,J
2020-05-01,81.83000183105469,79.5,81.52999877929688,80.77999877929688,809400.0,79.56893157958984,J
2020-05-04,81.16000366210938,78.06999969482422,79.72000122070312,81.02999877929688,917300.0,79.81517791748047,J
2020-05-05,82.80000305175781,81.30000305175781,81.44999694824219,81.54000091552734,676900.0,80.31754302978516,J
2020-05-06,83.58999633789062,77.52999877929688,81.7300033569336,78.3499984741211,1169800.0,77.17536163330078,J
2020-05-07,80.1500015258789,76.76000213623047,78.9800033569336,78.55000305175781,1343600.0,77.37236785888672,J
2020-05-08,80.58999633789062,79.01000213623047,79.13999938964844,79.97000122070312,752500.0,78.77107238769531,J
2020-05-11,79.66999816894531,78.05000305175781,79.02999877929688,78.56999969482422,1219800.0,77.3920669555664,J
2020-05-12,79.2699966430664,74.62000274658203,78.83999633789062,74.66000366210938,956400.0,73.54068756103516,J
2020-05-13,74.63999938964844,71.11000061035156,74.3499984741211,72.06999969482422,1010700.0,70.989501953125,J
2020-05-14,71.91000366210938,69.16999816894531,70.81999969482422,71.5999984741211,970300.0,70.52655792236328,J
2020-05-15,72.37000274658203,70.16000366210938,70.63999938964844,72.11000061035156,766800.0,71.0289077758789,J
2020-05-18,77.80999755859375,74.5999984741211,74.94999694824219,77.37000274658203,1244300.0,76.2100601196289,J
2020-05-19,77.30000305175781,74.25,77.04000091552734,74.27999877929688,729900.0,73.34648895263672,J
2020-05-20,76.73999786376953,74.76000213623047,75.2699966430664,76.41000366210938,783800.0,75.44973754882812,J
2020-05-21,77.37999725341797,76.0,76.48999786376953,76.97000122070312,661300.0,76.00269317626953,J
2020-05-22,77.37999725341797,76.25,76.31999969482422,77.0999984741211,770600.0,76.13105773925781,J
2020-05-26,81.19999694824219,78.66000366210938,79.06999969482422,80.61000061035156,838100.0,79.59695434570312,J
2020-05-27,84.37000274658203,81.87000274658203,82.2300033569336,84.22000122070312,1090400.0,83.16157531738281,J
2020-05-28,85.1500015258789,83.5,85.12000274658203,84.29000091552734,797600.0,83.23069763183594,J
2020-05-29,84.41999816894531,82.51000213623047,83.1500015258789,84.0199966430664,1296100.0,82.96409606933594,J
2020-06-01,85.80000305175781,83.22000122070312,83.98999786376953,85.08999633789062,727400.0,84.02064514160156,J
2020-06-02,85.87999725341797,84.62000274658203,85.63999938964844,85.36000061035156,729400.0,84.28724670410156,J
2020-06-03,88.01000213623047,86.2300033569336,86.54000091552734,87.80999755859375,690500.0,86.70646667480469,J
2020-06-04,87.58999633789062,86.5999984741211,87.08999633789062,87.58999633789062,672000.0,86.48922729492188,J
2020-06-05,91.4800033569336,88.75,90.0,89.05999755859375,765900.0,87.94074249267578,J
2020-06-08,90.33000183105469,88.7699966430664,89.1500015258789,89.51000213623047,884700.0,88.3851089477539,J
2020-06-09,89.26000213623047,87.80999755859375,88.04000091552734,88.58999633789062,645400.0,87.47665405273438,J
2020-06-10,88.7699966430664,84.83999633789062,88.7699966430664,84.87000274658203,822700.0,83.80340576171875,J
2020-06-11,82.83999633789062,79.58999633789062,82.33999633789062,80.12999725341797,1330900.0,79.12297821044922,J
2020-06-12,82.9000015258789,78.58000183105469,82.83000183105469,80.48999786376953,1071700.0,79.47846221923828,J
2020-06-15,82.62000274658203,78.47000122070312,79.9000015258789,82.38999938964844,987300.0,81.35458374023438,J
2020-06-16,88.08000183105469,84.51000213623047,85.87000274658203,85.12000274658203,1179000.0,84.05027770996094,J
2020-06-17,86.36000061035156,84.94000244140625,85.5199966430664,85.41999816894531,1201000.0,84.34648895263672,J
2020-06-18,85.62999725341797,84.41000366210938,84.76000213623047,85.13999938964844,812800.0,84.07001495361328,J
2020-06-19,87.4800033569336,85.01000213623047,86.68000030517578,85.58000183105469,2310800.0,84.50450134277344,J
2020-06-22,86.18000030517578,83.5999984741211,85.08999633789062,85.66000366210938,755900.0,84.5834732055664,J
2020-06-23,87.06999969482422,85.30000305175781,86.73999786376953,85.31999969482422,792800.0,84.24774932861328,J
2020-06-24,84.69000244140625,82.45999908447266,84.2699966430664,82.87999725341797,894100.0,81.83841705322266,J
2020-06-25,83.76000213623047,81.5199966430664,82.08999633789062,83.63999938964844,717700.0,82.58887481689453,J
2020-06-26,83.45999908447266,81.75,83.16999816894531,82.5,1336900.0,81.46318817138672,J
2020-06-29,84.9800033569336,82.51000213623047,83.69000244140625,84.83000183105469,662500.0,83.763916015625,J
2020-06-30,85.20999908447266,84.37000274658203,84.55000305175781,84.80000305175781,903900.0,83.73429107666016,J
2020-07-01,85.9800033569336,83.66000366210938,85.44000244140625,83.9000015258789,1076900.0,82.8456039428711,J
2020-07-02,86.48999786376953,84.6500015258789,85.6500015258789,85.66000366210938,915200.0,84.5834732055664,J
2020-07-06,87.20999908447266,84.25,86.44000244140625,84.91000366210938,634300.0,83.84291076660156,J
2020-07-07,85.0999984741211,83.3499984741211,85.0999984741211,83.5199966430664,660700.0,82.47038269042969,J
2020-07-08,84.31999969482422,80.87999725341797,83.0,81.5999984741211,1368500.0,80.57452392578125,J
2020-07-09,82.05999755859375,78.80999755859375,81.41999816894531,78.8499984741211,953200.0,77.85906982421875,J
2020-07-10,79.58999633789062,78.23999786376953,78.79000091552734,78.56999969482422,839600.0,77.58258056640625,J
2020-07-13,80.30000305175781,78.56999969482422,79.91999816894531,78.7300033569336,680900.0,77.7405776977539,J
2020-07-14,80.0,77.51000213623047,77.87999725341797,79.04000091552734,1559200.0,78.04668426513672,J
2020-07-15,81.70999908447266,79.62000274658203,80.30999755859375,81.16000366210938,1524300.0,80.1400375366211,J
2020-07-16,83.41000366210938,81.12999725341797,81.54000091552734,82.62000274658203,770900.0,81.58169555664062,J
2020-07-17,83.83999633789062,82.86000061035156,83.3499984741211,83.5199966430664,545200.0,82.47038269042969,J
2020-07-20,83.31999969482422,82.41999816894531,82.63999938964844,82.9800033569336,465400.0,81.9371566772461,J
2020-07-21,84.48999786376953,83.4000015258789,83.4000015258789,83.95999908447266,480300.0,82.90484619140625,J
2020-07-22,84.76000213623047,83.3499984741211,83.3499984741211,84.38999938964844,376100.0,83.32943725585938,J
2020-07-23,85.52999877929688,83.8499984741211,84.16000366210938,84.63999938964844,507800.0,83.764892578125,J
2020-07-24,84.88999938964844,83.72000122070312,84.83000183105469,83.94000244140625,564400.0,83.07212829589844,J
2020-07-27,84.44999694824219,82.91999816894531,83.62999725341797,84.20999908447266,511200.0,83.3393325805664,J
2020-07-28,84.5,83.41999816894531,84.16999816894531,83.70999908447266,566800.0,82.84449768066406,J
2020-07-29,86.7300033569336,83.91999816894531,84.30999755859375,86.72000122070312,765900.0,85.8233871459961,J
2020-07-30,86.11000061035156,84.63999938964844,85.62000274658203,85.37999725341797,567600.0,84.49723815917969,J
2020-07-31,85.7300033569336,83.54000091552734,85.26000213623047,85.3499984741211,906900.0,84.4675521850586,J
2020-08-03,91.44999694824219,85.3499984741211,85.69999694824219,90.5,1290800.0,89.56430053710938,J
2020-08-04,92.5,90.12999725341797,90.86000061035156,92.36000061035156,965800.0,91.40507507324219,J
2020-08-05,93.13999938964844,91.77999877929688,92.55000305175781,92.12000274658203,738400.0,91.16756439208984,J
2020-08-06,92.22000122070312,90.0199966430664,91.56999969482422,90.47000122070312,692100.0,89.53462219238281,J
2020-08-07,91.43000030517578,89.75,90.08999633789062,91.31999969482422,551800.0,90.37582397460938,J
2020-08-10,91.55999755859375,90.47000122070312,91.27999877929688,91.12000274658203,677400.0,90.17789459228516,J
2020-08-11,92.43000030517578,90.43000030517578,92.19999694824219,90.9800033569336,931900.0,90.03934478759766,J
2020-08-12,92.44999694824219,90.12999725341797,92.37999725341797,90.48999786376953,953600.0,89.55440521240234,J
2020-08-13,90.70999908447266,89.23999786376953,89.87999725341797,89.95999908447266,612200.0,89.02989196777344,J
2020-08-14,90.29000091552734,89.19000244140625,89.19000244140625,90.0,472300.0,89.0694808959961,J
2020-08-17,90.19999694824219,89.41999816894531,89.94999694824219,89.97000122070312,594100.0,89.039794921875,J
2020-08-18,90.4800033569336,89.33999633789062,90.16999816894531,89.86000061035156,506100.0,88.93092346191406,J
2020-08-19,90.13999938964844,89.30000305175781,89.69000244140625,89.77999877929688,851900.0,88.85174560546875,J
2020-08-20,89.30999755859375,88.79000091552734,88.87000274658203,89.02999877929688,515500.0,88.10950469970703,J
2020-08-21,89.30000305175781,88.20999908447266,88.87999725341797,88.81999969482422,756300.0,87.90167236328125,J
2020-08-24,89.91999816894531,88.73999786376953,89.12000274658203,89.37000274658203,469600.0,88.44598388671875,J
2020-08-25,90.0,88.30999755859375,90.0,88.4800033569336,634000.0,87.56519317626953,J
2020-08-26,88.86000061035156,87.31999969482422,87.94000244140625,88.44000244140625,531100.0,87.52560424804688,J
2020-08-27,89.80999755859375,88.11000061035156,88.97000122070312,89.08000183105469,440300.0,88.15899658203125,J
2020-08-28,89.51000213623047,88.44999694824219,89.38999938964844,89.45999908447266,354100.0,88.53506469726562,J
2020-08-31,90.6500015258789,88.63999938964844,88.83999633789062,90.2699966430664,798700.0,89.33668518066406,J
2020-09-01,91.83000183105469,89.62000274658203,89.9800033569336,91.44000244140625,650800.0,90.49458312988281,J
2020-09-02,93.11000061035156,90.91000366210938,91.72000122070312,93.11000061035156,605800.0,92.14732360839844,J
2020-09-03,93.43000030517578,90.26000213623047,93.3499984741211,91.0,1210100.0,90.05913543701172,J
2020-09-04,92.37000274658203,90.9000015258789,91.63999938964844,91.95999908447266,938100.0,91.00921630859375,J
2020-09-08,91.33999633789062,90.0199966430664,91.05999755859375,90.62000274658203,1185300.0,89.68307495117188,J
2020-09-09,93.44000244140625,91.13999938964844,91.55999755859375,92.80000305175781,911700.0,91.84052276611328,J
2020-09-10,92.83000183105469,90.38999938964844,92.5199966430664,91.12000274658203,895300.0,90.17789459228516,J
2020-09-11,93.18000030517578,91.16999816894531,91.61000061035156,92.80000305175781,719600.0,91.84052276611328,J
2020-09-14,94.83999633789062,93.05000305175781,93.73999786376953,94.02999877929688,740200.0,93.05780029296875,J
2020-09-15,95.0999984741211,93.58999633789062,94.06999969482422,94.87000274658203,747300.0,93.88912963867188,J
2020-09-16,95.61000061035156,94.36000061035156,95.30000305175781,94.63999938964844,778800.0,93.6614990234375,J
2020-09-17,95.62999725341797,92.7300033569336,93.80999755859375,94.37999725341797,615600.0,93.40419006347656,J
2020-09-18,95.33999633789062,93.47000122070312,93.97000122070312,94.11000061035156,1636300.0,93.13699340820312,J
2020-09-21,92.62999725341797,88.66000366210938,92.5,89.29000091552734,1060300.0,88.3668212890625,J
2020-09-22,91.76000213623047,89.4800033569336,89.4800033569336,91.33000183105469,588600.0,90.38572692871094,J
2020-09-23,92.62000274658203,89.2699966430664,92.30999755859375,89.2699966430664,860700.0,88.34701538085938,J
2020-09-24,90.79000091552734,88.1500015258789,89.12999725341797,90.0199966430664,544200.0,89.08926391601562,J
2020-09-25,91.0999984741211,89.0,89.12000274658203,90.41999816894531,552500.0,89.48514556884766,J
2020-09-28,93.4000015258789,91.36000061035156,91.56999969482422,92.47000122070312,461700.0,91.5139389038086,J
2020-09-29,93.94000244140625,92.2699966430664,92.38999938964844,92.9800033569336,508100.0,92.01866912841797,J
2020-09-30,94.88999938964844,92.2699966430664,93.20999908447266,92.7699966430664,767500.0,91.81082916259766,J
2020-10-01,94.33000183105469,90.94999694824219,92.97000122070312,91.44999694824219,657200.0,90.69022369384766,J
2020-10-02,95.66999816894531,90.19999694824219,90.62000274658203,94.23999786376953,876200.0,93.45703887939453,J
2020-10-05,97.31999969482422,94.4800033569336,94.62000274658203,96.37000274658203,827300.0,95.5693588256836,J
2020-10-06,97.79000091552734,94.91999816894531,96.9800033569336,95.2699966430664,831700.0,94.47847747802734,J
2020-10-07,98.19999694824219,95.41999816894531,96.22000122070312,97.33000183105469,713400.0,96.52137756347656,J
2020-10-08,99.0,97.02999877929688,97.55000305175781,98.98999786376953,675700.0,98.16758728027344,J
2020-10-09,99.58000183105469,97.97000122070312,98.69000244140625,99.31999969482422,680500.0,98.49483489990234,J
2020-10-12,101.44999694824219,99.0199966430664,99.66999816894531,100.77999877929688,929800.0,99.94271087646484,J
2020-10-13,101.30999755859375,99.20999908447266,100.5,99.27999877929688,676300.0,98.45516967773438,J
2020-10-14,100.1500015258789,98.58000183105469,99.7300033569336,98.91000366210938,651900.0,98.08824920654297,J
2020-10-15,100.08000183105469,97.79000091552734,98.0199966430664,99.37000274658203,775700.0,98.54443359375,J
2020-10-16,101.29000091552734,99.19000244140625,99.4000015258789,99.33000183105469,1202600.0,98.5047607421875,J
2020-10-19,100.98999786376953,97.06999969482422,100.16999816894531,97.7300033569336,566300.0,96.91805267333984,J
2020-10-20,99.2699966430664,97.77999877929688,98.83000183105469,97.95999908447266,556900.0,97.1461410522461,J
2020-10-21,99.0,97.08999633789062,97.81999969482422,97.66000366210938,491100.0,96.84864044189453,J
2020-10-22,98.95999908447266,97.47000122070312,97.55999755859375,98.52999877929688,388900.0,97.7114028930664,J
2020-10-23,99.7300033569336,98.3499984741211,99.3499984741211,99.20999908447266,301400.0,98.38575744628906,J
2020-10-26,98.29000091552734,95.31999969482422,97.79000091552734,96.54000091552734,592100.0,95.7379379272461,J
2020-10-27,96.94000244140625,95.0999984741211,96.94000244140625,95.63999938964844,453200.0,94.84540557861328,J
2020-10-28,94.83000183105469,93.06999969482422,93.44999694824219,93.19999694824219,674300.0,92.4256820678711,J
2020-10-29,95.87000274658203,92.5,92.72000122070312,94.7300033569336,557500.0,93.94297790527344,J
2020-10-30,95.19999694824219,93.2699966430664,94.5199966430664,95.0,626900.0,94.21072387695312,J
2020-11-02,99.29000091552734,96.5,96.77999877929688,99.12000274658203,822000.0,98.29650115966797,J
2020-11-03,102.62000274658203,99.94999694824219,100.48999786376953,101.94000244140625,921400.0,101.09308624267578,J
2020-11-04,100.0199966430664,94.80999755859375,100.0199966430664,95.6500015258789,1413700.0,94.8553237915039,J
2020-11-05,99.56999969482422,96.83999633789062,96.83999633789062,97.76000213623047,906700.0,96.94780731201172,J
2020-11-06,99.08000183105469,97.20999908447266,97.69000244140625,97.61000061035156,651700.0,96.7990493774414,J
2020-11-09,106.5,100.05999755859375,103.04000091552734,100.12999725341797,948200.0,99.29811096191406,J
2020-11-10,103.52999877929688,100.20999908447266,100.51000213623047,101.61000061035156,1187900.0,100.76580810546875,J
2020-11-11,103.62000274658203,98.73999786376953,103.13999938964844,98.8499984741211,1047500.0,98.02873992919922,J
2020-11-12,99.43000030517578,97.48999786376953,99.0999984741211,99.26000213623047,759500.0,98.43534851074219,J
2020-11-13,103.55999755859375,100.25,100.27999877929688,103.2699966430664,713400.0,102.41201782226562,J
2020-11-16,107.23999786376953,103.63999938964844,105.0,107.20999908447266,769000.0,106.31928253173828,J
2020-11-17,106.7300033569336,103.62999725341797,106.5,105.30000305175781,610900.0,104.42516326904297,J
2020-11-18,108.16999816894531,105.23999786376953,105.81999969482422,105.23999786376953,811000.0,104.36565399169922,J
2020-11-19,105.7699966430664,103.25,104.69999694824219,105.1500015258789,545600.0,104.27640533447266,J
2020-11-20,105.12999725341797,103.41000366210938,105.05999755859375,103.80000305175781,564500.0,102.9376220703125,J
2020-11-23,105.56999969482422,103.25,104.7300033569336,104.51000213623047,1057500.0,103.6417236328125,J
2020-11-24,109.45999908447266,104.45999908447266,106.02999877929688,107.52999877929688,1195900.0,106.63662719726562,J
2020-11-25,107.6500015258789,105.87000274658203,107.12999725341797,106.3499984741211,496700.0,105.4664306640625,J
2020-11-27,106.68000030517578,105.37999725341797,106.68000030517578,105.86000061035156,275600.0,104.98050689697266,J
2020-11-30,107.98999786376953,105.87000274658203,106.16000366210938,107.83999633789062,1180300.0,106.94405364990234,J
2020-12-01,110.88999938964844,108.22000122070312,109.5,108.7300033569336,789800.0,107.82666778564453,J
2020-12-02,108.31999969482422,105.9000015258789,107.9000015258789,106.88999938964844,511500.0,106.001953125,J
2020-12-03,108.87999725341797,107.0,107.2300033569336,107.79000091552734,639400.0,106.89447021484375,J
2020-12-04,111.0999984741211,107.77999877929688,108.2300033569336,108.95999908447266,655200.0,108.05474090576172,J
2020-12-07,110.12000274658203,108.43000030517578,108.61000061035156,109.8499984741211,614500.0,108.9373550415039,J
2020-12-08,110.12999725341797,108.3499984741211,108.69000244140625,109.5999984741211,454600.0,108.68943786621094,J
2020-12-09,111.16999816894531,109.30000305175781,110.0,109.69999694824219,764300.0,108.7885971069336,J
2020-12-10,109.13999938964844,107.72000122070312,108.72000122070312,108.70999908447266,387500.0,107.80683135986328,J
2020-12-11,109.47000122070312,108.06999969482422,108.58999633789062,108.6500015258789,494400.0,107.74732208251953,J
2020-12-14,109.79000091552734,105.1500015258789,109.62000274658203,105.26000213623047,604900.0,104.38549041748047,J
2020-12-15,106.63999938964844,105.43000030517578,106.38999938964844,105.91000366210938,727200.0,105.03009033203125,J
2020-12-16,106.5999984741211,105.4000015258789,106.44000244140625,106.2300033569336,626900.0,105.3474349975586,J
2020-12-17,107.9000015258789,106.3499984741211,106.58000183105469,107.0,565500.0,106.11103057861328,J
2020-12-18,107.3499984741211,105.6500015258789,106.70999908447266,106.58000183105469,1694700.0,105.69453430175781,J
2020-12-21,107.30000305175781,104.58999633789062,105.11000061035156,106.66000366210938,753400.0,105.77386474609375,J
2020-12-22,106.91000366210938,105.63999938964844,106.66000366210938,106.11000061035156,649000.0,105.22843170166016,J
2020-12-23,108.16999816894531,106.52999877929688,106.8499984741211,106.8499984741211,366100.0,105.9622802734375,J
2020-12-24,107.33000183105469,106.55999755859375,106.83999633789062,107.27999877929688,144500.0,106.38871002197266,J
2020-12-28,108.5,106.66000366210938,108.05000305175781,106.81999969482422,325600.0,105.93253326416016,J
2020-12-29,107.86000061035156,106.0,106.81999969482422,107.2300033569336,415000.0,106.33912658691406,J
2020-12-30,108.44999694824219,106.95999908447266,106.98999786376953,107.48999786376953,303200.0,106.59696197509766,J
2020-12-31,109.13999938964844,107.0999984741211,107.58000183105469,108.95999908447266,317700.0,108.05474090576172,J
2021-01-04,109.97000122070312,106.0199966430664,109.0,106.11000061035156,867000.0,105.22843170166016,J
2021-01-05,107.77999877929688,105.0,105.0,107.16000366210938,646500.0,106.26970672607422,J
2021-01-06,116.7300033569336,108.83000183105469,108.88999938964844,114.76000213623047,1538100.0,113.80655670166016,J
2021-01-07,116.55999755859375,112.66999816894531,115.12999725341797,114.81999969482422,816500.0,113.86605834960938,J
2021-01-08,114.66000366210938,112.11000061035156,114.61000061035156,113.5199966430664,856000.0,112.57685852050781,J
2021-01-11,114.27999877929688,112.45999908447266,112.48999786376953,113.01000213623047,475800.0,112.07110595703125,J
2021-01-12,114.19000244140625,112.16999816894531,113.36000061035156,113.58000183105469,456000.0,112.63636779785156,J
2021-01-13,114.38999938964844,112.37000274658203,114.12999725341797,112.7699966430664,441900.0,111.83309173583984,J
2021-01-14,114.1500015258789,111.58000183105469,113.56999969482422,111.98999786376953,938300.0,111.05957794189453,J
2021-01-15,111.33999633789062,109.0999984741211,111.18000030517578,110.19000244140625,687400.0,109.27452087402344,J
2021-01-19,112.9000015258789,110.98999786376953,111.3499984741211,111.69000244140625,502000.0,110.76206970214844,J
2021-01-20,112.3499984741211,110.9800033569336,111.95999908447266,111.98999786376953,366800.0,111.05957794189453,J
2021-01-21,112.9000015258789,110.83000183105469,112.27999877929688,111.12000274658203,428700.0,110.19680786132812,J
2021-01-22,111.41000366210938,109.41000366210938,110.80999755859375,111.01000213623047,412600.0,110.08771514892578,J
2021-01-25,111.0,109.19000244140625,110.69999694824219,110.29000091552734,366100.0,109.37370300292969,J
2021-01-26,111.11000061035156,108.45999908447266,111.01000213623047,108.80999755859375,426100.0,107.90599822998047,J
2021-01-27,106.94999694824219,103.51000213623047,106.44999694824219,104.5,1127000.0,103.63180541992188,J
2021-01-28,106.0,103.6500015258789,106.0,104.62999725341797,1127100.0,103.7607192993164,J
2021-01-29,104.30000305175781,100.11000061035156,103.80000305175781,100.95999908447266,1060900.0,100.1212158203125,J
2021-02-01,102.33999633789062,100.05000305175781,102.33999633789062,101.66000366210938,935200.0,100.8154067993164,J
2021-02-02,106.30000305175781,102.58999633789062,103.08000183105469,105.55000305175781,607100.0,104.67308044433594,J
2021-02-03,106.91999816894531,104.66999816894531,105.04000091552734,106.08999633789062,618400.0,105.2085952758789,J
2021-02-04,107.83999633789062,106.13999938964844,106.4000015258789,107.75,680200.0,106.85479736328125,J
2021-02-05,109.69999694824219,106.29000091552734,108.98999786376953,107.44999694824219,580600.0,106.55729675292969,J
2021-02-08,109.2699966430664,108.05000305175781,108.29000091552734,109.12999725341797,691100.0,108.22333526611328,J
2021-02-09,113.41999816894531,109.4000015258789,110.08000183105469,112.04000091552734,1040600.0,111.10916137695312,J
2021-02-10,112.56999969482422,109.47000122070312,112.4000015258789,110.70999908447266,591800.0,109.79019927978516,J
2021-02-11,115.19000244140625,110.94000244140625,111.44999694824219,115.0,769200.0,114.04457092285156,J
2021-02-12,115.45999908447266,113.72000122070312,114.51000213623047,114.9000015258789,513300.0,113.94540405273438,J
2021-02-16,116.06999969482422,112.52999877929688,114.55999755859375,113.2300033569336,583000.0,112.2892837524414,J
2021-02-17,113.05999755859375,110.52999877929688,112.66999816894531,112.80999755859375,572900.0,111.87275695800781,J
2021-02-18,113.18000030517578,109.7300033569336,111.77999877929688,112.51000213623047,944400.0,111.57526397705078,J
2021-02-19,113.91999816894531,112.25,113.37000274658203,112.41000366210938,389800.0,111.47608947753906,J
2021-02-22,116.16999816894531,111.7300033569336,112.30999755859375,115.75,808100.0,114.78833770751953,J
2021-02-23,116.72000122070312,114.1500015258789,115.73999786376953,116.2300033569336,565400.0,115.26435089111328,J
2021-02-24,120.3499984741211,116.05999755859375,116.83000183105469,119.75,809500.0,118.7551040649414,J
2021-02-25,120.44000244140625,117.30000305175781,119.80000305175781,117.69999694824219,517900.0,116.92718505859375,J
2021-02-26,118.05999755859375,115.0199966430664,117.9000015258789,115.08000183105469,701800.0,114.32438659667969,J
2021-03-01,117.62999725341797,115.08999633789062,116.98999786376953,115.18000030517578,716400.0,114.42373657226562,J
2021-03-02,116.0,114.16000366210938,115.16999816894531,114.55000305175781,556100.0,113.79786682128906,J
2021-03-03,116.81999969482422,114.05000305175781,114.69999694824219,115.06999969482422,459200.0,114.314453125,J
2021-03-04,116.37000274658203,111.83999633789062,115.56999969482422,112.87999725341797,678300.0,112.13883209228516,J
2021-03-05,116.23999786376953,112.12999725341797,113.54000091552734,115.5199966430664,624700.0,114.7614974975586,J
2021-03-08,119.9800033569336,116.66999816894531,117.06999969482422,118.25,710500.0,117.47356414794922,J
2021-03-09,121.70999908447266,117.73999786376953,118.72000122070312,121.6500015258789,839700.0,120.85124969482422,J
2021-03-10,124.9800033569336,121.52999877929688,122.5,124.75,731000.0,123.93090057373047,J
2021-03-11,127.0,124.31999969482422,124.54000091552734,125.05999755859375,776500.0,124.23886108398438,J
2021-03-12,126.75,125.11000061035156,125.11000061035156,126.45999908447266,480500.0,125.62966918945312,J
2021-03-15,126.48999786376953,124.22000122070312,126.04000091552734,125.87999725341797,511600.0,125.05347442626953,J
2021-03-16,125.76000213623047,123.6500015258789,125.76000213623047,124.52999877929688,388300.0,123.71233367919922,J
2021-03-17,125.73999786376953,123.63999938964844,125.08999633789062,125.31999969482422,413900.0,124.49714660644531,J
2021-03-18,127.44000244140625,124.2699966430664,125.56999969482422,124.62000274658203,550400.0,123.80175018310547,J
2021-03-19,124.37999725341797,121.43000030517578,124.12999725341797,123.37000274658203,981400.0,122.55995178222656,J
2021-03-22,123.30000305175781,121.0,122.37999725341797,123.19000244140625,593400.0,122.38113403320312,J
2021-03-23,123.72000122070312,121.4000015258789,122.66000366210938,121.80000305175781,448900.0,121.0002670288086,J
2021-03-24,124.62999725341797,121.73999786376953,122.06999969482422,123.30000305175781,483000.0,122.49042510986328,J
2021-03-25,126.7300033569336,121.7699966430664,123.77999877929688,126.1500015258789,542300.0,125.32170104980469,J
2021-03-26,128.74000549316406,123.86000061035156,126.27999877929688,128.6199951171875,524700.0,127.77546691894531,J
2021-03-29,129.0,126.58000183105469,127.80999755859375,127.37000274658203,548600.0,126.53369140625,J
2021-03-30,128.49000549316406,127.12000274658203,127.37000274658203,128.1300048828125,453900.0,127.2887191772461,J
2021-03-31,129.6999969482422,127.4000015258789,128.77000427246094,129.27000427246094,620500.0,128.4212188720703,J
2021-04-01,131.24000549316406,128.97999572753906,130.0,129.9499969482422,570800.0,129.09674072265625,J
2021-04-05,133.10000610351562,130.75,131.66000366210938,132.67999267578125,660700.0,131.808837890625,J
2021-04-06,133.75999450683594,131.6300048828125,131.6300048828125,131.9600067138672,650000.0,131.09356689453125,J
2021-04-07,132.05999755859375,130.38999938964844,131.7899932861328,131.4499969482422,554500.0,130.58689880371094,J
2021-04-08,132.97000122070312,130.1300048828125,131.55999755859375,132.77000427246094,550900.0,131.89822387695312,J
2021-04-09,135.1699981689453,132.5399932861328,133.52000427246094,135.11000061035156,481700.0,134.2228546142578,J
2021-04-12,136.19000244140625,134.0,135.25999450683594,134.42999267578125,1176800.0,133.5473175048828,J
2021-04-13,133.85000610351562,131.08999633789062,133.85000610351562,131.5800018310547,891200.0,130.71604919433594,J
2021-04-14,132.02000427246094,130.33999633789062,131.69000244140625,131.32000732421875,1184900.0,130.457763671875,J
2021-04-15,134.0399932861328,130.7899932861328,131.25,133.91000366210938,833500.0,133.03076171875,J
2021-04-16,135.11000061035156,133.22999572753906,135.10000610351562,133.77999877929688,669400.0,132.90159606933594,J
2021-04-19,134.52999877929688,132.6199951171875,134.2899932861328,133.72000122070312,628100.0,132.8419952392578,J
2021-04-20,134.1699981689453,131.50999450683594,133.72000122070312,133.19000244140625,419600.0,132.31549072265625,J
2021-04-21,135.67999267578125,132.7899932861328,133.5500030517578,135.4600067138672,433400.0,134.57057189941406,J
2021-04-22,137.3000030517578,134.9600067138672,135.99000549316406,135.1699981689453,567800.0,134.282470703125,J
2021-04-23,137.8300018310547,135.35000610351562,135.5399932861328,137.13999938964844,437900.0,136.23956298828125,J
2021-04-26,138.5399932861328,135.92999267578125,137.41000366210938,136.44000244140625,502300.0,135.5441436767578,J
2021-04-27,137.1199951171875,135.41000366210938,136.52999877929688,136.7100067138672,433800.0,135.8123779296875,J
2021-04-28,137.22999572753906,135.75,137.10000610351562,136.0,300100.0,135.1070098876953,J
2021-04-29,136.13999938964844,135.13999938964844,136.13999938964844,135.3699951171875,702500.0,134.4811553955078,J
2021-04-30,135.80999755859375,133.11000061035156,135.17999267578125,133.61000061035156,1008500.0,132.7327117919922,J
2021-05-03,136.22999572753906,133.77000427246094,135.0,135.74000549316406,1257100.0,134.84873962402344,J
2021-05-04,138.3000030517578,134.83999633789062,135.14999389648438,138.25999450683594,528200.0,137.3521728515625,J
2021-05-05,138.82000732421875,136.5399932861328,138.50999450683594,138.1699981689453,438300.0,137.26278686523438,J
2021-05-06,139.0,137.36000061035156,138.52999877929688,138.4499969482422,512700.0,137.5409393310547,J
2021-05-07,141.07000732421875,136.6199951171875,137.49000549316406,139.9499969482422,844300.0,139.0310821533203,J
2021-05-10,145.97000122070312,140.44000244140625,141.6699981689453,142.36000061035156,1063500.0,141.42527770996094,J
2021-05-11,141.6699981689453,138.39999389648438,141.58999633789062,140.13999938964844,507600.0,139.2198486328125,J
2021-05-12,140.6999969482422,135.19000244140625,139.8300018310547,135.39999389648438,574900.0,134.51095581054688,J
2021-05-13,139.6999969482422,135.16000366210938,135.2100067138672,139.05999755859375,455700.0,138.14694213867188,J
2021-05-14,140.69000244140625,138.19000244140625,140.07000732421875,138.4499969482422,636300.0,137.5409393310547,J
2021-05-17,139.4199981689453,137.44000244140625,138.11000061035156,139.10000610351562,373500.0,138.1866912841797,J
2021-05-18,139.25999450683594,135.52000427246094,139.05999755859375,135.57000732421875,545800.0,134.6798553466797,J
2021-05-19,136.6199951171875,133.32000732421875,135.0,136.4499969482422,713000.0,135.5540771484375,J
2021-05-20,137.33999633789062,135.75,136.75,136.6300048828125,585800.0,135.73289489746094,J
2021-05-21,139.38999938964844,137.30999755859375,137.30999755859375,138.55999755859375,520300.0,137.6502227783203,J
2021-05-24,139.97999572753906,138.55999755859375,139.30999755859375,139.64999389648438,446700.0,138.73306274414062,J
2021-05-25,140.72000122070312,139.02000427246094,139.49000549316406,139.27000427246094,673400.0,138.35556030273438,J
2021-05-26,141.5399932861328,139.0,139.24000549316406,140.49000549316406,874800.0,139.56753540039062,J
2021-05-27,142.0800018310547,139.77999877929688,141.82000732421875,140.55999755859375,693500.0,139.8461151123047,J
2021-05-28,142.57000732421875,140.7899932861328,142.55999755859375,142.0800018310547,498400.0,141.3583984375,J
2021-06-01,143.58999633789062,141.97000122070312,143.50999450683594,142.3300018310547,369200.0,141.60714721679688,J
2021-06-02,142.32000732421875,140.72999572753906,142.16000366210938,141.39999389648438,326200.0,140.68185424804688,J
2021-06-03,142.02999877929688,139.41000366210938,140.85000610351562,141.72000122070312,322800.0,141.000244140625,J
2021-06-04,143.47999572753906,141.7100067138672,142.1300048828125,143.39999389648438,289500.0,142.67169189453125,J
2021-06-07,143.99000549316406,141.5500030517578,143.39999389648438,141.67999267578125,356500.0,140.96043395996094,J
2021-06-08,143.10000610351562,141.22999572753906,141.6699981689453,142.6199951171875,309700.0,141.89566040039062,J
2021-06-09,142.58999633789062,141.47000122070312,142.10000610351562,141.52000427246094,375800.0,140.80123901367188,J
2021-06-10,142.5,140.50999450683594,142.11000061035156,141.25999450683594,509800.0,140.54257202148438,J
2021-06-11,142.35000610351562,139.60000610351562,141.75,140.14999389648438,714900.0,139.43820190429688,J
2021-06-14,140.35000610351562,137.61000061035156,140.0,138.55999755859375,691700.0,137.8562774658203,J
2021-06-15,139.32000732421875,137.7899932861328,138.4600067138672,138.63999938964844,468200.0,137.93588256835938,J
2021-06-16,139.2899932861328,137.33999633789062,138.58999633789062,137.77000427246094,495500.0,137.0703125,J
2021-06-17,138.25,133.07000732421875,137.72999572753906,133.80999755859375,609300.0,133.1304168701172,J
2021-06-18,132.2899932861328,129.5800018310547,131.13999938964844,129.67999267578125,1314300.0,129.02137756347656,J
2021-06-21,133.5,130.77999877929688,131.08999633789062,132.82000732421875,739800.0,132.14544677734375,J
2021-06-22,133.32000732421875,131.5800018310547,133.1199951171875,132.75,844900.0,132.07579040527344,J
2021-06-23,133.5399932861328,131.30999755859375,133.44000244140625,131.91000366210938,610000.0,131.2400665283203,J
2021-06-24,135.8300018310547,131.49000549316406,132.69000244140625,135.24000549316406,767500.0,134.55316162109375,J
2021-06-25,136.99000549316406,135.42999267578125,135.9600067138672,136.83999633789062,818800.0,136.14501953125,J
2021-06-28,137.9600067138672,132.6699981689453,136.6300048828125,133.89999389648438,754000.0,133.21994018554688,J
2021-06-29,134.7100067138672,131.44000244140625,133.99000549316406,131.80999755859375,945400.0,131.14056396484375,J
2021-06-30,133.6300048828125,131.22000122070312,131.77999877929688,133.4199981689453,438900.0,132.7423858642578,J
2021-07-01,134.83999633789062,133.72000122070312,134.49000549316406,134.30999755859375,385200.0,133.62786865234375,J
2021-07-02,134.64999389648438,132.66000366210938,134.49000549316406,132.72999572753906,664200.0,132.05587768554688,J
2021-07-06,132.72999572753906,130.00999450683594,132.63999938964844,131.74000549316406,678800.0,131.0709228515625,J
2021-07-07,133.77999877929688,131.3699951171875,131.3699951171875,133.57000732421875,390700.0,132.89163208007812,J
2021-07-08,133.75999450683594,130.6699981689453,131.33999633789062,132.3000030517578,376200.0,131.62806701660156,J
2021-07-09,135.10000610351562,133.49000549316406,134.36000061035156,134.64999389648438,423800.0,133.9661407470703,J
2021-07-12,135.83999633789062,133.24000549316406,133.8800048828125,135.5399932861328,457100.0,134.8516082763672,J
2021-07-13,135.72000122070312,132.72999572753906,135.2899932861328,132.88999938964844,412200.0,132.215087890625,J
2021-07-14,134.6699981689453,132.33999633789062,133.24000549316406,132.89999389648438,417500.0,132.22500610351562,J
2021-07-15,133.41000366210938,131.89999389648438,131.89999389648438,132.64999389648438,713000.0,131.97628784179688,J
2021-07-16,133.38999938964844,131.5,133.3800048828125,132.0399932861328,484900.0,131.36936950683594,J
2021-07-19,130.25,127.3499984741211,130.00999450683594,128.57000732421875,625300.0,127.91703033447266,J
2021-07-20,133.25999450683594,128.61000061035156,128.8000030517578,132.22999572753906,557300.0,131.5584259033203,J
2021-07-21,134.63999938964844,132.9499969482422,133.44000244140625,133.69000244140625,333600.0,133.01101684570312,J
2021-07-22,133.83999633789062,131.69000244140625,133.72000122070312,132.27999877929688,224300.0,131.60818481445312,J
2021-07-23,133.97000122070312,132.3699951171875,133.69000244140625,133.89999389648438,202500.0,133.21994018554688,J
2021-07-26,134.7100067138672,132.8300018310547,134.22000122070312,133.30999755859375,263800.0,132.63294982910156,J
2021-07-27,134.32000732421875,131.8000030517578,132.47999572753906,133.66000366210938,370000.0,132.98117065429688,J
2021-07-28,135.8300018310547,132.32000732421875,133.77999877929688,135.11000061035156,413700.0,134.42379760742188,J
2021-07-29,137.35000610351562,135.0399932861328,136.5500030517578,136.52000427246094,575100.0,136.03810119628906,J
2021-07-30,136.82000732421875,134.89999389648438,136.1999969482422,135.25,403400.0,134.77256774902344,J
2021-08-02,138.52999877929688,133.8699951171875,135.9199981689453,133.89999389648438,1007700.0,133.4273223876953,J
2021-08-03,133.19000244140625,128.89999389648438,133.07000732421875,129.4600067138672,1039900.0,129.00302124023438,J
2021-08-04,129.5399932861328,126.62000274658203,128.00999450683594,128.6999969482422,680400.0,128.2456817626953,J
2021-08-05,130.89999389648438,128.38999938964844,129.92999267578125,128.74000549316406,373000.0,128.28555297851562,J
2021-08-06,130.25999450683594,128.3800048828125,129.5500030517578,128.88999938964844,604800.0,128.43502807617188,J
2021-08-09,131.30999755859375,128.00999450683594,129.00999450683594,130.36000061035156,630500.0,129.89984130859375,J
2021-08-10,132.47999572753906,129.64999389648438,130.35000610351562,131.72000122070312,497400.0,131.25502014160156,J
2021-08-11,136.32000732421875,132.07000732421875,132.57000732421875,136.14999389648438,773700.0,135.6693878173828,J
2021-08-12,139.60000610351562,136.0,136.5399932861328,139.55999755859375,1157800.0,139.06735229492188,J
2021-08-13,140.0800018310547,137.67999267578125,140.0,138.07000732421875,804500.0,137.58262634277344,J
2021-08-16,138.80999755859375,135.8300018310547,137.64999389648438,138.13999938964844,497900.0,137.65235900878906,J
2021-08-17,137.27999877929688,134.63999938964844,137.22999572753906,135.75,724500.0,135.2707977294922,J
2021-08-18,136.50999450683594,133.83999633789062,134.9600067138672,133.91000366210938,462400.0,133.4373016357422,J
2021-08-19,133.72000122070312,131.52000427246094,132.52000427246094,131.92999267578125,453800.0,131.46429443359375,J
2021-08-20,132.9600067138672,131.0399932861328,131.7899932861328,132.75,416300.0,132.28140258789062,J
2021-08-23,133.6999969482422,132.08999633789062,133.13999938964844,132.94000244140625,462600.0,132.47071838378906,J
2021-08-24,134.6199951171875,132.9600067138672,133.00999450683594,134.52999877929688,323900.0,134.05511474609375,J
2021-08-25,135.8699951171875,134.64999389648438,135.0500030517578,135.38999938964844,311100.0,134.9120635986328,J
2021-08-26,135.25999450683594,133.47999572753906,135.25,133.67999267578125,274000.0,133.20809936523438,J
2021-08-27,136.2899932861328,133.83999633789062,133.91000366210938,136.00999450683594,284400.0,135.52987670898438,J
2021-08-30,136.1999969482422,135.10000610351562,136.1699981689453,135.3699951171875,352100.0,134.8921356201172,J
2021-08-31,135.91000366210938,134.33999633789062,135.3000030517578,134.9600067138672,389600.0,134.4835968017578,J
2021-09-01,135.60000610351562,133.5800018310547,135.38999938964844,134.72000122070312,470500.0,134.24444580078125,J
2021-09-02,136.75999450683594,135.11000061035156,135.60000610351562,136.2899932861328,313400.0,135.8088836669922,J
2021-09-03,137.6999969482422,135.92999267578125,136.60000610351562,137.10000610351562,343000.0,136.6160430908203,J
2021-09-07,137.19000244140625,133.27999877929688,136.8699951171875,133.3000030517578,587200.0,132.82945251464844,J
2021-09-08,135.92999267578125,132.6300048828125,133.0500030517578,135.82000732421875,498000.0,135.34056091308594,J
2021-09-09,137.52000427246094,135.39999389648438,135.8699951171875,135.5500030517578,404700.0,135.07151794433594,J
2021-09-10,136.6199951171875,133.1300048828125,135.85000610351562,133.32000732421875,444600.0,132.84939575195312,J
2021-09-13,135.5399932861328,133.41000366210938,134.6199951171875,134.5500030517578,353800.0,134.07504272460938,J
2021-09-14,135.52999877929688,132.94000244140625,135.47999572753906,133.00999450683594,467300.0,132.54046630859375,J
2021-09-15,136.24000549316406,132.4600067138672,132.69000244140625,136.0,571600.0,135.51991271972656,J
2021-09-16,136.7899932861328,133.61000061035156,135.63999938964844,133.69000244140625,529200.0,133.21807861328125,J
2021-09-17,133.77999877929688,130.3000030517578,132.5800018310547,130.5500030517578,1176300.0,130.0891571044922,J
2021-09-20,129.42999267578125,125.81999969482422,128.22000122070312,127.87999725341797,571900.0,127.42858123779297,J
2021-09-21,128.64999389648438,126.37000274658203,128.3800048828125,126.73999786376953,449500.0,126.2926025390625,J
2021-09-22,130.97999572753906,127.75,128.36000061035156,130.5399932861328,566200.0,130.07919311523438,J
2021-09-23,135.0399932861328,131.1199951171875,131.25999450683594,134.80999755859375,722200.0,134.33412170410156,J
2021-09-24,136.75999450683594,134.14999389648438,134.14999389648438,136.0,555800.0,135.51991271972656,J
2021-09-27,138.8800048828125,136.0,136.9499969482422,138.27000427246094,587700.0,137.78192138671875,J
2021-09-28,138.72999572753906,135.41000366210938,138.5,136.07000732421875,605300.0,135.5896759033203,J
2021-09-29,137.5800018310547,135.2100067138672,136.3800048828125,136.4199981689453,532800.0,135.93844604492188,J
2021-09-30,136.74000549316406,132.52999877929688,136.74000549316406,132.52999877929688,823400.0,132.0621795654297,J
2021-10-01,135.52000427246094,131.8800048828125,133.47999572753906,134.66000366210938,639000.0,134.18466186523438,J
2021-10-04,136.3699951171875,130.27999877929688,134.3000030517578,131.36000061035156,826800.0,130.8963165283203,J
2021-10-05,133.4199981689453,130.3699951171875,131.6199951171875,132.27999877929688,460900.0,131.8130645751953,J
2021-10-06,132.80999755859375,129.33999633789062,130.13999938964844,132.24000549316406,539800.0,131.77320861816406,J
2021-10-07,135.8699951171875,133.44000244140625,133.44000244140625,134.85000610351562,375500.0,134.37399291992188,J
2021-10-08,135.97000122070312,134.22999572753906,134.6999969482422,135.35000610351562,285100.0,134.87222290039062,J
2021-10-11,136.44000244140625,133.99000549316406,135.47999572753906,133.99000549316406,367700.0,133.51702880859375,J
2021-10-12,134.9199981689453,132.69000244140625,134.16000366210938,133.0,476000.0,132.530517578125,J
2021-10-13,133.89999389648438,131.50999450683594,133.02999877929688,133.27000427246094,357900.0,132.799560546875,J
2021-10-14,134.9600067138672,133.47999572753906,134.4499969482422,134.47999572753906,566100.0,134.21678161621094,J
2021-10-15,136.0,133.74000549316406,135.75,133.9600067138672,522100.0,133.6977996826172,J
2021-10-18,134.35000610351562,132.3000030517578,132.94000244140625,134.07000732421875,563800.0,133.80758666992188,J
2021-10-19,135.1199951171875,133.57000732421875,134.77999877929688,133.82000732421875,462100.0,133.55807495117188,J
2021-10-20,137.08999633789062,134.1999969482422,134.1999969482422,136.41000366210938,605900.0,136.14300537109375,J
2021-10-21,136.92999267578125,135.4499969482422,136.3300018310547,136.8699951171875,383900.0,136.6020965576172,J
2021-10-22,138.08999633789062,136.6300048828125,137.35000610351562,136.92999267578125,356500.0,136.6619873046875,J
2021-10-25,139.33999633789062,136.50999450683594,137.13999938964844,139.13999938964844,677700.0,138.86766052246094,J
2021-10-26,140.16000366210938,138.1699981689453,139.89999389648438,138.27000427246094,394100.0,137.99937438964844,J
2021-10-27,138.05999755859375,135.83999633789062,138.00999450683594,136.0,425600.0,135.7338104248047,J
2021-10-28,141.66000366210938,136.63999938964844,136.63999938964844,139.27999877929688,488100.0,139.00738525390625,J
2021-10-29,141.0500030517578,138.9499969482422,139.0,140.4199981689453,454700.0,140.14515686035156,J
2021-11-01,142.2899932861328,140.13999938964844,141.33999633789062,140.7100067138672,456700.0,140.43460083007812,J
2021-11-02,141.47999572753906,138.97000122070312,141.42999267578125,140.6300048828125,513000.0,140.35475158691406,J
2021-11-03,141.3000030517578,138.63999938964844,140.5800018310547,141.14999389648438,362400.0,140.87371826171875,J
2021-11-04,142.92999267578125,140.74000549316406,141.2899932861328,141.75,305000.0,141.47254943847656,J
2021-11-05,144.99000549316406,142.1999969482422,143.0,142.6300048828125,592100.0,142.350830078125,J
2021-11-08,146.10000610351562,143.1199951171875,143.97999572753906,144.99000549316406,729000.0,144.7062225341797,J
2021-11-09,146.2899932861328,144.3000030517578,144.66000366210938,144.50999450683594,391100.0,144.22714233398438,J
2021-11-10,145.9199981689453,144.25,144.77000427246094,145.52000427246094,609300.0,145.2351837158203,J
2021-11-11,146.2100067138672,144.32000732421875,145.92999267578125,144.60000610351562,386400.0,144.31698608398438,J
2021-11-12,145.55999755859375,143.75999450683594,145.33999633789062,145.4199981689453,461000.0,145.13536071777344,J
2021-11-15,147.6300048828125,145.14999389648438,146.22999572753906,145.44000244140625,443300.0,145.15533447265625,J
2021-11-16,147.82000732421875,145.75,146.11000061035156,147.2100067138672,363300.0,146.921875,J
2021-11-17,147.0500030517578,144.52000427246094,146.75999450683594,145.41000366210938,599400.0,145.12539672851562,J
2021-11-18,147.91000366210938,144.6300048828125,145.83999633789062,147.22000122070312,609400.0,146.93185424804688,J
2021-11-19,148.86000061035156,146.32000732421875,147.69000244140625,146.4199981689453,656100.0,146.13340759277344,J
2021-11-22,148.72000122070312,146.3300018310547,146.99000549316406,146.57000732421875,885900.0,146.2831268310547,J
2021-11-23,144.63999938964844,139.50999450683594,144.3000030517578,144.0,1443700.0,143.71815490722656,J
2021-11-24,149.5500030517578,143.3000030517578,144.3699951171875,148.4499969482422,932000.0,148.15943908691406,J
2021-11-26,146.74000549316406,144.0800018310547,145.0399932861328,145.72999572753906,512800.0,145.44476318359375,J
2021-11-29,148.14999389648438,145.0800018310547,147.00999450683594,146.08999633789062,554000.0,145.80406188964844,J
2021-11-30,145.89999389648438,142.07000732421875,144.9499969482422,142.55999755859375,944900.0,142.2809600830078,J
2021-12-01,144.85000610351562,138.5500030517578,144.64999389648438,138.77999877929688,665600.0,138.50836181640625,J
2021-12-02,143.0399932861328,138.1199951171875,138.75,142.02999877929688,537300.0,141.7519989013672,J
2021-12-03,143.30999755859375,140.2100067138672,142.5500030517578,141.88999938964844,442800.0,141.61227416992188,J
2021-12-06,144.38999938964844,140.72000122070312,143.8000030517578,141.35000610351562,871900.0,141.07334899902344,J
2021-12-07,145.08999633789062,142.25,142.9499969482422,143.50999450683594,565900.0,143.22909545898438,J
2021-12-08,144.89999389648438,142.80999755859375,143.35000610351562,144.49000549316406,352000.0,144.2071990966797,J
2021-12-09,144.22000122070312,142.1300048828125,144.2100067138672,142.16000366210938,387800.0,141.8817596435547,J
2021-12-10,144.35000610351562,142.6199951171875,143.0,143.44000244140625,379900.0,143.15924072265625,J
2021-12-13,143.9499969482422,139.80999755859375,143.49000549316406,140.88999938964844,549200.0,140.61424255371094,J
2021-12-14,141.9499969482422,139.2100067138672,140.57000732421875,140.25,450200.0,139.97549438476562,J
2021-12-15,141.02999877929688,138.1999969482422,140.22000122070312,140.0800018310547,368500.0,139.80581665039062,J
2021-12-16,142.2100067138672,137.47000122070312,140.9199981689453,138.1699981689453,820600.0,137.89955139160156,J
2021-12-17,138.2100067138672,134.85000610351562,137.75999450683594,135.52999877929688,1603400.0,135.2647247314453,J
2021-12-20,133.7899932861328,130.30999755859375,133.11000061035156,132.8300018310547,957200.0,132.57000732421875,J
2021-12-21,135.24000549316406,133.39999389648438,134.0,134.24000549316406,643600.0,133.97726440429688,J
2021-12-22,134.92999267578125,133.1300048828125,134.5,134.58999633789062,550500.0,134.32656860351562,J
2021-12-23,137.89999389648438,134.80999755859375,134.80999755859375,137.35000610351562,365700.0,137.0811767578125,J
2021-12-27,139.00999450683594,136.8800048828125,138.0,138.97999572753906,337900.0,138.70797729492188,J
2021-12-28,140.5399932861328,138.63999938964844,139.11000061035156,140.1999969482422,325600.0,139.9255828857422,J
2021-12-29,141.22000122070312,138.24000549316406,140.1999969482422,138.25,418700.0,137.97940063476562,J
2021-12-30,139.94000244140625,138.25,139.0,138.8300018310547,253900.0,138.5582733154297,J
2021-12-31,140.02000427246094,138.3000030517578,139.1199951171875,139.22999572753906,243800.0,138.9574737548828,J
2022-01-03,141.35000610351562,138.49000549316406,139.52000427246094,139.5800018310547,514000.0,139.3068084716797,J
2022-01-04,143.1699981689453,139.24000549316406,140.3699951171875,142.5500030517578,643500.0,142.27099609375,J
2022-01-05,143.82000732421875,138.88999938964844,142.7899932861328,139.07000732421875,542000.0,138.7978057861328,J
2022-01-06,140.1300048828125,138.52999877929688,140.0,138.8800048828125,388600.0,138.60816955566406,J
2022-01-07,139.22000122070312,136.61000061035156,138.5800018310547,137.19000244140625,513200.0,136.92147827148438,J
2022-01-10,136.8699951171875,132.82000732421875,136.8699951171875,133.5500030517578,701600.0,133.28860473632812,J
2022-01-11,134.17999267578125,131.05999755859375,133.32000732421875,134.14999389648438,604800.0,133.88742065429688,J
2022-01-12,135.3300018310547,132.14999389648438,134.5,132.30999755859375,1000200.0,132.051025390625,J
2022-01-13,135.75,132.57000732421875,132.57000732421875,134.17999267578125,413900.0,133.9173583984375,J
2022-01-14,133.9600067138672,131.6699981689453,132.9499969482422,132.9199981689453,352700.0,132.6598358154297,J
2022-01-18,132.0,127.79000091552734,131.52999877929688,129.61000061035156,627500.0,129.35630798339844,J
2022-01-19,131.10000610351562,128.85000610351562,130.35000610351562,128.97999572753906,428000.0,128.7275390625,J
2022-01-20,131.5800018310547,126.37000274658203,129.5399932861328,126.52999877929688,616900.0,126.28234100341797,J
2022-01-21,128.82000732421875,125.11000061035156,126.20999908447266,127.95999908447266,823900.0,127.70954132080078,J
2022-01-24,132.88999938964844,125.12999725341797,126.12000274658203,132.1300048828125,1257400.0,131.8713836669922,J
2022-01-25,130.42999267578125,125.16999816894531,129.05999755859375,127.18000030517578,933400.0,126.93106842041016,J
2022-01-26,129.72999572753906,123.98999786376953,128.00999450683594,125.68000030517578,546100.0,125.43400573730469,J
2022-01-27,129.0,125.37999725341797,127.47000122070312,126.5,726500.0,126.25240325927734,J
2022-01-28,128.17999267578125,124.08999633789062,125.95999908447266,128.10000610351562,449200.0,127.84927368164062,J
2022-01-31,130.27999877929688,127.19000244140625,127.66000366210938,130.17999267578125,506600.0,129.92518615722656,J
2022-02-01,130.9499969482422,128.92999267578125,130.6999969482422,130.11000061035156,612000.0,129.85533142089844,J
2022-02-02,132.6199951171875,129.0,129.97999572753906,131.6199951171875,855100.0,131.3623809814453,J
2022-02-03,131.58999633789062,128.66000366210938,131.02999877929688,128.9499969482422,505400.0,128.69760131835938,J
2022-02-04,128.69000244140625,126.55000305175781,127.73999786376953,127.66999816894531,1019100.0,127.42011260986328,J
2022-02-07,129.24000549316406,127.12000274658203,128.4199981689453,128.05999755859375,734900.0,127.8093490600586,J
2022-02-08,129.3699951171875,123.83999633789062,128.00999450683594,124.23999786376953,1021900.0,123.996826171875,J
2022-02-09,128.4199981689453,123.87000274658203,124.05000305175781,127.73999786376953,801500.0,127.48997497558594,J
2022-02-10,127.81999969482422,123.7699966430664,125.16999816894531,124.3499984741211,815600.0,124.10660552978516,J
2022-02-11,124.69000244140625,120.16999816894531,124.33999633789062,121.4800033569336,1273400.0,121.24223327636719,J
2022-02-14,121.80999755859375,118.56999969482422,121.68000030517578,120.66999816894531,1276700.0,120.43380737304688,J
2022-02-15,123.80999755859375,121.80999755859375,122.12999725341797,123.80000305175781,780800.0,123.55768585205078,J
2022-02-16,123.86000061035156,120.30000305175781,123.83999633789062,121.66000366210938,709400.0,121.42188262939453,J
2022-02-17,121.30000305175781,119.1500015258789,120.55000305175781,119.69999694824219,863100.0,119.46570587158203,J
2022-02-18,120.69000244140625,118.75,119.69999694824219,119.6500015258789,787500.0,119.41580963134766,J
2022-02-22,120.91999816894531,118.66000366210938,119.68000030517578,119.52999877929688,716900.0,119.2960433959961,J
2022-02-23,120.16999816894531,117.2699966430664,120.13999938964844,117.51000213623047,706200.0,117.27999877929688,J
2022-02-24,119.58000183105469,114.11000061035156,114.8499984741211,119.41000366210938,633400.0,119.41000366210938,J
2022-02-25,123.38999938964844,118.7699966430664,119.4000015258789,123.19999694824219,688500.0,123.19999694824219,J
2022-02-28,123.23999786376953,120.22000122070312,121.52999877929688,123.0,974300.0,123.0,J
2022-03-01,124.26000213623047,121.66999816894531,123.0199966430664,123.01000213623047,912500.0,123.01000213623047,J
2022-03-02,127.08000183105469,123.77999877929688,123.81999969482422,126.51000213623047,793800.0,126.51000213623047,J
2022-03-03,128.49000549316406,126.2699966430664,127.55000305175781,127.83000183105469,616200.0,127.83000183105469,J
2022-03-04,128.13999938964844,126.05000305175781,126.5999984741211,127.95999908447266,585100.0,127.95999908447266,J
2022-03-07,128.2100067138672,122.81999969482422,128.2100067138672,122.86000061035156,810100.0,122.86000061035156,J
2022-03-08,124.77999877929688,121.12999725341797,122.8499984741211,121.58000183105469,1278800.0,121.58000183105469,J
2022-03-09,127.22000122070312,123.2699966430664,123.2699966430664,125.62999725341797,595200.0,125.62999725341797,J
2022-03-10,124.86000061035156,123.0199966430664,123.73999786376953,124.62000274658203,954100.0,124.62000274658203,J
2022-03-11,126.6500015258789,124.18000030517578,125.55000305175781,125.02999877929688,639700.0,125.02999877929688,J
2022-03-14,128.72999572753906,125.70999908447266,126.25,126.83999633789062,817600.0,126.83999633789062,J
2022-03-15,132.94000244140625,127.68000030517578,128.0,131.2100067138672,1377900.0,131.2100067138672,J
2022-03-16,136.97000122070312,132.00999450683594,132.05999755859375,135.67999267578125,1485200.0,135.67999267578125,J
2022-03-17,138.1199951171875,134.1999969482422,134.52999877929688,138.02999877929688,873700.0,138.02999877929688,J
2022-03-18,141.27999877929688,137.6999969482422,139.55999755859375,141.22000122070312,1939000.0,141.22000122070312,J
2022-03-21,142.0,139.42999267578125,140.97000122070312,139.88999938964844,896800.0,139.88999938964844,J
2022-03-22,141.17999267578125,138.08999633789062,139.6999969482422,138.2899932861328,539900.0,138.2899932861328,J
2022-03-23,137.6999969482422,135.39999389648438,137.6999969482422,135.69000244140625,789300.0,135.69000244140625,J
2022-03-24,138.8000030517578,135.49000549316406,135.77000427246094,138.6199951171875,375300.0,138.6199951171875,J
2022-03-25,139.02999877929688,136.6300048828125,139.02999877929688,137.8800048828125,431000.0,137.8800048828125,J
2022-03-28,138.83999633789062,137.0500030517578,137.52999877929688,138.5500030517578,365700.0,138.5500030517578,J
2022-03-29,140.57000732421875,138.08999633789062,140.0,138.75,426700.0,138.75,J
2022-03-30,140.39999389648438,138.50999450683594,138.7100067138672,139.5399932861328,427500.0,139.5399932861328,J
2022-03-31,140.5399932861328,137.77999877929688,139.47000122070312,137.80999755859375,623700.0,137.80999755859375,J
2022-04-01,139.77000427246094,137.8300018310547,138.11000061035156,139.5800018310547,489400.0,139.5800018310547,J
2022-04-04,140.75999450683594,138.39999389648438,140.0800018310547,139.9199981689453,477800.0,139.9199981689453,J
2022-04-05,141.88999938964844,139.1999969482422,140.00999450683594,139.85000610351562,682700.0,139.85000610351562,J
2022-04-06,141.9600067138672,138.08999633789062,138.7100067138672,141.00999450683594,777300.0,141.00999450683594,J
2022-04-07,144.77000427246094,139.97000122070312,140.19000244140625,143.6199951171875,1061300.0,143.6199951171875,J
2022-04-08,145.22999572753906,143.11000061035156,143.99000549316406,143.5399932861328,959200.0,143.5399932861328,J
2022-04-11,144.75,142.22999572753906,143.6699981689453,142.69000244140625,756200.0,142.69000244140625,J
2022-04-12,143.57000732421875,139.6999969482422,142.72000122070312,140.2899932861328,680800.0,140.2899932861328,J
2022-04-13,143.4499969482422,140.25,140.25,143.44000244140625,507900.0,143.44000244140625,J
2022-04-14,145.77999877929688,143.82000732421875,144.19000244140625,144.66000366210938,651600.0,144.66000366210938,J
2022-04-18,144.67999267578125,143.0500030517578,143.85000610351562,144.1300048828125,441600.0,144.1300048828125,J
2022-04-19,147.6199951171875,143.60000610351562,144.27000427246094,147.35000610351562,675000.0,147.35000610351562,J
2022-04-20,150.1300048828125,147.0500030517578,148.6699981689453,147.41000366210938,886800.0,147.41000366210938,J
2022-04-21,150.32000732421875,147.1699981689453,149.0800018310547,148.16000366210938,631000.0,148.16000366210938,J
2022-04-22,147.69000244140625,141.97000122070312,147.69000244140625,142.1999969482422,698000.0,142.1999969482422,J
2022-04-25,141.8699951171875,137.57000732421875,141.8699951171875,140.35000610351562,889600.0,140.35000610351562,J
2022-04-26,141.19000244140625,137.8000030517578,139.64999389648438,137.8300018310547,559200.0,137.8300018310547,J
2022-04-27,141.52000427246094,138.85000610351562,139.57000732421875,141.47000122070312,708900.0,141.47000122070312,J
2022-04-28,143.0,140.11000061035156,142.2100067138672,142.11000061035156,583700.0,142.11000061035156,J
2022-04-29,142.67999267578125,138.02999877929688,141.6199951171875,138.5500030517578,757900.0,138.5500030517578,J
2022-05-02,139.85000610351562,134.91000366210938,138.85000610351562,137.83999633789062,1077100.0,137.83999633789062,J
2022-05-03,139.33999633789062,135.19000244140625,138.25999450683594,138.60000610351562,1321300.0,138.60000610351562,J
2022-05-04,142.9199981689453,136.89999389648438,138.83999633789062,142.42999267578125,874900.0,142.42999267578125,J
2022-05-05,141.67999267578125,136.61000061035156,140.74000549316406,137.57000732421875,867800.0,137.57000732421875,J
2022-05-06,138.22999572753906,134.0,137.22000122070312,137.80999755859375,690500.0,137.80999755859375,J
2022-05-09,136.16000366210938,129.6300048828125,135.9499969482422,130.25999450683594,823200.0,130.25999450683594,J
2022-05-10,133.42999267578125,128.11000061035156,131.92999267578125,130.16000366210938,712800.0,130.16000366210938,J
2022-05-11,134.05999755859375,129.2100067138672,129.69000244140625,130.72999572753906,696500.0,130.72999572753906,J
2022-05-12,131.47999572753906,127.55999755859375,130.0800018310547,130.2100067138672,665800.0,130.2100067138672,J
2022-05-13,133.82000732421875,131.47000122070312,131.47000122070312,133.0800018310547,406100.0,133.0800018310547,J
2022-05-16,134.5,131.49000549316406,132.94000244140625,133.75,486900.0,133.75,J
2022-05-17,136.72000122070312,134.7899932861328,135.72999572753906,136.27000427246094,569500.0,136.27000427246094,J
2022-05-18,136.13999938964844,131.99000549316406,135.3800048828125,132.1999969482422,760500.0,132.1999969482422,J
2022-05-19,135.14999389648438,129.60000610351562,130.44000244140625,133.77000427246094,760100.0,133.77000427246094,J
2022-05-20,135.99000549316406,132.16000366210938,134.75,135.94000244140625,656900.0,135.94000244140625,J
2022-05-23,137.97999572753906,135.83999633789062,137.44000244140625,137.14999389648438,631400.0,137.14999389648438,J
2022-05-24,137.30999755859375,133.8300018310547,136.55999755859375,137.1699981689453,529900.0,137.1699981689453,J
2022-05-25,137.9499969482422,135.58999633789062,136.3000030517578,137.32000732421875,337800.0,137.32000732421875,J
2022-05-26,140.16000366210938,137.6199951171875,138.63999938964844,137.88999938964844,645200.0,137.88999938964844,J
2022-05-27,140.0800018310547,138.32000732421875,139.25999450683594,140.05999755859375,1004100.0,140.05999755859375,J
2022-05-31,140.89999389648438,138.4600067138672,139.61000061035156,140.08999633789062,967800.0,140.08999633789062,J
2022-06-01,140.82000732421875,137.55999755859375,139.92999267578125,138.86000061035156,393900.0,138.86000061035156,J
2022-06-02,140.38999938964844,137.8000030517578,139.52000427246094,140.27000427246094,559300.0,140.27000427246094,J
2022-06-03,139.2899932861328,136.3699951171875,138.66000366210938,138.1300048828125,759400.0,138.1300048828125,J
2022-06-06,139.24000549316406,135.8000030517578,139.24000549316406,135.85000610351562,607100.0,135.85000610351562,J
2022-06-07,137.86000061035156,133.67999267578125,134.25,137.7100067138672,505300.0,137.7100067138672,J
2022-06-08,136.27000427246094,132.4499969482422,135.77999877929688,133.3699951171875,588700.0,133.3699951171875,J
2022-06-09,133.47999572753906,131.89999389648438,133.3000030517578,131.99000549316406,545100.0,131.99000549316406,J
2022-06-10,130.1699981689453,127.94000244140625,129.5,129.02000427246094,451900.0,129.02000427246094,J
2022-06-13,127.5199966430664,124.44999694824219,126.2300033569336,125.54499816894531,395027.0,125.54499816894531,J
