Date,High,Low,Open,Close,Volume,Adj Close,Name
2013-02-08,28.309999465942383,27.31999969482422,27.600000381469727,27.90999984741211,380200,27.90999984741211,NCLH
2013-02-11,27.84000015258789,27.43000030517578,27.780000686645508,27.68000030517578,576900,27.68000030517578,NCLH
2013-02-12,29.5,28.239999771118164,28.90999984741211,28.31999969482422,1876800,28.31999969482422,NCLH
2013-02-13,29.540000915527344,28.290000915527344,28.809999465942383,28.920000076293945,772500,28.920000076293945,NCLH
2013-02-14,29.399999618530273,28.600000381469727,28.81999969482422,29.25,431900,29.25,NCLH
2013-02-15,30.40999984741211,29.479999542236328,29.479999542236328,30.270000457763672,1418700,30.270000457763672,NCLH
2013-02-19,31.329999923706055,30.450000762939453,30.469999313354492,31.190000534057617,497800,31.190000534057617,NCLH
2013-02-20,31.90999984741211,30.559999465942383,31.190000534057617,30.799999237060547,612700,30.799999237060547,NCLH
2013-02-21,31.0,29.760000228881836,30.540000915527344,30.469999313354492,481400,30.469999313354492,NCLH
2013-02-22,31.309999465942383,29.459999084472656,30.950000762939453,29.989999771118164,571200,29.989999771118164,NCLH
2013-02-25,31.40999984741211,30.18000030517578,31.34000015258789,30.780000686645508,471700,30.780000686645508,NCLH
2013-02-26,31.079999923706055,29.790000915527344,30.809999465942383,30.209999084472656,418300,30.209999084472656,NCLH
2013-02-27,30.700000762939453,29.829999923706055,30.559999465942383,30.260000228881836,294400,30.260000228881836,NCLH
2013-02-28,31.079999923706055,30.030000686645508,30.549999237060547,30.979999542236328,234900,30.979999542236328,NCLH
2013-03-01,31.68000030517578,30.260000228881836,30.5,30.989999771118164,688200,30.989999771118164,NCLH
2013-03-04,31.25,30.260000228881836,30.549999237060547,30.450000762939453,274400,30.450000762939453,NCLH
2013-03-05,30.739999771118164,29.850000381469727,30.1200008392334,30.030000686645508,366000,30.030000686645508,NCLH
2013-03-06,30.399999618530273,29.850000381469727,30.190000534057617,30.020000457763672,153100,30.020000457763672,NCLH
2013-03-07,30.420000076293945,29.850000381469727,29.850000381469727,30.290000915527344,306800,30.290000915527344,NCLH
2013-03-08,30.979999542236328,29.1200008392334,30.979999542236328,30.299999237060547,679300,30.299999237060547,NCLH
2013-03-11,30.690000534057617,29.989999771118164,30.5,30.65999984741211,316000,30.65999984741211,NCLH
2013-03-12,31.0,30.329999923706055,30.329999923706055,30.850000381469727,770700,30.850000381469727,NCLH
2013-03-13,31.0,30.479999542236328,30.93000030517578,30.780000686645508,321600,30.780000686645508,NCLH
2013-03-14,30.959999084472656,29.889999389648438,30.729999542236328,30.0,785500,30.0,NCLH
2013-03-15,30.09000015258789,29.549999237060547,29.600000381469727,29.81999969482422,798700,29.81999969482422,NCLH
2013-03-18,30.6200008392334,29.6200008392334,29.799999237060547,30.290000915527344,389600,30.290000915527344,NCLH
2013-03-19,30.690000534057617,29.780000686645508,30.290000915527344,30.260000228881836,133500,30.260000228881836,NCLH
2013-03-20,30.989999771118164,30.25,30.270000457763672,30.5,162900,30.5,NCLH
2013-03-21,30.75,29.93000030517578,30.389999389648438,30.030000686645508,96900,30.030000686645508,NCLH
2013-03-22,30.260000228881836,29.90999984741211,30.030000686645508,30.18000030517578,112800,30.18000030517578,NCLH
2013-03-25,30.15999984741211,29.309999465942383,30.139999389648438,29.479999542236328,563200,29.479999542236328,NCLH
2013-03-26,30.0,29.020000457763672,29.93000030517578,29.540000915527344,410900,29.540000915527344,NCLH
2013-03-27,30.329999923706055,29.260000228881836,29.40999984741211,30.149999618530273,215400,30.149999618530273,NCLH
2013-03-28,30.440000534057617,29.43000030517578,30.010000228881836,29.649999618530273,2345700,29.649999618530273,NCLH
2013-04-01,29.950000762939453,29.34000015258789,29.790000915527344,29.93000030517578,640100,29.93000030517578,NCLH
2013-04-02,30.540000915527344,29.18000030517578,29.979999542236328,29.920000076293945,639000,29.920000076293945,NCLH
2013-04-03,30.389999389648438,28.56999969482422,29.81999969482422,29.190000534057617,1083700,29.190000534057617,NCLH
2013-04-04,29.360000610351562,28.510000228881836,29.100000381469727,29.270000457763672,442000,29.270000457763672,NCLH
2013-04-05,29.389999389648438,28.59000015258789,29.020000457763672,29.299999237060547,334700,29.299999237060547,NCLH
2013-04-08,30.15999984741211,29.1200008392334,29.40999984741211,29.989999771118164,246200,29.989999771118164,NCLH
2013-04-09,30.3700008392334,29.450000762939453,30.149999618530273,30.34000015258789,250200,30.34000015258789,NCLH
2013-04-10,30.950000762939453,29.799999237060547,30.459999084472656,30.530000686645508,265800,30.530000686645508,NCLH
2013-04-11,30.8700008392334,30.059999465942383,30.329999923706055,30.639999389648438,112700,30.639999389648438,NCLH
2013-04-12,30.850000381469727,29.760000228881836,30.510000228881836,30.5,115100,30.5,NCLH
2013-04-15,30.520000457763672,29.940000534057617,30.40999984741211,30.06999969482422,144300,30.06999969482422,NCLH
2013-04-16,30.479999542236328,29.0,30.18000030517578,30.0,452000,30.0,NCLH
2013-04-17,29.950000762939453,29.209999084472656,29.950000762939453,29.549999237060547,224300,29.549999237060547,NCLH
2013-04-18,29.850000381469727,29.329999923706055,29.649999618530273,29.34000015258789,175900,29.34000015258789,NCLH
2013-04-19,29.520000457763672,28.860000610351562,29.520000457763672,29.43000030517578,118400,29.43000030517578,NCLH
2013-04-22,29.709999084472656,29.010000228881836,29.420000076293945,29.3799991607666,210800,29.3799991607666,NCLH
2013-04-23,29.790000915527344,29.149999618530273,29.510000228881836,29.34000015258789,137100,29.34000015258789,NCLH
2013-04-24,29.399999618530273,28.75,29.399999618530273,28.899999618530273,197100,28.899999618530273,NCLH
2013-04-25,30.3700008392334,29.100000381469727,29.59000015258789,30.059999465942383,1192700,30.059999465942383,NCLH
2013-04-26,30.450000762939453,29.579999923706055,30.450000762939453,30.389999389648438,209200,30.389999389648438,NCLH
2013-04-29,30.520000457763672,30.15999984741211,30.5,30.360000610351562,381700,30.360000610351562,NCLH
2013-04-30,31.06999969482422,29.510000228881836,30.329999923706055,31.010000228881836,429700,31.010000228881836,NCLH
2013-05-01,31.3700008392334,30.459999084472656,31.360000610351562,31.09000015258789,408700,31.09000015258789,NCLH
2013-05-02,31.799999237060547,30.600000381469727,31.149999618530273,31.360000610351562,214900,31.360000610351562,NCLH
2013-05-03,32.0,31.299999237060547,31.389999389648438,31.530000686645508,150700,31.530000686645508,NCLH
2013-05-06,32.310001373291016,30.479999542236328,31.65999984741211,31.81999969482422,866000,31.81999969482422,NCLH
2013-05-07,32.93000030517578,31.010000228881836,31.899999618530273,31.65999984741211,833200,31.65999984741211,NCLH
2013-05-08,32.06999969482422,31.3799991607666,31.81999969482422,31.899999618530273,325300,31.899999618530273,NCLH
2013-05-09,32.08000183105469,31.010000228881836,31.540000915527344,31.709999084472656,252300,31.709999084472656,NCLH
2013-05-10,31.84000015258789,30.860000610351562,31.68000030517578,31.010000228881836,274200,31.010000228881836,NCLH
2013-05-13,31.059999465942383,29.90999984741211,31.059999465942383,30.459999084472656,289000,30.459999084472656,NCLH
2013-05-14,30.790000915527344,30.209999084472656,30.600000381469727,30.760000228881836,491700,30.760000228881836,NCLH
2013-05-15,31.450000762939453,30.549999237060547,30.6299991607666,31.360000610351562,274600,31.360000610351562,NCLH
2013-05-16,31.729999542236328,31.309999465942383,31.399999618530273,31.420000076293945,339400,31.420000076293945,NCLH
2013-05-17,31.84000015258789,31.100000381469727,31.190000534057617,31.559999465942383,841300,31.559999465942383,NCLH
2013-05-20,32.439998626708984,31.350000381469727,31.610000610351562,32.029998779296875,286400,32.029998779296875,NCLH
2013-05-21,32.34000015258789,31.690000534057617,31.799999237060547,32.0,254500,32.0,NCLH
2013-05-22,32.400001525878906,30.959999084472656,31.84000015258789,31.799999237060547,354900,31.799999237060547,NCLH
2013-05-23,32.06999969482422,31.200000762939453,31.510000228881836,31.959999084472656,205800,31.959999084472656,NCLH
2013-05-24,32.189998626708984,31.809999465942383,31.809999465942383,32.150001525878906,168200,32.150001525878906,NCLH
2013-05-28,32.439998626708984,31.420000076293945,32.22999954223633,31.75,690400,31.75,NCLH
2013-05-29,31.829999923706055,31.350000381469727,31.600000381469727,31.56999969482422,321600,31.56999969482422,NCLH
2013-05-30,31.889999389648438,30.540000915527344,31.31999969482422,30.81999969482422,296100,30.81999969482422,NCLH
2013-05-31,31.399999618530273,30.489999771118164,30.770000457763672,30.75,211800,30.75,NCLH
2013-06-03,31.549999237060547,30.790000915527344,30.850000381469727,31.350000381469727,659800,31.350000381469727,NCLH
2013-06-04,31.799999237060547,31.260000228881836,31.260000228881836,31.40999984741211,358100,31.40999984741211,NCLH
2013-06-05,31.56999969482422,30.6299991607666,31.420000076293945,30.850000381469727,529700,30.850000381469727,NCLH
2013-06-06,30.969999313354492,30.139999389648438,30.799999237060547,30.790000915527344,367700,30.790000915527344,NCLH
2013-06-07,31.639999389648438,30.510000228881836,30.979999542236328,31.239999771118164,425600,31.239999771118164,NCLH
2013-06-10,32.08000183105469,30.90999984741211,31.469999313354492,31.170000076293945,587100,31.170000076293945,NCLH
2013-06-11,31.84000015258789,30.489999771118164,31.06999969482422,31.649999618530273,229300,31.649999618530273,NCLH
2013-06-12,31.8700008392334,30.860000610351562,31.700000762939453,31.110000610351562,218600,31.110000610351562,NCLH
2013-06-13,31.5,30.510000228881836,30.940000534057617,31.079999923706055,414900,31.079999923706055,NCLH
2013-06-14,31.760000228881836,30.040000915527344,31.0,31.280000686645508,344100,31.280000686645508,NCLH
2013-06-17,31.65999984741211,30.75,31.15999984741211,31.190000534057617,194500,31.190000534057617,NCLH
2013-06-18,31.6200008392334,30.84000015258789,30.8700008392334,31.549999237060547,359300,31.549999237060547,NCLH
2013-06-19,32.0,31.200000762939453,31.440000534057617,31.299999237060547,197400,31.299999237060547,NCLH
2013-06-20,31.670000076293945,30.790000915527344,31.09000015258789,31.280000686645508,295500,31.280000686645508,NCLH
2013-06-21,31.25,29.65999984741211,31.25,29.719999313354492,1503900,29.719999313354492,NCLH
2013-06-24,30.850000381469727,28.25,30.84000015258789,28.270000457763672,620400,28.270000457763672,NCLH
2013-06-25,29.270000457763672,28.0,28.0,28.760000228881836,322800,28.760000228881836,NCLH
2013-06-26,29.68000030517578,28.84000015258789,28.84000015258789,29.43000030517578,166800,29.43000030517578,NCLH
2013-06-27,30.399999618530273,29.350000381469727,29.700000762939453,30.030000686645508,451300,30.030000686645508,NCLH
2013-06-28,30.799999237060547,29.790000915527344,29.799999237060547,30.309999465942383,731600,30.309999465942383,NCLH
2013-07-01,31.0,30.100000381469727,30.34000015258789,30.950000762939453,337800,30.950000762939453,NCLH
2013-07-02,31.149999618530273,30.200000762939453,30.670000076293945,30.479999542236328,411600,30.479999542236328,NCLH
2013-07-03,30.719999313354492,29.260000228881836,30.450000762939453,30.59000015258789,538500,30.59000015258789,NCLH
2013-07-05,31.68000030517578,30.649999618530273,30.649999618530273,31.649999618530273,144700,31.649999618530273,NCLH
2013-07-08,32.27000045776367,30.979999542236328,31.75,31.790000915527344,286600,31.790000915527344,NCLH
2013-07-09,32.0,31.3799991607666,31.84000015258789,31.760000228881836,178000,31.760000228881836,NCLH
2013-07-10,31.68000030517578,31.149999618530273,31.68000030517578,31.5,107100,31.5,NCLH
2013-07-11,31.65999984741211,31.40999984741211,31.65999984741211,31.43000030517578,270300,31.43000030517578,NCLH
2013-07-12,31.600000381469727,31.079999923706055,31.219999313354492,31.530000686645508,116400,31.530000686645508,NCLH
2013-07-15,31.670000076293945,31.329999923706055,31.559999465942383,31.3799991607666,88700,31.3799991607666,NCLH
2013-07-16,31.6299991607666,31.280000686645508,31.459999084472656,31.399999618530273,129800,31.399999618530273,NCLH
2013-07-17,31.739999771118164,31.020000457763672,31.610000610351562,31.350000381469727,253000,31.350000381469727,NCLH
2013-07-18,31.489999771118164,30.969999313354492,31.489999771118164,31.3700008392334,332400,31.3700008392334,NCLH
2013-07-19,31.270000457763672,30.90999984741211,31.139999389648438,31.200000762939453,57600,31.200000762939453,NCLH
2013-07-22,31.3799991607666,31.030000686645508,31.350000381469727,31.299999237060547,95800,31.299999237060547,NCLH
2013-07-23,31.399999618530273,30.600000381469727,31.25,31.1299991607666,110800,31.1299991607666,NCLH
2013-07-24,31.040000915527344,30.459999084472656,31.040000915527344,30.719999313354492,75100,30.719999313354492,NCLH
2013-07-25,30.739999771118164,30.15999984741211,30.729999542236328,30.270000457763672,262300,30.270000457763672,NCLH
2013-07-26,31.190000534057617,30.100000381469727,30.25,30.969999313354492,569200,30.969999313354492,NCLH
2013-07-29,31.389999389648438,29.649999618530273,30.770000457763672,30.260000228881836,494000,30.260000228881836,NCLH
2013-07-30,30.360000610351562,29.670000076293945,30.360000610351562,29.760000228881836,200400,29.760000228881836,NCLH
2013-07-31,30.860000610351562,29.31999969482422,29.760000228881836,30.309999465942383,561700,30.309999465942383,NCLH
2013-08-01,30.5,29.8799991607666,30.5,30.25,770100,30.25,NCLH
2013-08-02,30.940000534057617,30.059999465942383,30.06999969482422,30.59000015258789,145900,30.59000015258789,NCLH
2013-08-05,30.920000076293945,30.469999313354492,30.540000915527344,30.739999771118164,325600,30.739999771118164,NCLH
2013-08-06,30.84000015258789,30.079999923706055,30.56999969482422,30.260000228881836,173600,30.260000228881836,NCLH
2013-08-07,30.489999771118164,30.079999923706055,30.360000610351562,30.18000030517578,102000,30.18000030517578,NCLH
2013-08-08,30.459999084472656,28.280000686645508,28.920000076293945,30.049999237060547,1107700,30.049999237060547,NCLH
2013-08-09,31.280000686645508,30.329999923706055,30.469999313354492,31.020000457763672,9222500,31.020000457763672,NCLH
2013-08-12,31.6200008392334,30.8700008392334,30.989999771118164,31.600000381469727,933100,31.600000381469727,NCLH
2013-08-13,32.310001373291016,31.280000686645508,31.450000762939453,32.220001220703125,912900,32.220001220703125,NCLH
2013-08-14,32.70000076293945,31.600000381469727,32.060001373291016,32.439998626708984,637100,32.439998626708984,NCLH
2013-08-15,32.84000015258789,31.65999984741211,32.16999816894531,32.790000915527344,737300,32.790000915527344,NCLH
2013-08-16,32.93000030517578,31.920000076293945,32.91999816894531,31.969999313354492,1779200,31.969999313354492,NCLH
2013-08-19,32.47999954223633,31.139999389648438,32.439998626708984,31.459999084472656,915000,31.459999084472656,NCLH
2013-08-20,31.65999984741211,30.959999084472656,31.209999084472656,31.459999084472656,471100,31.459999084472656,NCLH
2013-08-21,31.950000762939453,31.059999465942383,31.170000076293945,31.799999237060547,399500,31.799999237060547,NCLH
2013-08-22,32.4900016784668,31.579999923706055,31.729999542236328,32.41999816894531,312700,32.41999816894531,NCLH
2013-08-23,32.27000045776367,31.6200008392334,32.220001220703125,31.780000686645508,634700,31.780000686645508,NCLH
2013-08-26,31.93000030517578,31.56999969482422,31.93000030517578,31.690000534057617,464600,31.690000534057617,NCLH
2013-08-27,31.5,31.020000457763672,31.399999618530273,31.209999084472656,622800,31.209999084472656,NCLH
2013-08-28,31.31999969482422,30.860000610351562,31.100000381469727,31.100000381469727,413300,31.100000381469727,NCLH
2013-08-29,31.260000228881836,30.829999923706055,30.969999313354492,31.209999084472656,341300,31.209999084472656,NCLH
2013-08-30,31.260000228881836,30.90999984741211,31.1299991607666,31.09000015258789,379200,31.09000015258789,NCLH
2013-09-03,32.060001373291016,31.010000228881836,31.350000381469727,31.459999084472656,498100,31.459999084472656,NCLH
2013-09-04,32.040000915527344,30.950000762939453,31.920000076293945,31.15999984741211,571300,31.15999984741211,NCLH
2013-09-05,31.520000457763672,30.8799991607666,31.06999969482422,31.149999618530273,564400,31.149999618530273,NCLH
2013-09-06,31.520000457763672,30.8700008392334,31.3700008392334,31.309999465942383,186200,31.309999465942383,NCLH
2013-09-09,31.739999771118164,30.979999542236328,31.43000030517578,31.190000534057617,485100,31.190000534057617,NCLH
2013-09-10,31.940000534057617,31.200000762939453,31.43000030517578,31.75,370800,31.75,NCLH
2013-09-11,32.06999969482422,31.209999084472656,31.600000381469727,31.799999237060547,348500,31.799999237060547,NCLH
2013-09-12,32.189998626708984,31.84000015258789,31.93000030517578,31.8799991607666,440700,31.8799991607666,NCLH
2013-09-13,32.61000061035156,31.75,31.979999542236328,32.56999969482422,375000,32.56999969482422,NCLH
2013-09-16,32.88999938964844,32.09000015258789,32.7599983215332,32.29999923706055,325400,32.29999923706055,NCLH
2013-09-17,33.2599983215332,32.099998474121094,32.25,33.18000030517578,458400,33.18000030517578,NCLH
2013-09-18,33.2400016784668,32.41999816894531,33.04999923706055,33.060001373291016,210600,33.060001373291016,NCLH
2013-09-19,33.560001373291016,32.86000061035156,33.0099983215332,33.189998626708984,297600,33.189998626708984,NCLH
2013-09-20,33.15999984741211,32.630001068115234,33.13999938964844,33.04999923706055,487000,33.04999923706055,NCLH
2013-09-23,33.66999816894531,32.7599983215332,33.060001373291016,32.84000015258789,212400,32.84000015258789,NCLH
2013-09-24,32.939998626708984,31.809999465942383,32.689998626708984,31.940000534057617,553400,31.940000534057617,NCLH
2013-09-25,32.09000015258789,31.40999984741211,31.829999923706055,31.649999618530273,615200,31.649999618530273,NCLH
2013-09-26,31.84000015258789,31.1299991607666,31.600000381469727,31.270000457763672,644100,31.270000457763672,NCLH
2013-09-27,31.309999465942383,30.469999313354492,31.1200008392334,31.020000457763672,359100,31.020000457763672,NCLH
2013-09-30,30.979999542236328,30.190000534057617,30.729999542236328,30.850000381469727,924000,30.850000381469727,NCLH
2013-10-01,31.170000076293945,30.559999465942383,30.860000610351562,30.829999923706055,1035600,30.829999923706055,NCLH
2013-10-02,31.399999618530273,29.860000610351562,30.149999618530273,31.34000015258789,1862500,31.34000015258789,NCLH
2013-10-03,31.420000076293945,30.399999618530273,31.209999084472656,30.540000915527344,398900,30.540000915527344,NCLH
2013-10-04,31.969999313354492,30.700000762939453,30.979999542236328,31.25,1053100,31.25,NCLH
2013-10-07,31.31999969482422,30.790000915527344,31.149999618530273,30.850000381469727,417800,30.850000381469727,NCLH
2013-10-08,31.049999237060547,29.81999969482422,30.81999969482422,30.200000762939453,1213100,30.200000762939453,NCLH
2013-10-09,30.59000015258789,30.0,30.149999618530273,30.31999969482422,808200,30.31999969482422,NCLH
2013-10-10,30.989999771118164,30.309999465942383,30.68000030517578,30.889999389648438,343900,30.889999389648438,NCLH
2013-10-11,31.520000457763672,30.610000610351562,30.959999084472656,30.739999771118164,382200,30.739999771118164,NCLH
2013-10-14,30.670000076293945,29.959999084472656,30.520000457763672,30.479999542236328,356300,30.479999542236328,NCLH
2013-10-15,30.81999969482422,29.940000534057617,30.479999542236328,30.15999984741211,564600,30.15999984741211,NCLH
2013-10-16,30.229999542236328,29.5,30.229999542236328,29.93000030517578,861200,29.93000030517578,NCLH
2013-10-17,30.170000076293945,28.56999969482422,29.979999542236328,29.809999465942383,1292300,29.809999465942383,NCLH
2013-10-18,30.65999984741211,29.829999923706055,30.489999771118164,30.059999465942383,1015700,30.059999465942383,NCLH
2013-10-21,31.6299991607666,30.68000030517578,31.170000076293945,31.219999313354492,1364700,31.219999313354492,NCLH
2013-10-22,32.029998779296875,31.09000015258789,31.260000228881836,31.989999771118164,787500,31.989999771118164,NCLH
2013-10-23,32.599998474121094,31.639999389648438,31.979999542236328,32.349998474121094,713200,32.349998474121094,NCLH
2013-10-24,33.5,32.33000183105469,32.689998626708984,32.869998931884766,1389400,32.869998931884766,NCLH
2013-10-25,33.29999923706055,32.34000015258789,32.68000030517578,32.439998626708984,1265500,32.439998626708984,NCLH
2013-10-28,33.29999923706055,31.799999237060547,32.689998626708984,32.060001373291016,1616100,32.060001373291016,NCLH
2013-10-29,33.41999816894531,31.299999237060547,33.29999923706055,32.22999954223633,3081100,32.22999954223633,NCLH
2013-10-30,32.90999984741211,31.799999237060547,32.25,32.119998931884766,494300,32.119998931884766,NCLH
2013-10-31,32.31999969482422,31.559999465942383,32.040000915527344,32.02000045776367,408900,32.02000045776367,NCLH
2013-11-01,32.41999816894531,31.670000076293945,32.040000915527344,32.279998779296875,206400,32.279998779296875,NCLH
2013-11-04,32.849998474121094,32.04999923706055,32.04999923706055,32.720001220703125,514100,32.720001220703125,NCLH
2013-11-05,32.709999084472656,31.780000686645508,32.709999084472656,31.860000610351562,311000,31.860000610351562,NCLH
2013-11-06,32.290000915527344,31.770000457763672,32.0099983215332,32.2400016784668,152600,32.2400016784668,NCLH
2013-11-07,32.630001068115234,31.1200008392334,32.45000076293945,31.309999465942383,381000,31.309999465942383,NCLH
2013-11-08,31.979999542236328,31.299999237060547,31.3700008392334,31.420000076293945,261400,31.420000076293945,NCLH
2013-11-11,32.209999084472656,31.34000015258789,31.479999542236328,32.099998474121094,215000,32.099998474121094,NCLH
2013-11-12,32.33000183105469,31.799999237060547,32.029998779296875,31.969999313354492,544300,31.969999313354492,NCLH
2013-11-13,32.150001525878906,31.549999237060547,31.770000457763672,32.09000015258789,177600,32.09000015258789,NCLH
2013-11-14,32.119998931884766,31.65999984741211,32.040000915527344,31.90999984741211,199500,31.90999984741211,NCLH
2013-11-15,33.119998931884766,31.5,32.02000045776367,33.06999969482422,515900,33.06999969482422,NCLH
2013-11-18,33.81999969482422,32.7599983215332,33.029998779296875,33.130001068115234,642600,33.130001068115234,NCLH
2013-11-19,33.400001525878906,32.7599983215332,33.04999923706055,32.869998931884766,267300,32.869998931884766,NCLH
2013-11-20,32.779998779296875,31.770000457763672,32.25,32.75,457100,32.75,NCLH
2013-11-21,33.33000183105469,32.66999816894531,32.95000076293945,33.20000076293945,332100,33.20000076293945,NCLH
2013-11-22,33.61000061035156,33.0,33.20000076293945,33.56999969482422,910600,33.56999969482422,NCLH
2013-11-25,33.810001373291016,33.11000061035156,33.75,33.54999923706055,487500,33.54999923706055,NCLH
2013-11-26,34.2599983215332,33.439998626708984,33.439998626708984,33.9900016784668,767600,33.9900016784668,NCLH
2013-11-27,34.54999923706055,33.95000076293945,33.970001220703125,34.36000061035156,311500,34.36000061035156,NCLH
2013-11-29,34.4900016784668,34.0,34.41999816894531,34.099998474121094,132000,34.099998474121094,NCLH
2013-12-02,34.439998626708984,33.93000030517578,34.04999923706055,34.119998931884766,235400,34.119998931884766,NCLH
2013-12-03,34.16999816894531,33.15999984741211,33.43000030517578,33.54999923706055,1968100,33.54999923706055,NCLH
2013-12-04,33.86000061035156,33.20000076293945,33.650001525878906,33.2400016784668,10129000,33.2400016784668,NCLH
2013-12-05,33.45000076293945,32.9900016784668,33.25,33.0,1328700,33.0,NCLH
2013-12-06,33.63999938964844,33.0099983215332,33.09000015258789,33.52000045776367,906000,33.52000045776367,NCLH
2013-12-09,33.72999954223633,33.2400016784668,33.68000030517578,33.560001373291016,463400,33.560001373291016,NCLH
2013-12-10,33.599998474121094,33.2400016784668,33.40999984741211,33.2400016784668,409100,33.2400016784668,NCLH
2013-12-11,33.41999816894531,33.0,33.25,33.0,686900,33.0,NCLH
2013-12-12,33.13999938964844,32.029998779296875,33.13999938964844,32.11000061035156,823700,32.11000061035156,NCLH
2013-12-13,32.47999954223633,31.5,32.27000045776367,31.649999618530273,921900,31.649999618530273,NCLH
2013-12-16,32.47999954223633,31.65999984741211,31.8700008392334,32.290000915527344,594700,32.290000915527344,NCLH
2013-12-17,32.52000045776367,32.0,32.400001525878906,32.13999938964844,545200,32.13999938964844,NCLH
2013-12-18,32.43000030517578,31.700000762939453,32.25,31.899999618530273,556100,31.899999618530273,NCLH
2013-12-19,33.5,32.130001068115234,32.20000076293945,33.15999984741211,1533100,33.15999984741211,NCLH
2013-12-20,34.939998626708984,33.18000030517578,33.290000915527344,34.52000045776367,4016900,34.52000045776367,NCLH
2013-12-23,34.880001068115234,33.970001220703125,34.58000183105469,34.75,674800,34.75,NCLH
2013-12-24,35.15999984741211,34.540000915527344,34.75,35.099998474121094,313400,35.099998474121094,NCLH
2013-12-26,35.16999816894531,34.68000030517578,35.09000015258789,35.060001373291016,435200,35.060001373291016,NCLH
2013-12-27,35.31999969482422,35.0099983215332,35.029998779296875,35.119998931884766,132500,35.119998931884766,NCLH
2013-12-30,35.52000045776367,34.93000030517578,35.189998626708984,35.25,420200,35.25,NCLH
2013-12-31,35.970001220703125,35.150001525878906,35.2400016784668,35.470001220703125,563000,35.470001220703125,NCLH
2014-01-02,35.400001525878906,34.459999084472656,35.15999984741211,34.63999938964844,428400,34.63999938964844,NCLH
2014-01-03,35.040000915527344,34.40999984741211,34.83000183105469,34.63999938964844,484700,34.63999938964844,NCLH
2014-01-06,34.81999969482422,33.93000030517578,34.5099983215332,33.959999084472656,377900,33.959999084472656,NCLH
2014-01-07,34.54999923706055,33.84000015258789,34.0099983215332,33.880001068115234,640700,33.880001068115234,NCLH
2014-01-08,34.47999954223633,33.779998779296875,33.86000061035156,34.31999969482422,223700,34.31999969482422,NCLH
2014-01-09,34.849998474121094,34.209999084472656,34.25,34.720001220703125,591300,34.720001220703125,NCLH
2014-01-10,35.540000915527344,34.5099983215332,34.88999938964844,35.25,688700,35.25,NCLH
2014-01-13,35.33000183105469,34.720001220703125,35.13999938964844,34.84000015258789,421400,34.84000015258789,NCLH
2014-01-14,36.43000030517578,34.77000045776367,35.15999984741211,35.849998474121094,1164800,35.849998474121094,NCLH
2014-01-15,37.04999923706055,35.849998474121094,36.08000183105469,36.88999938964844,840300,36.88999938964844,NCLH
2014-01-16,37.29999923706055,36.369998931884766,36.720001220703125,36.90999984741211,818700,36.90999984741211,NCLH
2014-01-17,37.08000183105469,36.47999954223633,36.779998779296875,36.540000915527344,319000,36.540000915527344,NCLH
2014-01-21,36.790000915527344,36.029998779296875,36.45000076293945,36.220001220703125,708000,36.220001220703125,NCLH
2014-01-22,36.900001525878906,36.08000183105469,36.29999923706055,36.70000076293945,893900,36.70000076293945,NCLH
2014-01-23,37.0,35.61000061035156,36.45000076293945,36.040000915527344,1076900,36.040000915527344,NCLH
2014-01-24,35.869998931884766,35.13999938964844,35.869998931884766,35.2599983215332,959600,35.2599983215332,NCLH
2014-01-27,35.91999816894531,34.38999938964844,35.4900016784668,34.7400016784668,903100,34.7400016784668,NCLH
2014-01-28,35.40999984741211,34.54999923706055,34.81999969482422,34.880001068115234,794400,34.880001068115234,NCLH
2014-01-29,34.900001525878906,34.18000030517578,34.560001373291016,34.439998626708984,682800,34.439998626708984,NCLH
2014-01-30,35.369998931884766,34.290000915527344,34.34000015258789,35.060001373291016,655000,35.060001373291016,NCLH
2014-01-31,35.290000915527344,34.36000061035156,34.65999984741211,35.02000045776367,602600,35.02000045776367,NCLH
2014-02-03,35.29999923706055,34.20000076293945,35.02000045776367,34.400001525878906,794800,34.400001525878906,NCLH
2014-02-04,35.0,34.0099983215332,34.5,34.209999084472656,417500,34.209999084472656,NCLH
2014-02-05,34.5099983215332,33.689998626708984,34.119998931884766,34.43000030517578,335900,34.43000030517578,NCLH
2014-02-06,35.22999954223633,34.439998626708984,34.540000915527344,35.08000183105469,434400,35.08000183105469,NCLH
2014-02-07,35.43000030517578,34.779998779296875,35.310001373291016,35.209999084472656,382700,35.209999084472656,NCLH
2014-02-10,35.65999984741211,34.90999984741211,35.099998474121094,35.619998931884766,517300,35.619998931884766,NCLH
2014-02-11,36.70000076293945,35.61000061035156,35.97999954223633,36.25,1418900,36.25,NCLH
2014-02-12,36.369998931884766,35.2599983215332,36.13999938964844,35.88999938964844,1248100,35.88999938964844,NCLH
2014-02-13,35.36000061035156,34.06999969482422,35.349998474121094,34.70000076293945,2433600,34.70000076293945,NCLH
2014-02-14,35.54999923706055,34.47999954223633,34.7599983215332,35.16999816894531,1468600,35.16999816894531,NCLH
2014-02-18,36.09000015258789,31.649999618530273,35.54999923706055,33.560001373291016,4590400,33.560001373291016,NCLH
2014-02-19,33.900001525878906,32.959999084472656,33.060001373291016,33.349998474121094,1439100,33.349998474121094,NCLH
2014-02-20,33.939998626708984,33.369998931884766,33.4900016784668,33.790000915527344,667500,33.790000915527344,NCLH
2014-02-21,34.31999969482422,33.650001525878906,33.93000030517578,34.27000045776367,1135300,34.27000045776367,NCLH
2014-02-24,34.25,33.86000061035156,34.25,34.11000061035156,854600,34.11000061035156,NCLH
2014-02-25,34.40999984741211,33.59000015258789,34.25,33.630001068115234,518500,33.630001068115234,NCLH
2014-02-26,33.81999969482422,32.7599983215332,33.5099983215332,32.83000183105469,960400,32.83000183105469,NCLH
2014-02-27,33.380001068115234,32.34000015258789,32.619998931884766,33.34000015258789,1089600,33.34000015258789,NCLH
2014-02-28,34.349998474121094,33.099998474121094,33.290000915527344,34.27000045776367,1208700,34.27000045776367,NCLH
2014-03-03,34.029998779296875,33.400001525878906,33.880001068115234,33.68000030517578,871100,33.68000030517578,NCLH
2014-03-04,34.31999969482422,33.66999816894531,33.939998626708984,33.83000183105469,811200,33.83000183105469,NCLH
2014-03-05,33.25,32.459999084472656,32.70000076293945,32.90999984741211,6888400,32.90999984741211,NCLH
2014-03-06,33.2599983215332,32.75,33.119998931884766,33.18000030517578,2739100,33.18000030517578,NCLH
2014-03-07,33.689998626708984,33.04999923706055,33.380001068115234,33.369998931884766,2332600,33.369998931884766,NCLH
2014-03-10,33.88999938964844,32.86000061035156,33.4900016784668,32.90999984741211,1206400,32.90999984741211,NCLH
2014-03-11,33.310001373291016,32.90999984741211,33.02000045776367,33.06999969482422,1416900,33.06999969482422,NCLH
2014-03-12,32.959999084472656,32.52000045776367,32.93000030517578,32.83000183105469,851200,32.83000183105469,NCLH
2014-03-13,33.31999969482422,31.950000762939453,32.86000061035156,32.0,975800,32.0,NCLH
2014-03-14,32.08000183105469,31.610000610351562,31.889999389648438,31.729999542236328,814600,31.729999542236328,NCLH
2014-03-17,32.22999954223633,31.729999542236328,31.729999542236328,32.20000076293945,1101800,32.20000076293945,NCLH
2014-03-18,33.15999984741211,31.90999984741211,32.349998474121094,32.709999084472656,1989400,32.709999084472656,NCLH
2014-03-19,32.970001220703125,32.400001525878906,32.790000915527344,32.7400016784668,802800,32.7400016784668,NCLH
2014-03-20,33.369998931884766,32.63999938964844,32.63999938964844,33.349998474121094,911700,33.349998474121094,NCLH
2014-03-21,33.72999954223633,33.22999954223633,33.58000183105469,33.4900016784668,1975400,33.4900016784668,NCLH
2014-03-24,33.66999816894531,32.90999984741211,33.540000915527344,33.279998779296875,938600,33.279998779296875,NCLH
2014-03-25,33.33000183105469,32.400001525878906,33.27000045776367,33.099998474121094,1866000,33.099998474121094,NCLH
2014-03-26,33.470001220703125,32.720001220703125,33.18000030517578,32.849998474121094,1170000,32.849998474121094,NCLH
2014-03-27,33.16999816894531,32.40999984741211,32.84000015258789,32.59000015258789,843200,32.59000015258789,NCLH
2014-03-28,32.95000076293945,31.700000762939453,32.650001525878906,31.84000015258789,1373500,31.84000015258789,NCLH
2014-03-31,32.369998931884766,31.809999465942383,31.889999389648438,32.27000045776367,1030500,32.27000045776367,NCLH
2014-04-01,33.2599983215332,32.439998626708984,32.45000076293945,33.189998626708984,785800,33.189998626708984,NCLH
2014-04-02,33.45000076293945,32.86000061035156,33.2599983215332,33.25,609900,33.25,NCLH
2014-04-03,33.400001525878906,32.95000076293945,33.279998779296875,33.279998779296875,541000,33.279998779296875,NCLH
2014-04-04,33.38999938964844,32.189998626708984,33.29999923706055,32.56999969482422,873400,32.56999969482422,NCLH
2014-04-07,32.40999984741211,31.040000915527344,32.40999984741211,31.25,972700,31.25,NCLH
2014-04-08,31.6200008392334,31.15999984741211,31.25,31.43000030517578,740200,31.43000030517578,NCLH
2014-04-09,31.969999313354492,31.18000030517578,31.43000030517578,31.700000762939453,773500,31.700000762939453,NCLH
2014-04-10,31.90999984741211,30.889999389648438,31.75,31.030000686645508,459300,31.030000686645508,NCLH
2014-04-11,31.0,29.709999084472656,30.969999313354492,29.850000381469727,1242600,29.850000381469727,NCLH
2014-04-14,30.579999923706055,29.709999084472656,30.139999389648438,29.90999984741211,555800,29.90999984741211,NCLH
2014-04-15,30.170000076293945,29.079999923706055,30.049999237060547,29.649999618530273,1320200,29.649999618530273,NCLH
2014-04-16,29.829999923706055,29.43000030517578,29.739999771118164,29.809999465942383,2142900,29.809999465942383,NCLH
2014-04-17,30.969999313354492,29.889999389648438,30.200000762939453,30.719999313354492,1059600,30.719999313354492,NCLH
2014-04-21,31.010000228881836,30.280000686645508,30.799999237060547,30.299999237060547,499500,30.299999237060547,NCLH
2014-04-22,31.100000381469727,30.579999923706055,31.0,30.790000915527344,977800,30.790000915527344,NCLH
2014-04-23,31.030000686645508,30.729999542236328,30.829999923706055,30.84000015258789,1177000,30.84000015258789,NCLH
2014-04-24,31.1200008392334,30.549999237060547,31.1200008392334,31.010000228881836,2348400,31.010000228881836,NCLH
2014-04-25,31.200000762939453,30.420000076293945,31.0,30.969999313354492,2435900,30.969999313354492,NCLH
2014-04-28,31.829999923706055,30.34000015258789,30.739999771118164,31.670000076293945,3810900,31.670000076293945,NCLH
2014-04-29,33.65999984741211,31.06999969482422,31.149999618530273,32.939998626708984,3230300,32.939998626708984,NCLH
2014-04-30,33.310001373291016,32.65999984741211,32.9900016784668,32.77000045776367,1390700,32.77000045776367,NCLH
2014-05-01,32.939998626708984,32.279998779296875,32.779998779296875,32.459999084472656,1308400,32.459999084472656,NCLH
2014-05-02,32.83000183105469,32.15999984741211,32.540000915527344,32.5,1206900,32.5,NCLH
2014-05-05,32.709999084472656,31.739999771118164,32.20000076293945,32.040000915527344,784000,32.040000915527344,NCLH
2014-05-06,32.380001068115234,31.780000686645508,32.08000183105469,31.860000610351562,614900,31.860000610351562,NCLH
2014-05-07,32.18000030517578,31.719999313354492,31.8700008392334,31.889999389648438,691800,31.889999389648438,NCLH
2014-05-08,32.220001220703125,31.489999771118164,31.829999923706055,31.790000915527344,948200,31.790000915527344,NCLH
2014-05-09,31.860000610351562,31.15999984741211,31.81999969482422,31.459999084472656,1811100,31.459999084472656,NCLH
2014-05-12,32.599998474121094,31.3700008392334,31.649999618530273,32.380001068115234,945300,32.380001068115234,NCLH
2014-05-13,32.56999969482422,32.040000915527344,32.45000076293945,32.52000045776367,744900,32.52000045776367,NCLH
2014-05-14,32.59000015258789,32.310001373291016,32.36000061035156,32.40999984741211,672500,32.40999984741211,NCLH
2014-05-15,32.70000076293945,32.279998779296875,32.459999084472656,32.650001525878906,1436700,32.650001525878906,NCLH
2014-05-16,32.7599983215332,32.380001068115234,32.61000061035156,32.75,845600,32.75,NCLH
2014-05-19,33.279998779296875,32.529998779296875,32.58000183105469,33.18000030517578,841500,33.18000030517578,NCLH
2014-05-20,33.38999938964844,32.93000030517578,33.209999084472656,33.16999816894531,1061000,33.16999816894531,NCLH
2014-05-21,33.83000183105469,33.06999969482422,33.2599983215332,33.77000045776367,515300,33.77000045776367,NCLH
2014-05-22,33.939998626708984,33.52000045776367,33.75,33.7599983215332,826400,33.7599983215332,NCLH
2014-05-23,33.9900016784668,33.599998474121094,33.790000915527344,33.970001220703125,390400,33.970001220703125,NCLH
2014-05-27,34.18000030517578,33.56999969482422,34.029998779296875,33.70000076293945,675900,33.70000076293945,NCLH
2014-05-28,33.689998626708984,33.2400016784668,33.689998626708984,33.2400016784668,1048800,33.2400016784668,NCLH
2014-05-29,33.77000045776367,33.279998779296875,33.380001068115234,33.349998474121094,1013200,33.349998474121094,NCLH
2014-05-30,33.779998779296875,33.099998474121094,33.31999969482422,33.75,962200,33.75,NCLH
2014-06-02,34.0099983215332,33.43000030517578,33.7400016784668,33.900001525878906,835500,33.900001525878906,NCLH
2014-06-03,34.06999969482422,33.56999969482422,33.75,34.02000045776367,597100,34.02000045776367,NCLH
2014-06-04,34.130001068115234,33.0099983215332,33.060001373291016,34.09000015258789,1164800,34.09000015258789,NCLH
2014-06-05,34.13999938964844,33.72999954223633,34.09000015258789,34.029998779296875,1348100,34.029998779296875,NCLH
2014-06-06,34.13999938964844,33.68000030517578,34.119998931884766,33.7599983215332,693400,33.7599983215332,NCLH
2014-06-09,33.88999938964844,31.040000915527344,31.040000915527344,33.68000030517578,938800,33.68000030517578,NCLH
2014-06-10,34.08000183105469,33.380001068115234,33.45000076293945,33.54999923706055,748200,33.54999923706055,NCLH
2014-06-11,33.75,33.220001220703125,33.43000030517578,33.650001525878906,528900,33.650001525878906,NCLH
2014-06-12,33.849998474121094,32.84000015258789,33.7400016784668,32.91999816894531,949600,32.91999816894531,NCLH
2014-06-13,33.060001373291016,32.52000045776367,32.880001068115234,32.86000061035156,700800,32.86000061035156,NCLH
2014-06-16,32.599998474121094,31.649999618530273,32.33000183105469,31.899999618530273,2641600,31.899999618530273,NCLH
2014-06-17,32.150001525878906,31.719999313354492,31.799999237060547,32.029998779296875,1010500,32.029998779296875,NCLH
2014-06-18,32.189998626708984,31.8799991607666,31.959999084472656,31.93000030517578,1074300,31.93000030517578,NCLH
2014-06-19,32.130001068115234,31.84000015258789,31.84000015258789,31.90999984741211,673900,31.90999984741211,NCLH
2014-06-20,32.189998626708984,31.850000381469727,31.850000381469727,31.989999771118164,836900,31.989999771118164,NCLH
2014-06-23,32.5099983215332,31.920000076293945,32.029998779296875,32.41999816894531,1073600,32.41999816894531,NCLH
2014-06-24,32.5099983215332,31.75,32.209999084472656,32.13999938964844,2092900,32.13999938964844,NCLH
2014-06-25,32.41999816894531,31.790000915527344,31.979999542236328,32.040000915527344,1027600,32.040000915527344,NCLH
2014-06-26,32.209999084472656,31.729999542236328,32.0,31.989999771118164,879400,31.989999771118164,NCLH
2014-06-27,32.13999938964844,31.450000762939453,31.959999084472656,31.450000762939453,5246600,31.450000762939453,NCLH
2014-06-30,31.770000457763672,31.450000762939453,31.489999771118164,31.700000762939453,923900,31.700000762939453,NCLH
2014-07-01,32.0,31.40999984741211,31.719999313354492,31.899999618530273,765100,31.899999618530273,NCLH
2014-07-02,32.369998931884766,31.670000076293945,31.899999618530273,31.940000534057617,592400,31.940000534057617,NCLH
2014-07-03,32.529998779296875,32.09000015258789,32.150001525878906,32.47999954223633,564400,32.47999954223633,NCLH
2014-07-07,32.43000030517578,31.799999237060547,32.2599983215332,32.380001068115234,879300,32.380001068115234,NCLH
2014-07-08,32.560001373291016,32.099998474121094,32.31999969482422,32.20000076293945,1544000,32.20000076293945,NCLH
2014-07-09,32.7400016784668,32.0,32.15999984741211,32.65999984741211,904400,32.65999984741211,NCLH
2014-07-10,33.08000183105469,32.11000061035156,32.36000061035156,32.7400016784668,891500,32.7400016784668,NCLH
2014-07-11,32.97999954223633,32.27000045776367,32.650001525878906,32.95000076293945,664500,32.95000076293945,NCLH
2014-07-14,33.09000015258789,32.709999084472656,33.09000015258789,32.720001220703125,691500,32.720001220703125,NCLH
2014-07-15,32.97999954223633,32.16999816894531,32.650001525878906,32.310001373291016,1059800,32.310001373291016,NCLH
2014-07-16,32.70000076293945,32.22999954223633,32.400001525878906,32.36000061035156,1942500,32.36000061035156,NCLH
2014-07-17,32.470001220703125,31.93000030517578,32.310001373291016,31.979999542236328,609600,31.979999542236328,NCLH
2014-07-18,32.40999984741211,31.920000076293945,32.060001373291016,32.290000915527344,689600,32.290000915527344,NCLH
2014-07-21,32.439998626708984,31.790000915527344,32.189998626708984,31.889999389648438,481000,31.889999389648438,NCLH
2014-07-22,32.29999923706055,31.979999542236328,32.0,32.18000030517578,392100,32.18000030517578,NCLH
2014-07-23,32.459999084472656,31.84000015258789,32.29999923706055,32.060001373291016,621600,32.060001373291016,NCLH
2014-07-24,32.86000061035156,32.279998779296875,32.400001525878906,32.540000915527344,660300,32.540000915527344,NCLH
2014-07-25,32.939998626708984,32.040000915527344,32.5,32.400001525878906,1273100,32.400001525878906,NCLH
2014-07-28,32.959999084472656,32.400001525878906,32.470001220703125,32.7599983215332,1413300,32.7599983215332,NCLH
2014-07-29,34.33000183105469,32.099998474121094,32.099998474121094,33.529998779296875,2615600,33.529998779296875,NCLH
2014-07-30,33.72999954223633,32.91999816894531,33.650001525878906,33.04999923706055,1658500,33.04999923706055,NCLH
2014-07-31,33.08000183105469,32.54999923706055,32.779998779296875,32.779998779296875,1876300,32.779998779296875,NCLH
2014-08-01,33.47999954223633,32.5,32.720001220703125,32.970001220703125,1338000,32.970001220703125,NCLH
2014-08-04,33.34000015258789,32.65999984741211,32.959999084472656,32.959999084472656,499400,32.959999084472656,NCLH
2014-08-05,33.150001525878906,32.25,32.70000076293945,32.43000030517578,980500,32.43000030517578,NCLH
2014-08-06,32.560001373291016,31.3799991607666,32.189998626708984,31.8799991607666,1181300,31.8799991607666,NCLH
2014-08-07,32.25,31.65999984741211,32.08000183105469,31.790000915527344,603400,31.790000915527344,NCLH
2014-08-08,32.02000045776367,31.6200008392334,31.850000381469727,31.75,546800,31.75,NCLH
2014-08-11,32.209999084472656,31.760000228881836,31.780000686645508,32.18000030517578,331600,32.18000030517578,NCLH
2014-08-12,32.68000030517578,32.06999969482422,32.189998626708984,32.33000183105469,393300,32.33000183105469,NCLH
2014-08-13,32.72999954223633,32.189998626708984,32.41999816894531,32.20000076293945,483600,32.20000076293945,NCLH
2014-08-14,32.84000015258789,32.04999923706055,32.099998474121094,32.84000015258789,896100,32.84000015258789,NCLH
2014-08-15,34.5,33.279998779296875,33.400001525878906,33.560001373291016,1509900,33.560001373291016,NCLH
2014-08-18,34.150001525878906,33.56999969482422,33.56999969482422,33.68000030517578,795700,33.68000030517578,NCLH
2014-08-19,34.0,33.45000076293945,33.86000061035156,33.4900016784668,619900,33.4900016784668,NCLH
2014-08-20,33.95000076293945,33.209999084472656,33.369998931884766,33.790000915527344,679700,33.790000915527344,NCLH
2014-08-21,33.95000076293945,33.689998626708984,33.79999923706055,33.7400016784668,592800,33.7400016784668,NCLH
2014-08-22,33.95000076293945,33.4900016784668,33.7400016784668,33.790000915527344,986500,33.790000915527344,NCLH
2014-08-25,34.0099983215332,33.630001068115234,34.0099983215332,33.790000915527344,355100,33.790000915527344,NCLH
2014-08-26,33.91999816894531,33.61000061035156,33.72999954223633,33.790000915527344,387000,33.790000915527344,NCLH
2014-08-27,33.970001220703125,33.529998779296875,33.88999938964844,33.70000076293945,365500,33.70000076293945,NCLH
2014-08-28,33.689998626708984,33.130001068115234,33.689998626708984,33.189998626708984,503800,33.189998626708984,NCLH
2014-08-29,33.59000015258789,33.02000045776367,33.099998474121094,33.310001373291016,467300,33.310001373291016,NCLH
2014-09-02,38.04999923706055,36.70000076293945,38.0099983215332,36.9900016784668,6593100,36.9900016784668,NCLH
2014-09-03,37.38999938964844,36.900001525878906,37.09000015258789,36.939998626708984,1755600,36.939998626708984,NCLH
2014-09-04,36.7599983215332,35.779998779296875,36.2400016784668,36.25,1067700,36.25,NCLH
2014-09-05,36.29999923706055,35.959999084472656,36.099998474121094,36.099998474121094,1191600,36.099998474121094,NCLH
2014-09-08,36.31999969482422,35.91999816894531,36.0,36.099998474121094,657200,36.099998474121094,NCLH
2014-09-09,36.33000183105469,35.95000076293945,36.13999938964844,36.060001373291016,569300,36.060001373291016,NCLH
2014-09-10,36.369998931884766,35.91999816894531,36.22999954223633,36.310001373291016,371000,36.310001373291016,NCLH
2014-09-11,36.72999954223633,35.93000030517578,36.279998779296875,36.5,607800,36.5,NCLH
2014-09-12,36.869998931884766,36.349998474121094,36.54999923706055,36.619998931884766,838900,36.619998931884766,NCLH
2014-09-15,36.61000061035156,36.029998779296875,36.52000045776367,36.439998626708984,454300,36.439998626708984,NCLH
2014-09-16,36.58000183105469,35.970001220703125,36.22999954223633,36.43000030517578,740400,36.43000030517578,NCLH
2014-09-17,36.88999938964844,36.189998626708984,36.470001220703125,36.68000030517578,352600,36.68000030517578,NCLH
2014-09-18,37.04999923706055,36.599998474121094,36.619998931884766,36.95000076293945,529300,36.95000076293945,NCLH
2014-09-19,37.18000030517578,36.75,36.88999938964844,36.77000045776367,734700,36.77000045776367,NCLH
2014-09-22,36.900001525878906,36.459999084472656,36.86000061035156,36.790000915527344,586600,36.790000915527344,NCLH
2014-09-23,37.349998474121094,36.709999084472656,36.91999816894531,36.849998474121094,858600,36.849998474121094,NCLH
2014-09-24,36.84000015258789,36.470001220703125,36.75,36.540000915527344,847700,36.540000915527344,NCLH
2014-09-25,36.5,35.72999954223633,36.31999969482422,35.880001068115234,562800,35.880001068115234,NCLH
2014-09-26,36.810001373291016,36.08000183105469,36.150001525878906,36.58000183105469,697700,36.58000183105469,NCLH
2014-09-29,36.43000030517578,36.06999969482422,36.43000030517578,36.220001220703125,519600,36.220001220703125,NCLH
2014-09-30,36.310001373291016,35.77000045776367,35.77000045776367,36.02000045776367,521300,36.02000045776367,NCLH
2014-10-01,36.150001525878906,35.11000061035156,35.900001525878906,35.16999816894531,1099800,35.16999816894531,NCLH
2014-10-02,35.41999816894531,34.119998931884766,35.349998474121094,35.029998779296875,633600,35.029998779296875,NCLH
2014-10-03,35.86000061035156,35.060001373291016,35.29999923706055,35.79999923706055,1056300,35.79999923706055,NCLH
2014-10-06,36.27000045776367,35.540000915527344,36.060001373291016,35.599998474121094,542700,35.599998474121094,NCLH
2014-10-07,35.380001068115234,34.5,35.29999923706055,34.599998474121094,876000,34.599998474121094,NCLH
2014-10-08,35.189998626708984,34.43000030517578,34.59000015258789,34.970001220703125,1520600,34.970001220703125,NCLH
2014-10-09,35.0,33.77000045776367,34.79999923706055,33.9900016784668,1036600,33.9900016784668,NCLH
2014-10-10,34.150001525878906,33.36000061035156,33.90999984741211,33.72999954223633,893100,33.72999954223633,NCLH
2014-10-13,33.88999938964844,31.940000534057617,33.349998474121094,31.969999313354492,2206500,31.969999313354492,NCLH
2014-10-14,32.529998779296875,31.510000228881836,32.08000183105469,32.04999923706055,1687700,32.04999923706055,NCLH
2014-10-15,31.860000610351562,30.450000762939453,31.860000610351562,31.06999969482422,1214700,31.06999969482422,NCLH
2014-10-16,31.489999771118164,30.65999984741211,30.65999984741211,31.299999237060547,1266900,31.299999237060547,NCLH
2014-10-17,32.400001525878906,30.440000534057617,30.459999084472656,32.02000045776367,2323800,32.02000045776367,NCLH
2014-10-20,32.93000030517578,32.04999923706055,32.119998931884766,32.90999984741211,828100,32.90999984741211,NCLH
2014-10-21,34.2400016784668,32.93000030517578,33.34000015258789,34.15999984741211,858100,34.15999984741211,NCLH
2014-10-22,34.91999816894531,34.11000061035156,34.20000076293945,34.63999938964844,1213700,34.63999938964844,NCLH
2014-10-23,34.939998626708984,33.7400016784668,34.869998931884766,34.2599983215332,882300,34.2599983215332,NCLH
2014-10-24,35.11000061035156,34.099998474121094,34.16999816894531,35.02000045776367,323500,35.02000045776367,NCLH
2014-10-27,35.400001525878906,34.7599983215332,34.84000015258789,35.31999969482422,518500,35.31999969482422,NCLH
2014-10-28,36.27000045776367,35.15999984741211,35.369998931884766,36.22999954223633,880200,36.22999954223633,NCLH
2014-10-29,37.22999954223633,36.13999938964844,36.56999969482422,36.65999984741211,2061000,36.65999984741211,NCLH
2014-10-30,38.65999984741211,36.599998474121094,36.9900016784668,38.439998626708984,1809900,38.439998626708984,NCLH
2014-10-31,39.5099983215332,38.529998779296875,39.11000061035156,39.0,1080900,39.0,NCLH
2014-11-03,39.630001068115234,38.54999923706055,39.20000076293945,39.06999969482422,1351300,39.06999969482422,NCLH
2014-11-04,39.310001373291016,38.11000061035156,39.13999938964844,38.400001525878906,1426800,38.400001525878906,NCLH
2014-11-05,39.15999984741211,38.279998779296875,38.650001525878906,39.029998779296875,591800,39.029998779296875,NCLH
2014-11-06,39.689998626708984,38.869998931884766,39.130001068115234,38.97999954223633,1368700,38.97999954223633,NCLH
2014-11-07,39.689998626708984,38.72999954223633,39.38999938964844,38.9900016784668,1153800,38.9900016784668,NCLH
2014-11-10,39.790000915527344,38.900001525878906,39.16999816894531,39.349998474121094,1571000,39.349998474121094,NCLH
2014-11-11,39.93000030517578,39.220001220703125,39.279998779296875,39.900001525878906,855300,39.900001525878906,NCLH
2014-11-12,40.45000076293945,39.41999816894531,39.65999984741211,40.349998474121094,2516200,40.349998474121094,NCLH
2014-11-13,40.56999969482422,39.83000183105469,40.16999816894531,40.5,1221200,40.5,NCLH
2014-11-14,41.65999984741211,40.33000183105469,40.45000076293945,41.59000015258789,1356600,41.59000015258789,NCLH
2014-11-17,41.65999984741211,40.95000076293945,41.65999984741211,41.310001373291016,695600,41.310001373291016,NCLH
2014-11-18,41.959999084472656,41.31999969482422,41.38999938964844,41.77000045776367,926600,41.77000045776367,NCLH
2014-11-19,41.970001220703125,41.459999084472656,41.90999984741211,41.790000915527344,767700,41.790000915527344,NCLH
2014-11-20,42.09000015258789,41.41999816894531,41.5,41.709999084472656,826700,41.709999084472656,NCLH
2014-11-21,42.36000061035156,41.790000915527344,42.22999954223633,41.83000183105469,559400,41.83000183105469,NCLH
2014-11-24,42.34000015258789,41.83000183105469,41.97999954223633,42.20000076293945,605700,42.20000076293945,NCLH
2014-11-25,42.61000061035156,41.86000061035156,42.27000045776367,42.15999984741211,3645000,42.15999984741211,NCLH
2014-11-26,42.5,41.310001373291016,42.11000061035156,42.150001525878906,495800,42.150001525878906,NCLH
2014-11-28,45.06999969482422,42.630001068115234,42.66999816894531,43.88999938964844,1698400,43.88999938964844,NCLH
2014-12-01,43.86000061035156,42.279998779296875,43.86000061035156,42.65999984741211,1036400,42.65999984741211,NCLH
2014-12-02,44.15999984741211,43.04999923706055,43.2599983215332,44.13999938964844,1562000,44.13999938964844,NCLH
2014-12-03,44.66999816894531,43.779998779296875,44.369998931884766,44.34000015258789,873500,44.34000015258789,NCLH
2014-12-04,45.0099983215332,44.27000045776367,44.27000045776367,44.959999084472656,759800,44.959999084472656,NCLH
2014-12-05,45.93000030517578,44.9900016784668,44.9900016784668,45.47999954223633,1337500,45.47999954223633,NCLH
2014-12-08,45.790000915527344,44.72999954223633,45.689998626708984,44.95000076293945,1365600,44.95000076293945,NCLH
2014-12-09,44.970001220703125,43.84000015258789,44.33000183105469,44.70000076293945,1074900,44.70000076293945,NCLH
2014-12-10,45.040000915527344,44.209999084472656,44.709999084472656,44.599998474121094,1837300,44.599998474121094,NCLH
2014-12-11,44.88999938964844,42.84000015258789,44.630001068115234,43.72999954223633,2449700,43.72999954223633,NCLH
2014-12-12,44.36000061035156,43.529998779296875,43.529998779296875,43.790000915527344,856700,43.790000915527344,NCLH
2014-12-15,44.16999816894531,43.029998779296875,44.13999938964844,43.7400016784668,737400,43.7400016784668,NCLH
2014-12-16,44.16999816894531,43.380001068115234,43.380001068115234,43.7599983215332,1171100,43.7599983215332,NCLH
2014-12-17,45.779998779296875,43.689998626708984,43.9900016784668,45.7599983215332,1900700,45.7599983215332,NCLH
2014-12-18,46.369998931884766,45.34000015258789,46.0099983215332,45.95000076293945,2402700,45.95000076293945,NCLH
2014-12-19,47.040000915527344,45.599998474121094,46.40999984741211,46.86000061035156,2095200,46.86000061035156,NCLH
2014-12-22,47.29999923706055,46.58000183105469,47.029998779296875,46.66999816894531,1405900,46.66999816894531,NCLH
2014-12-23,47.790000915527344,46.689998626708984,46.81999969482422,47.5099983215332,743000,47.5099983215332,NCLH
2014-12-24,47.86000061035156,47.5,47.52000045776367,47.65999984741211,202400,47.65999984741211,NCLH
2014-12-26,47.7400016784668,47.380001068115234,47.70000076293945,47.47999954223633,286200,47.47999954223633,NCLH
2014-12-29,48.15999984741211,47.33000183105469,47.63999938964844,48.029998779296875,461600,48.029998779296875,NCLH
2014-12-30,48.099998474121094,46.81999969482422,47.83000183105469,46.86000061035156,665500,46.86000061035156,NCLH
2014-12-31,47.380001068115234,46.56999969482422,46.86000061035156,46.7599983215332,561700,46.7599983215332,NCLH
2015-01-02,47.27000045776367,46.31999969482422,47.22999954223633,46.70000076293945,438700,46.70000076293945,NCLH
2015-01-05,46.9900016784668,45.5099983215332,46.380001068115234,46.029998779296875,938700,46.029998779296875,NCLH
2015-01-06,46.34000015258789,44.689998626708984,46.34000015258789,45.61000061035156,1062000,45.61000061035156,NCLH
2015-01-07,46.709999084472656,45.619998931884766,46.13999938964844,46.209999084472656,1409200,46.209999084472656,NCLH
2015-01-08,47.02000045776367,46.33000183105469,46.33000183105469,46.68000030517578,1658500,46.68000030517578,NCLH
2015-01-09,47.380001068115234,44.34000015258789,46.83000183105469,45.20000076293945,6291100,45.20000076293945,NCLH
2015-01-12,46.209999084472656,44.9900016784668,45.880001068115234,45.31999969482422,2546300,45.31999969482422,NCLH
2015-01-13,47.459999084472656,45.25,47.459999084472656,45.63999938964844,977900,45.63999938964844,NCLH
2015-01-14,45.7400016784668,44.58000183105469,45.16999816894531,45.040000915527344,1555400,45.040000915527344,NCLH
2015-01-15,45.58000183105469,44.59000015258789,45.20000076293945,44.68000030517578,844300,44.68000030517578,NCLH
2015-01-16,45.0,44.290000915527344,44.720001220703125,44.849998474121094,572900,44.849998474121094,NCLH
2015-01-20,45.18000030517578,44.54999923706055,44.9900016784668,45.0,718300,45.0,NCLH
2015-01-21,45.290000915527344,44.599998474121094,45.0099983215332,44.9900016784668,637800,44.9900016784668,NCLH
2015-01-22,46.06999969482422,44.66999816894531,45.290000915527344,45.79999923706055,2227800,45.79999923706055,NCLH
2015-01-23,46.22999954223633,45.349998474121094,45.810001373291016,45.70000076293945,1039400,45.70000076293945,NCLH
2015-01-26,46.150001525878906,45.380001068115234,45.66999816894531,46.04999923706055,1163900,46.04999923706055,NCLH
2015-01-27,45.939998626708984,45.060001373291016,45.220001220703125,45.599998474121094,499300,45.599998474121094,NCLH
2015-01-28,46.349998474121094,44.880001068115234,45.959999084472656,44.90999984741211,669300,44.90999984741211,NCLH
2015-01-29,44.459999084472656,42.63999938964844,44.459999084472656,44.209999084472656,1848900,44.209999084472656,NCLH
2015-01-30,44.310001373291016,43.4900016784668,44.0,43.7599983215332,874200,43.7599983215332,NCLH
2015-02-02,43.97999954223633,42.54999923706055,43.869998931884766,43.33000183105469,2063900,43.33000183105469,NCLH
2015-02-03,44.27000045776367,43.0,43.459999084472656,43.9900016784668,817700,43.9900016784668,NCLH
2015-02-04,44.16999816894531,43.36000061035156,43.709999084472656,43.72999954223633,778400,43.72999954223633,NCLH
2015-02-05,44.18000030517578,43.619998931884766,43.720001220703125,44.150001525878906,470900,44.150001525878906,NCLH
2015-02-06,44.400001525878906,43.619998931884766,44.27000045776367,43.849998474121094,1005600,43.849998474121094,NCLH
2015-02-09,44.13999938964844,42.790000915527344,43.900001525878906,42.93000030517578,927700,42.93000030517578,NCLH
2015-02-10,44.290000915527344,43.150001525878906,43.33000183105469,44.119998931884766,1221700,44.119998931884766,NCLH
2015-02-11,44.599998474121094,43.77000045776367,44.0,44.25,1354600,44.25,NCLH
2015-02-12,44.689998626708984,44.15999984741211,44.29999923706055,44.380001068115234,748400,44.380001068115234,NCLH
2015-02-13,44.2400016784668,43.540000915527344,44.09000015258789,43.709999084472656,1503700,43.709999084472656,NCLH
2015-02-17,44.33000183105469,43.25,44.18000030517578,43.400001525878906,2054300,43.400001525878906,NCLH
2015-02-18,47.220001220703125,43.66999816894531,44.689998626708984,46.709999084472656,5168400,46.709999084472656,NCLH
2015-02-19,48.61000061035156,46.83000183105469,46.83000183105469,48.40999984741211,2060400,48.40999984741211,NCLH
2015-02-20,48.20000076293945,47.08000183105469,47.47999954223633,47.77000045776367,1933400,47.77000045776367,NCLH
2015-02-23,48.5099983215332,47.7400016784668,47.81999969482422,47.86000061035156,1819800,47.86000061035156,NCLH
2015-02-24,48.900001525878906,47.900001525878906,48.900001525878906,48.08000183105469,1266300,48.08000183105469,NCLH
2015-02-25,48.97999954223633,48.040000915527344,48.13999938964844,48.91999816894531,1876300,48.91999816894531,NCLH
2015-02-26,50.09000015258789,48.77000045776367,48.77000045776367,49.209999084472656,1663700,49.209999084472656,NCLH
2015-02-27,49.90999984741211,48.79999923706055,49.84000015258789,49.31999969482422,964700,49.31999969482422,NCLH
2015-03-02,50.81999969482422,49.41999816894531,49.439998626708984,50.81999969482422,1233000,50.81999969482422,NCLH
2015-03-03,50.900001525878906,49.90999984741211,50.79999923706055,50.36000061035156,1033600,50.36000061035156,NCLH
2015-03-04,50.66999816894531,49.619998931884766,50.060001373291016,50.56999969482422,682300,50.56999969482422,NCLH
2015-03-05,51.56999969482422,50.79999923706055,50.83000183105469,51.31999969482422,1080400,51.31999969482422,NCLH
2015-03-06,50.619998931884766,49.439998626708984,50.619998931884766,50.040000915527344,2568400,50.040000915527344,NCLH
2015-03-09,51.150001525878906,50.119998931884766,50.369998931884766,50.869998931884766,2785000,50.869998931884766,NCLH
2015-03-10,51.0099983215332,49.7599983215332,50.380001068115234,49.90999984741211,1245600,49.90999984741211,NCLH
2015-03-11,50.529998779296875,49.72999954223633,49.900001525878906,49.900001525878906,904500,49.900001525878906,NCLH
2015-03-12,51.150001525878906,49.93000030517578,50.0099983215332,51.04999923706055,1628500,51.04999923706055,NCLH
2015-03-13,51.65999984741211,50.439998626708984,51.0,50.709999084472656,1318900,50.709999084472656,NCLH
2015-03-16,51.97999954223633,50.84000015258789,51.0,51.40999984741211,3043100,51.40999984741211,NCLH
2015-03-17,52.2400016784668,51.150001525878906,51.459999084472656,51.79999923706055,2258100,51.79999923706055,NCLH
2015-03-18,53.20000076293945,51.68000030517578,52.18000030517578,52.90999984741211,2932600,52.90999984741211,NCLH
2015-03-19,53.75,53.040000915527344,53.060001373291016,53.61000061035156,2049900,53.61000061035156,NCLH
2015-03-20,54.779998779296875,53.630001068115234,54.38999938964844,53.689998626708984,3335300,53.689998626708984,NCLH
2015-03-23,53.68000030517578,52.38999938964844,53.47999954223633,52.630001068115234,1666600,52.630001068115234,NCLH
2015-03-24,52.959999084472656,52.060001373291016,52.689998626708984,52.279998779296875,1150300,52.279998779296875,NCLH
2015-03-25,52.2599983215332,51.09000015258789,52.25,51.150001525878906,656100,51.150001525878906,NCLH
2015-03-26,51.61000061035156,50.08000183105469,50.81999969482422,51.189998626708984,983700,51.189998626708984,NCLH
2015-03-27,54.189998626708984,51.70000076293945,51.72999954223633,53.81999969482422,2318800,53.81999969482422,NCLH
2015-03-30,55.349998474121094,53.11000061035156,54.900001525878906,53.279998779296875,1363400,53.279998779296875,NCLH
2015-03-31,54.04999923706055,52.61000061035156,53.11000061035156,54.0099983215332,1100300,54.0099983215332,NCLH
2015-04-01,54.52000045776367,53.400001525878906,54.13999938964844,54.47999954223633,1490100,54.47999954223633,NCLH
2015-04-02,54.959999084472656,54.16999816894531,54.560001373291016,54.459999084472656,761600,54.459999084472656,NCLH
2015-04-06,54.61000061035156,53.790000915527344,54.279998779296875,53.88999938964844,851100,53.88999938964844,NCLH
2015-04-07,54.939998626708984,53.09000015258789,54.029998779296875,53.150001525878906,1003300,53.150001525878906,NCLH
2015-04-08,54.77000045776367,53.279998779296875,53.36000061035156,54.7599983215332,1118100,54.7599983215332,NCLH
2015-04-09,55.130001068115234,54.45000076293945,54.83000183105469,54.810001373291016,788500,54.810001373291016,NCLH
2015-04-10,55.380001068115234,54.380001068115234,55.0,54.5099983215332,428500,54.5099983215332,NCLH
2015-04-13,54.720001220703125,53.709999084472656,54.4900016784668,53.779998779296875,932300,53.779998779296875,NCLH
2015-04-14,54.16999816894531,53.47999954223633,53.86000061035156,53.72999954223633,703000,53.72999954223633,NCLH
2015-04-15,54.36000061035156,52.95000076293945,53.779998779296875,53.029998779296875,1249200,53.029998779296875,NCLH
2015-04-16,53.38999938964844,52.720001220703125,53.060001373291016,53.13999938964844,1029500,53.13999938964844,NCLH
2015-04-17,52.86000061035156,52.099998474121094,52.72999954223633,52.209999084472656,827300,52.209999084472656,NCLH
2015-04-20,51.95000076293945,50.599998474121094,50.75,51.2599983215332,2876600,51.2599983215332,NCLH
2015-04-21,52.099998474121094,51.34000015258789,51.52000045776367,51.47999954223633,1182400,51.47999954223633,NCLH
2015-04-22,51.90999984741211,50.970001220703125,51.650001525878906,51.099998474121094,1444700,51.099998474121094,NCLH
2015-04-23,51.939998626708984,50.869998931884766,51.2400016784668,51.65999984741211,1051100,51.65999984741211,NCLH
2015-04-24,51.900001525878906,51.220001220703125,51.66999816894531,51.40999984741211,704500,51.40999984741211,NCLH
2015-04-27,51.75,50.15999984741211,51.540000915527344,50.20000076293945,670300,50.20000076293945,NCLH
2015-04-28,50.599998474121094,49.0099983215332,50.310001373291016,50.16999816894531,1301600,50.16999816894531,NCLH
2015-04-29,50.56999969482422,48.91999816894531,49.970001220703125,49.0,1104800,49.0,NCLH
2015-04-30,49.5099983215332,48.08000183105469,48.83000183105469,48.5099983215332,1107800,48.5099983215332,NCLH
2015-05-01,49.33000183105469,48.310001373291016,48.599998474121094,49.27000045776367,677600,49.27000045776367,NCLH
2015-05-04,50.040000915527344,48.95000076293945,49.47999954223633,49.15999984741211,572600,49.15999984741211,NCLH
2015-05-05,49.13999938964844,48.31999969482422,48.91999816894531,48.369998931884766,703400,48.369998931884766,NCLH
2015-05-06,48.88999938964844,48.029998779296875,48.09000015258789,48.70000076293945,1319600,48.70000076293945,NCLH
2015-05-07,53.18000030517578,48.77000045776367,49.18000030517578,52.22999954223633,2612800,52.22999954223633,NCLH
2015-05-08,54.5099983215332,52.7599983215332,53.130001068115234,54.099998474121094,2162100,54.099998474121094,NCLH
2015-05-11,54.4900016784668,53.08000183105469,54.209999084472656,53.22999954223633,1273200,53.22999954223633,NCLH
2015-05-12,53.619998931884766,52.400001525878906,53.0099983215332,52.970001220703125,1096500,52.970001220703125,NCLH
2015-05-13,53.529998779296875,52.529998779296875,53.0,52.68000030517578,567000,52.68000030517578,NCLH
2015-05-14,54.7599983215332,52.91999816894531,53.09000015258789,54.650001525878906,1006700,54.650001525878906,NCLH
2015-05-15,55.380001068115234,54.84000015258789,54.869998931884766,55.36000061035156,1065800,55.36000061035156,NCLH
2015-05-18,56.06999969482422,55.150001525878906,55.36000061035156,55.4900016784668,788400,55.4900016784668,NCLH
2015-05-19,57.54999923706055,55.7400016784668,55.97999954223633,57.29999923706055,1631600,57.29999923706055,NCLH
2015-05-20,55.13999938964844,54.5,54.95000076293945,54.779998779296875,5622400,54.779998779296875,NCLH
2015-05-21,55.0099983215332,54.599998474121094,54.79999923706055,54.68000030517578,2057600,54.68000030517578,NCLH
2015-05-22,55.189998626708984,54.75,55.189998626708984,54.86000061035156,1762400,54.86000061035156,NCLH
2015-05-26,55.060001373291016,54.400001525878906,54.790000915527344,54.540000915527344,1423100,54.540000915527344,NCLH
2015-05-27,54.9900016784668,54.5,54.709999084472656,54.83000183105469,1104500,54.83000183105469,NCLH
2015-05-28,54.88999938964844,54.52000045776367,54.790000915527344,54.75,1067700,54.75,NCLH
2015-05-29,54.810001373291016,54.08000183105469,54.20000076293945,54.560001373291016,3731400,54.560001373291016,NCLH
2015-06-01,55.2400016784668,54.20000076293945,54.81999969482422,54.7599983215332,1048300,54.7599983215332,NCLH
2015-06-02,54.970001220703125,54.34000015258789,54.52000045776367,54.560001373291016,1348400,54.560001373291016,NCLH
2015-06-03,55.54999923706055,54.599998474121094,54.619998931884766,55.36000061035156,1770500,55.36000061035156,NCLH
2015-06-04,56.220001220703125,54.959999084472656,55.189998626708984,55.09000015258789,1421400,55.09000015258789,NCLH
2015-06-05,55.38999938964844,54.400001525878906,55.38999938964844,55.130001068115234,952000,55.130001068115234,NCLH
2015-06-08,55.060001373291016,54.349998474121094,55.0,54.369998931884766,1001100,54.369998931884766,NCLH
2015-06-09,54.91999816894531,53.68000030517578,54.20000076293945,54.83000183105469,1443700,54.83000183105469,NCLH
2015-06-10,55.22999954223633,54.66999816894531,55.0,54.7400016784668,938600,54.7400016784668,NCLH
2015-06-11,55.189998626708984,54.650001525878906,54.93000030517578,54.95000076293945,949500,54.95000076293945,NCLH
2015-06-12,55.16999816894531,54.4900016784668,54.79999923706055,54.91999816894531,654500,54.91999816894531,NCLH
2015-06-15,54.86000061035156,54.13999938964844,54.459999084472656,54.70000076293945,1073900,54.70000076293945,NCLH
2015-06-16,55.060001373291016,54.5,54.970001220703125,54.9900016784668,1031900,54.9900016784668,NCLH
2015-06-17,55.349998474121094,54.81999969482422,55.220001220703125,55.31999969482422,774200,55.31999969482422,NCLH
2015-06-18,56.529998779296875,55.25,55.29999923706055,56.09000015258789,1213000,56.09000015258789,NCLH
2015-06-19,56.45000076293945,55.77000045776367,56.43000030517578,55.97999954223633,1547200,55.97999954223633,NCLH
2015-06-22,56.9900016784668,56.150001525878906,56.68000030517578,56.77000045776367,1765600,56.77000045776367,NCLH
2015-06-23,57.0,56.220001220703125,56.939998626708984,56.470001220703125,1217800,56.470001220703125,NCLH
2015-06-24,56.9900016784668,56.27000045776367,56.40999984741211,56.63999938964844,1157200,56.63999938964844,NCLH
2015-06-25,56.95000076293945,56.459999084472656,56.810001373291016,56.59000015258789,792400,56.59000015258789,NCLH
2015-06-26,56.939998626708984,56.33000183105469,56.790000915527344,56.599998474121094,4282100,56.599998474121094,NCLH
2015-06-29,56.52000045776367,55.34000015258789,56.20000076293945,55.400001525878906,1514000,55.400001525878906,NCLH
2015-06-30,56.25,55.08000183105469,55.72999954223633,56.040000915527344,1400700,56.040000915527344,NCLH
2015-07-01,56.689998626708984,55.81999969482422,56.5099983215332,56.189998626708984,1005200,56.189998626708984,NCLH
2015-07-02,56.31999969482422,55.02000045776367,56.209999084472656,55.4900016784668,1141400,55.4900016784668,NCLH
2015-07-06,55.900001525878906,54.88999938964844,55.34000015258789,55.34000015258789,1249700,55.34000015258789,NCLH
2015-07-07,56.560001373291016,54.47999954223633,55.4900016784668,56.540000915527344,1464600,56.540000915527344,NCLH
2015-07-08,56.54999923706055,55.47999954223633,56.099998474121094,55.790000915527344,1389400,55.790000915527344,NCLH
2015-07-09,56.84000015258789,55.439998626708984,56.31999969482422,55.47999954223633,658800,55.47999954223633,NCLH
2015-07-10,57.77000045776367,56.0,56.060001373291016,57.650001525878906,1493900,57.650001525878906,NCLH
2015-07-13,58.86000061035156,57.93000030517578,58.380001068115234,58.5,1076100,58.5,NCLH
2015-07-14,59.310001373291016,58.45000076293945,58.59000015258789,59.220001220703125,828200,59.220001220703125,NCLH
2015-07-15,59.33000183105469,58.52000045776367,59.11000061035156,58.7400016784668,1121900,58.7400016784668,NCLH
2015-07-16,59.349998474121094,58.939998626708984,59.22999954223633,59.189998626708984,762300,59.189998626708984,NCLH
2015-07-17,59.79999923706055,58.66999816894531,59.380001068115234,59.0,756600,59.0,NCLH
2015-07-20,59.68000030517578,58.970001220703125,59.63999938964844,59.130001068115234,949700,59.130001068115234,NCLH
2015-07-21,59.4900016784668,58.63999938964844,59.380001068115234,59.290000915527344,565500,59.290000915527344,NCLH
2015-07-22,59.91999816894531,59.02000045776367,59.02000045776367,59.88999938964844,595800,59.88999938964844,NCLH
2015-07-23,60.38999938964844,59.45000076293945,60.04999923706055,59.84000015258789,1217300,59.84000015258789,NCLH
2015-07-24,60.34000015258789,58.40999984741211,60.34000015258789,58.77000045776367,1113800,58.77000045776367,NCLH
2015-07-27,58.470001220703125,57.459999084472656,58.20000076293945,58.119998931884766,806200,58.119998931884766,NCLH
2015-07-28,58.619998931884766,57.27000045776367,57.97999954223633,58.43000030517578,778900,58.43000030517578,NCLH
2015-07-29,59.90999984741211,58.290000915527344,58.43000030517578,59.880001068115234,1126700,59.880001068115234,NCLH
2015-07-30,60.0,58.70000076293945,59.47999954223633,59.689998626708984,1040100,59.689998626708984,NCLH
2015-07-31,63.220001220703125,61.40999984741211,61.709999084472656,62.41999816894531,2098400,62.41999816894531,NCLH
2015-08-03,62.970001220703125,61.2599983215332,62.970001220703125,62.0,2347100,62.0,NCLH
2015-08-04,62.70000076293945,58.040000915527344,62.70000076293945,59.43000030517578,3920900,59.43000030517578,NCLH
2015-08-05,61.33000183105469,59.630001068115234,60.0,61.18000030517578,2358500,61.18000030517578,NCLH
2015-08-06,61.65999984741211,59.58000183105469,61.16999816894531,60.13999938964844,1276100,60.13999938964844,NCLH
2015-08-07,61.09000015258789,59.93000030517578,60.400001525878906,61.060001373291016,1006200,61.060001373291016,NCLH
2015-08-10,62.189998626708984,61.16999816894531,61.93000030517578,61.41999816894531,971400,61.41999816894531,NCLH
2015-08-11,59.61000061035156,58.810001373291016,59.459999084472656,59.380001068115234,7238900,59.380001068115234,NCLH
2015-08-12,59.5,58.13999938964844,59.41999816894531,58.45000076293945,3058300,58.45000076293945,NCLH
2015-08-13,59.56999969482422,58.529998779296875,58.7400016784668,59.38999938964844,2256500,59.38999938964844,NCLH
2015-08-14,59.70000076293945,58.75,58.939998626708984,59.400001525878906,781500,59.400001525878906,NCLH
2015-08-17,60.119998931884766,59.220001220703125,59.22999954223633,60.119998931884766,1565700,60.119998931884766,NCLH
2015-08-18,60.380001068115234,59.7400016784668,60.209999084472656,60.029998779296875,1230900,60.029998779296875,NCLH
2015-08-19,59.95000076293945,58.5,59.47999954223633,59.720001220703125,1410000,59.720001220703125,NCLH
2015-08-20,59.16999816894531,56.95000076293945,59.0,57.0,1689300,57.0,NCLH
2015-08-21,57.099998474121094,55.65999984741211,56.11000061035156,56.099998474121094,2009900,56.099998474121094,NCLH
2015-08-24,56.79999923706055,50.0,52.060001373291016,54.93000030517578,1965900,54.93000030517578,NCLH
2015-08-25,56.95000076293945,54.77000045776367,56.630001068115234,54.790000915527344,1241500,54.790000915527344,NCLH
2015-08-26,56.9900016784668,54.63999938964844,55.7599983215332,56.86000061035156,1626200,56.86000061035156,NCLH
2015-08-27,58.02000045776367,56.400001525878906,57.0,57.7599983215332,1465900,57.7599983215332,NCLH
2015-08-28,57.83000183105469,56.79999923706055,57.43000030517578,57.7400016784668,906900,57.7400016784668,NCLH
2015-08-31,58.25,56.90999984741211,57.61000061035156,57.599998474121094,1664500,57.599998474121094,NCLH
2015-09-01,57.34000015258789,55.59000015258789,56.709999084472656,55.95000076293945,1341500,55.95000076293945,NCLH
2015-09-02,57.400001525878906,55.91999816894531,56.72999954223633,57.400001525878906,1117600,57.400001525878906,NCLH
2015-09-03,58.4900016784668,57.33000183105469,57.56999969482422,57.599998474121094,823900,57.599998474121094,NCLH
2015-09-04,57.59000015258789,56.72999954223633,56.959999084472656,57.189998626708984,527400,57.189998626708984,NCLH
2015-09-08,58.90999984741211,57.130001068115234,57.9900016784668,58.84000015258789,1127400,58.84000015258789,NCLH
2015-09-09,60.959999084472656,59.22999954223633,59.27000045776367,59.75,1529300,59.75,NCLH
2015-09-10,60.130001068115234,59.04999923706055,59.459999084472656,59.77000045776367,766400,59.77000045776367,NCLH
2015-09-11,61.119998931884766,59.459999084472656,59.900001525878906,60.93000030517578,871500,60.93000030517578,NCLH
2015-09-14,61.880001068115234,60.779998779296875,60.88999938964844,61.400001525878906,1115100,61.400001525878906,NCLH
2015-09-15,61.93000030517578,60.91999816894531,61.5,61.810001373291016,1352300,61.810001373291016,NCLH
2015-09-16,62.400001525878906,61.4900016784668,62.0,62.29999923706055,902400,62.29999923706055,NCLH
2015-09-17,62.939998626708984,61.97999954223633,62.220001220703125,62.099998474121094,797800,62.099998474121094,NCLH
2015-09-18,62.25,61.220001220703125,62.25,61.36000061035156,1301200,61.36000061035156,NCLH
2015-09-21,62.58000183105469,61.369998931884766,61.81999969482422,62.31999969482422,959800,62.31999969482422,NCLH
2015-09-22,61.4900016784668,59.630001068115234,61.22999954223633,60.209999084472656,1421700,60.209999084472656,NCLH
2015-09-23,62.47999954223633,60.06999969482422,60.560001373291016,62.20000076293945,1611100,62.20000076293945,NCLH
2015-09-24,62.0,60.63999938964844,61.9900016784668,61.459999084472656,1485900,61.459999084472656,NCLH
2015-09-25,62.08000183105469,60.369998931884766,62.0,60.68000030517578,1218800,60.68000030517578,NCLH
2015-09-28,60.25,56.7400016784668,60.16999816894531,57.4900016784668,1519200,57.4900016784668,NCLH
2015-09-29,57.689998626708984,55.77000045776367,57.22999954223633,56.08000183105469,1361100,56.08000183105469,NCLH
2015-09-30,57.709999084472656,56.2400016784668,56.599998474121094,57.29999923706055,1663300,57.29999923706055,NCLH
2015-10-01,58.47999954223633,56.5,57.0,57.34000015258789,1286300,57.34000015258789,NCLH
2015-10-02,58.459999084472656,56.0,57.13999938964844,58.459999084472656,1132000,58.459999084472656,NCLH
2015-10-05,59.5,58.68000030517578,58.869998931884766,58.97999954223633,1094700,58.97999954223633,NCLH
2015-10-06,59.150001525878906,56.58000183105469,59.130001068115234,56.849998474121094,1290400,56.849998474121094,NCLH
2015-10-07,58.38999938964844,56.470001220703125,56.75,57.099998474121094,947900,57.099998474121094,NCLH
2015-10-08,57.459999084472656,56.459999084472656,56.790000915527344,57.11000061035156,962400,57.11000061035156,NCLH
2015-10-09,58.099998474121094,56.7599983215332,57.36000061035156,57.95000076293945,906400,57.95000076293945,NCLH
2015-10-12,59.91999816894531,57.41999816894531,58.06999969482422,59.790000915527344,763600,59.790000915527344,NCLH
2015-10-13,60.619998931884766,59.209999084472656,59.58000183105469,59.349998474121094,1015300,59.349998474121094,NCLH
2015-10-14,59.38999938964844,56.68000030517578,59.22999954223633,56.81999969482422,1663700,56.81999969482422,NCLH
2015-10-15,60.66999816894531,57.02000045776367,57.209999084472656,60.45000076293945,1222100,60.45000076293945,NCLH
2015-10-16,60.70000076293945,59.70000076293945,60.29999923706055,60.0,608300,60.0,NCLH
2015-10-19,61.099998474121094,59.52000045776367,59.959999084472656,61.0,741900,61.0,NCLH
2015-10-20,61.900001525878906,60.45000076293945,61.849998474121094,60.84000015258789,1033100,60.84000015258789,NCLH
2015-10-21,61.880001068115234,59.70000076293945,61.130001068115234,60.20000076293945,991400,60.20000076293945,NCLH
2015-10-22,61.02000045776367,59.939998626708984,60.84000015258789,60.900001525878906,792300,60.900001525878906,NCLH
2015-10-23,63.86000061035156,61.66999816894531,61.90999984741211,62.2400016784668,2004300,62.2400016784668,NCLH
2015-10-26,63.65999984741211,62.439998626708984,62.439998626708984,63.22999954223633,1184100,63.22999954223633,NCLH
2015-10-27,63.72999954223633,62.439998626708984,63.060001373291016,63.630001068115234,691800,63.630001068115234,NCLH
2015-10-28,64.0999984741211,61.5,64.0999984741211,62.470001220703125,809400,62.470001220703125,NCLH
2015-10-29,63.66999816894531,62.13999938964844,62.22999954223633,63.369998931884766,563100,63.369998931884766,NCLH
2015-10-30,63.900001525878906,63.099998474121094,63.41999816894531,63.619998931884766,742700,63.619998931884766,NCLH
2015-11-02,64.2699966430664,62.790000915527344,63.540000915527344,63.7599983215332,1389700,63.7599983215332,NCLH
2015-11-03,62.619998931884766,58.81999969482422,59.959999084472656,60.54999923706055,2972500,60.54999923706055,NCLH
2015-11-04,60.619998931884766,58.459999084472656,60.52000045776367,58.939998626708984,2178900,58.939998626708984,NCLH
2015-11-05,59.86000061035156,58.40999984741211,59.43000030517578,59.709999084472656,989500,59.709999084472656,NCLH
2015-11-06,60.63999938964844,59.400001525878906,59.400001525878906,60.560001373291016,1016900,60.560001373291016,NCLH
2015-11-09,60.459999084472656,58.4900016784668,60.459999084472656,58.75,1004200,58.75,NCLH
2015-11-10,58.869998931884766,58.08000183105469,58.43000030517578,58.4900016784668,1071500,58.4900016784668,NCLH
2015-11-11,58.86000061035156,57.72999954223633,58.4900016784668,58.25,873600,58.25,NCLH
2015-11-12,58.130001068115234,56.93000030517578,58.099998474121094,57.09000015258789,1046200,57.09000015258789,NCLH
2015-11-13,56.849998474121094,55.150001525878906,56.849998474121094,55.20000076293945,1983900,55.20000076293945,NCLH
2015-11-16,55.150001525878906,53.459999084472656,55.09000015258789,54.33000183105469,2263100,54.33000183105469,NCLH
2015-11-17,55.459999084472656,54.349998474121094,54.68000030517578,54.86000061035156,1622700,54.86000061035156,NCLH
2015-11-18,55.88999938964844,54.7400016784668,54.91999816894531,55.72999954223633,1089700,55.72999954223633,NCLH
2015-11-19,57.08000183105469,55.560001373291016,55.790000915527344,56.86000061035156,1511000,56.86000061035156,NCLH
2015-11-20,57.68000030517578,56.720001220703125,56.88999938964844,57.130001068115234,1493700,57.130001068115234,NCLH
2015-11-23,58.9900016784668,56.83000183105469,56.83000183105469,58.29999923706055,1778600,58.29999923706055,NCLH
2015-11-24,57.900001525878906,56.75,57.459999084472656,57.22999954223633,1800800,57.22999954223633,NCLH
2015-11-25,58.150001525878906,57.38999938964844,57.52000045776367,57.529998779296875,657000,57.529998779296875,NCLH
2015-11-27,57.93000030517578,57.18000030517578,57.70000076293945,57.81999969482422,276500,57.81999969482422,NCLH
2015-11-30,58.2400016784668,57.150001525878906,57.810001373291016,57.439998626708984,1417900,57.439998626708984,NCLH
2015-12-01,58.779998779296875,57.27000045776367,57.349998474121094,58.70000076293945,1404900,58.70000076293945,NCLH
2015-12-02,58.83000183105469,57.599998474121094,58.58000183105469,57.93000030517578,1103300,57.93000030517578,NCLH
2015-12-03,58.70000076293945,56.91999816894531,58.25,57.290000915527344,1168100,57.290000915527344,NCLH
2015-12-04,58.720001220703125,57.380001068115234,57.5099983215332,58.27000045776367,1002100,58.27000045776367,NCLH
2015-12-07,59.20000076293945,58.189998626708984,58.560001373291016,58.7599983215332,1037400,58.7599983215332,NCLH
2015-12-08,58.7400016784668,57.2400016784668,57.72999954223633,58.61000061035156,1099300,58.61000061035156,NCLH
2015-12-09,57.790000915527344,55.709999084472656,56.849998474121094,57.029998779296875,2501000,57.029998779296875,NCLH
2015-12-10,58.869998931884766,56.5099983215332,57.470001220703125,58.529998779296875,1401600,58.529998779296875,NCLH
2015-12-11,59.4900016784668,57.70000076293945,58.029998779296875,58.470001220703125,1783800,58.470001220703125,NCLH
2015-12-14,59.540000915527344,58.459999084472656,58.86000061035156,59.459999084472656,1784200,59.459999084472656,NCLH
2015-12-15,58.599998474121094,57.52000045776367,57.790000915527344,58.5,6245000,58.5,NCLH
2015-12-16,60.130001068115234,58.650001525878906,58.81999969482422,59.790000915527344,2211300,59.790000915527344,NCLH
2015-12-17,60.04999923706055,56.72999954223633,60.0099983215332,57.11000061035156,2912700,57.11000061035156,NCLH
2015-12-18,58.41999816894531,56.47999954223633,57.58000183105469,56.86000061035156,9921100,56.86000061035156,NCLH
2015-12-21,59.11000061035156,57.25,57.25,59.040000915527344,1983400,59.040000915527344,NCLH
2015-12-22,59.290000915527344,57.63999938964844,59.22999954223633,58.84000015258789,1534400,58.84000015258789,NCLH
2015-12-23,59.22999954223633,57.91999816894531,59.060001373291016,58.470001220703125,1503800,58.470001220703125,NCLH
2015-12-24,58.9900016784668,58.369998931884766,58.779998779296875,58.61000061035156,422900,58.61000061035156,NCLH
2015-12-28,58.90999984741211,57.900001525878906,58.27000045776367,58.02000045776367,1373900,58.02000045776367,NCLH
2015-12-29,59.81999969482422,58.279998779296875,58.369998931884766,59.529998779296875,1255800,59.529998779296875,NCLH
2015-12-30,59.9900016784668,59.18000030517578,59.599998474121094,59.5099983215332,613500,59.5099983215332,NCLH
2015-12-31,59.720001220703125,58.58000183105469,59.119998931884766,58.599998474121094,738000,58.599998474121094,NCLH
2016-01-04,58.189998626708984,57.33000183105469,57.560001373291016,57.9900016784668,1840400,57.9900016784668,NCLH
2016-01-05,58.18000030517578,57.380001068115234,58.060001373291016,57.709999084472656,1233900,57.709999084472656,NCLH
2016-01-06,57.79999923706055,56.25,56.77000045776367,56.970001220703125,1660000,56.970001220703125,NCLH
2016-01-07,56.70000076293945,55.060001373291016,55.790000915527344,55.720001220703125,1736500,55.720001220703125,NCLH
2016-01-08,56.7599983215332,55.0099983215332,56.2599983215332,55.06999969482422,1142200,55.06999969482422,NCLH
2016-01-11,56.56999969482422,55.0,55.31999969482422,56.0,1791100,56.0,NCLH
2016-01-12,56.79999923706055,54.72999954223633,56.33000183105469,55.849998474121094,1993700,55.849998474121094,NCLH
2016-01-13,55.959999084472656,52.130001068115234,55.88999938964844,52.310001373291016,2548200,52.310001373291016,NCLH
2016-01-14,52.59000015258789,49.66999816894531,52.13999938964844,50.79999923706055,4566500,50.79999923706055,NCLH
2016-01-15,49.36000061035156,46.9900016784668,49.18000030517578,47.81999969482422,3407500,47.81999969482422,NCLH
2016-01-19,49.09000015258789,46.560001373291016,48.33000183105469,47.20000076293945,2753600,47.20000076293945,NCLH
2016-01-20,47.77000045776367,43.13999938964844,46.400001525878906,47.279998779296875,3911200,47.279998779296875,NCLH
2016-01-21,48.83000183105469,47.119998931884766,47.93000030517578,47.900001525878906,1981200,47.900001525878906,NCLH
2016-01-22,49.77000045776367,47.529998779296875,48.68000030517578,47.97999954223633,1923400,47.97999954223633,NCLH
2016-01-25,48.790000915527344,47.2400016784668,47.849998474121094,47.31999969482422,1438800,47.31999969482422,NCLH
2016-01-26,48.84000015258789,47.27000045776367,47.95000076293945,48.61000061035156,1877200,48.61000061035156,NCLH
2016-01-27,49.0099983215332,45.029998779296875,48.56999969482422,45.22999954223633,2189800,45.22999954223633,NCLH
2016-01-28,45.689998626708984,42.209999084472656,45.5099983215332,42.459999084472656,5140000,42.459999084472656,NCLH
2016-01-29,45.400001525878906,42.209999084472656,42.56999969482422,45.369998931884766,5676400,45.369998931884766,NCLH
2016-02-01,47.61000061035156,44.95000076293945,44.959999084472656,47.060001373291016,3857800,47.060001373291016,NCLH
2016-02-02,45.25,42.40999984741211,45.25,43.02000045776367,4521100,43.02000045776367,NCLH
2016-02-03,43.790000915527344,41.25,43.5099983215332,41.959999084472656,5388700,41.959999084472656,NCLH
2016-02-04,42.58000183105469,40.56999969482422,42.2400016784668,42.5,3524900,42.5,NCLH
2016-02-05,42.779998779296875,38.720001220703125,42.16999816894531,39.459999084472656,3130400,39.459999084472656,NCLH
2016-02-08,39.290000915527344,37.529998779296875,38.5099983215332,38.20000076293945,3250900,38.20000076293945,NCLH
2016-02-09,39.880001068115234,37.0099983215332,37.68000030517578,39.18000030517578,3220000,39.18000030517578,NCLH
2016-02-10,40.380001068115234,38.709999084472656,39.779998779296875,38.7400016784668,1964200,38.7400016784668,NCLH
2016-02-11,39.290000915527344,37.86000061035156,38.0099983215332,39.0,2340500,39.0,NCLH
2016-02-12,39.61000061035156,38.290000915527344,39.61000061035156,39.33000183105469,1438800,39.33000183105469,NCLH
2016-02-16,40.79999923706055,39.61000061035156,40.13999938964844,40.560001373291016,1915600,40.560001373291016,NCLH
2016-02-17,43.709999084472656,40.66999816894531,41.06999969482422,42.83000183105469,3487700,42.83000183105469,NCLH
2016-02-18,43.0099983215332,41.79999923706055,42.56999969482422,41.849998474121094,2117400,41.849998474121094,NCLH
2016-02-19,43.310001373291016,40.95000076293945,41.5,42.4900016784668,2948300,42.4900016784668,NCLH
2016-02-22,44.400001525878906,42.63999938964844,42.97999954223633,44.08000183105469,3218500,44.08000183105469,NCLH
2016-02-23,48.29999923706055,45.41999816894531,45.599998474121094,46.849998474121094,6831300,46.849998474121094,NCLH
2016-02-24,47.90999984741211,45.279998779296875,46.689998626708984,47.900001525878906,3485400,47.900001525878906,NCLH
2016-02-25,49.25,47.66999816894531,48.220001220703125,48.65999984741211,1881800,48.65999984741211,NCLH
2016-02-26,50.15999984741211,48.4900016784668,49.290000915527344,49.63999938964844,2430200,49.63999938964844,NCLH
2016-02-29,50.119998931884766,48.9900016784668,49.33000183105469,49.130001068115234,1730800,49.130001068115234,NCLH
2016-03-01,50.4900016784668,48.75,49.84000015258789,50.310001373291016,1651600,50.310001373291016,NCLH
2016-03-02,50.66999816894531,49.790000915527344,50.369998931884766,50.529998779296875,1562900,50.529998779296875,NCLH
2016-03-03,50.47999954223633,49.25,50.04999923706055,50.0,2172000,50.0,NCLH
2016-03-04,50.4900016784668,49.08000183105469,50.349998474121094,49.560001373291016,2067600,49.560001373291016,NCLH
2016-03-07,49.77000045776367,48.72999954223633,49.130001068115234,49.68000030517578,1703800,49.68000030517578,NCLH
2016-03-08,49.58000183105469,47.22999954223633,49.11000061035156,47.310001373291016,2596100,47.310001373291016,NCLH
2016-03-09,48.43000030517578,46.689998626708984,47.650001525878906,47.59000015258789,1960400,47.59000015258789,NCLH
2016-03-10,48.34000015258789,46.45000076293945,47.88999938964844,47.2599983215332,1437400,47.2599983215332,NCLH
2016-03-11,48.869998931884766,47.150001525878906,47.790000915527344,48.869998931884766,1204200,48.869998931884766,NCLH
2016-03-14,49.88999938964844,48.83000183105469,48.83000183105469,49.689998626708984,1758200,49.689998626708984,NCLH
2016-03-15,49.5,48.119998931884766,49.130001068115234,48.40999984741211,1738000,48.40999984741211,NCLH
2016-03-16,49.959999084472656,48.0099983215332,48.38999938964844,49.709999084472656,1527000,49.709999084472656,NCLH
2016-03-17,51.720001220703125,50.040000915527344,50.540000915527344,51.41999816894531,1980900,51.41999816894531,NCLH
2016-03-18,53.31999969482422,51.5099983215332,51.540000915527344,52.45000076293945,3636600,52.45000076293945,NCLH
2016-03-21,53.04999923706055,52.130001068115234,52.130001068115234,52.709999084472656,1791500,52.709999084472656,NCLH
2016-03-22,52.18000030517578,51.0099983215332,51.54999923706055,51.63999938964844,2318200,51.63999938964844,NCLH
2016-03-23,51.66999816894531,49.70000076293945,51.66999816894531,49.77000045776367,2597800,49.77000045776367,NCLH
2016-03-24,51.27000045776367,49.45000076293945,49.709999084472656,51.08000183105469,2140900,51.08000183105469,NCLH
2016-03-28,51.459999084472656,50.54999923706055,51.11000061035156,51.349998474121094,1466900,51.349998474121094,NCLH
2016-03-29,51.41999816894531,50.650001525878906,51.130001068115234,51.2599983215332,1211000,51.2599983215332,NCLH
2016-03-30,54.34000015258789,52.470001220703125,52.65999984741211,54.18000030517578,2356400,54.18000030517578,NCLH
2016-03-31,55.59000015258789,53.90999984741211,54.290000915527344,55.290000915527344,2692000,55.290000915527344,NCLH
2016-04-01,55.25,53.79999923706055,54.709999084472656,54.52000045776367,1979300,54.52000045776367,NCLH
2016-04-04,54.88999938964844,54.2400016784668,54.58000183105469,54.63999938964844,829100,54.63999938964844,NCLH
2016-04-05,54.279998779296875,53.43000030517578,54.029998779296875,53.959999084472656,1640200,53.959999084472656,NCLH
2016-04-06,55.130001068115234,53.959999084472656,54.09000015258789,54.9900016784668,1576900,54.9900016784668,NCLH
2016-04-07,55.029998779296875,53.47999954223633,54.93000030517578,53.790000915527344,1652700,53.790000915527344,NCLH
2016-04-08,54.66999816894531,53.16999816894531,54.2599983215332,53.63999938964844,827400,53.63999938964844,NCLH
2016-04-11,54.880001068115234,53.5099983215332,54.63999938964844,53.529998779296875,828800,53.529998779296875,NCLH
2016-04-12,54.029998779296875,53.029998779296875,53.56999969482422,53.93000030517578,938900,53.93000030517578,NCLH
2016-04-13,55.220001220703125,53.79999923706055,54.33000183105469,55.15999984741211,752300,55.15999984741211,NCLH
2016-04-14,55.2400016784668,54.209999084472656,55.0,54.52000045776367,727400,54.52000045776367,NCLH
2016-04-15,54.65999984741211,52.33000183105469,54.65999984741211,53.08000183105469,2779100,53.08000183105469,NCLH
2016-04-18,53.16999816894531,51.290000915527344,53.060001373291016,52.13999938964844,2601200,52.13999938964844,NCLH
2016-04-19,52.52000045776367,51.189998626708984,52.470001220703125,51.5,1993500,51.5,NCLH
2016-04-20,51.689998626708984,50.459999084472656,51.43000030517578,50.900001525878906,1604000,50.900001525878906,NCLH
2016-04-21,50.790000915527344,49.61000061035156,50.689998626708984,49.970001220703125,1353400,49.970001220703125,NCLH
2016-04-22,50.310001373291016,48.40999984741211,50.02000045776367,48.65999984741211,2402300,48.65999984741211,NCLH
2016-04-25,49.34000015258789,48.65999984741211,48.72999954223633,49.310001373291016,2010500,49.310001373291016,NCLH
2016-04-26,49.470001220703125,48.2400016784668,49.13999938964844,48.849998474121094,1276800,48.849998474121094,NCLH
2016-04-27,49.91999816894531,48.5,48.689998626708984,49.79999923706055,1554200,49.79999923706055,NCLH
2016-04-28,49.65999984741211,48.470001220703125,49.41999816894531,48.72999954223633,2098300,48.72999954223633,NCLH
2016-04-29,50.20000076293945,47.779998779296875,49.5,48.88999938964844,2526700,48.88999938964844,NCLH
2016-05-02,49.95000076293945,48.650001525878906,48.83000183105469,49.83000183105469,1624800,49.83000183105469,NCLH
2016-05-03,50.310001373291016,49.20000076293945,49.380001068115234,50.13999938964844,2091900,50.13999938964844,NCLH
2016-05-04,50.25,48.88999938964844,49.540000915527344,49.15999984741211,1890100,49.15999984741211,NCLH
2016-05-05,49.790000915527344,48.75,49.18000030517578,48.880001068115234,1319900,48.880001068115234,NCLH
2016-05-06,49.0,47.93000030517578,48.54999923706055,48.88999938964844,1031400,48.88999938964844,NCLH
2016-05-09,49.68000030517578,48.63999938964844,48.880001068115234,49.25,1868100,49.25,NCLH
2016-05-10,47.97999954223633,44.09000015258789,45.27000045776367,46.88999938964844,7756400,46.88999938964844,NCLH
2016-05-11,47.939998626708984,46.56999969482422,46.810001373291016,46.68000030517578,1759600,46.68000030517578,NCLH
2016-05-12,47.47999954223633,46.36000061035156,47.02000045776367,47.189998626708984,1483700,47.189998626708984,NCLH
2016-05-13,47.45000076293945,46.189998626708984,47.04999923706055,46.380001068115234,1488500,46.380001068115234,NCLH
2016-05-16,47.61000061035156,46.209999084472656,46.33000183105469,47.349998474121094,1310800,47.349998474121094,NCLH
2016-05-17,48.02000045776367,46.900001525878906,47.11000061035156,47.22999954223633,1342700,47.22999954223633,NCLH
2016-05-18,47.91999816894531,46.7599983215332,47.18000030517578,47.58000183105469,1656100,47.58000183105469,NCLH
2016-05-19,47.56999969482422,46.189998626708984,47.20000076293945,46.38999938964844,1320000,46.38999938964844,NCLH
2016-05-20,47.27000045776367,46.47999954223633,46.47999954223633,47.209999084472656,882400,47.209999084472656,NCLH
2016-05-23,47.470001220703125,46.709999084472656,46.77000045776367,46.7400016784668,811400,46.7400016784668,NCLH
2016-05-24,47.86000061035156,46.709999084472656,46.970001220703125,47.810001373291016,1177800,47.810001373291016,NCLH
2016-05-25,47.91999816894531,46.52000045776367,47.880001068115234,46.56999969482422,1694100,46.56999969482422,NCLH
2016-05-26,46.34000015258789,45.11000061035156,46.2400016784668,45.779998779296875,1799300,45.779998779296875,NCLH
2016-05-27,47.11000061035156,45.56999969482422,45.79999923706055,47.09000015258789,1346900,47.09000015258789,NCLH
2016-05-31,47.119998931884766,46.209999084472656,47.040000915527344,46.40999984741211,1649400,46.40999984741211,NCLH
2016-06-01,46.630001068115234,46.060001373291016,46.18000030517578,46.59000015258789,973100,46.59000015258789,NCLH
2016-06-02,46.65999984741211,46.09000015258789,46.2599983215332,46.54999923706055,1123400,46.54999923706055,NCLH
2016-06-03,46.27000045776367,44.84000015258789,46.27000045776367,45.72999954223633,839000,45.72999954223633,NCLH
2016-06-06,45.560001373291016,44.77000045776367,45.5,45.400001525878906,1509300,45.400001525878906,NCLH
2016-06-07,46.29999923706055,45.56999969482422,45.7599983215332,45.90999984741211,1092700,45.90999984741211,NCLH
2016-06-08,46.189998626708984,45.439998626708984,46.18000030517578,45.459999084472656,1376800,45.459999084472656,NCLH
2016-06-09,45.709999084472656,45.099998474121094,45.45000076293945,45.61000061035156,1496800,45.61000061035156,NCLH
2016-06-10,45.790000915527344,43.88999938964844,44.90999984741211,44.529998779296875,1177500,44.529998779296875,NCLH
2016-06-13,44.869998931884766,43.810001373291016,44.349998474121094,43.83000183105469,968100,43.83000183105469,NCLH
2016-06-14,43.93000030517578,43.0099983215332,43.59000015258789,43.220001220703125,1439700,43.220001220703125,NCLH
2016-06-15,44.470001220703125,43.27000045776367,43.33000183105469,43.36000061035156,2119400,43.36000061035156,NCLH
2016-06-16,43.439998626708984,41.959999084472656,43.040000915527344,43.29999923706055,1096800,43.29999923706055,NCLH
2016-06-17,43.66999816894531,43.150001525878906,43.5099983215332,43.380001068115234,1152800,43.380001068115234,NCLH
2016-06-20,44.91999816894531,44.0099983215332,44.0099983215332,44.220001220703125,1035300,44.220001220703125,NCLH
2016-06-21,44.65999984741211,43.959999084472656,44.22999954223633,44.459999084472656,1174200,44.459999084472656,NCLH
2016-06-22,44.790000915527344,43.95000076293945,44.290000915527344,44.2400016784668,1241800,44.2400016784668,NCLH
2016-06-23,44.880001068115234,44.11000061035156,44.880001068115234,44.22999954223633,1579800,44.22999954223633,NCLH
2016-06-24,42.0099983215332,40.369998931884766,41.70000076293945,40.380001068115234,7220100,40.380001068115234,NCLH
2016-06-27,40.040000915527344,38.16999816894531,39.540000915527344,38.209999084472656,4098100,38.209999084472656,NCLH
2016-06-28,39.7400016784668,38.220001220703125,39.40999984741211,38.439998626708984,3171200,38.439998626708984,NCLH
2016-06-29,39.61000061035156,38.4900016784668,38.7599983215332,39.279998779296875,3368600,39.279998779296875,NCLH
2016-06-30,39.869998931884766,38.619998931884766,39.5,39.84000015258789,2012100,39.84000015258789,NCLH
2016-07-01,41.189998626708984,39.970001220703125,40.0,41.060001373291016,1952600,41.060001373291016,NCLH
2016-07-05,41.310001373291016,40.15999984741211,40.75,40.5099983215332,1959700,40.5099983215332,NCLH
2016-07-06,40.7400016784668,39.79999923706055,40.29999923706055,40.29999923706055,1978600,40.29999923706055,NCLH
2016-07-07,41.060001373291016,40.119998931884766,40.2599983215332,40.59000015258789,1468100,40.59000015258789,NCLH
2016-07-08,42.27000045776367,40.34000015258789,40.93000030517578,42.060001373291016,2021100,42.060001373291016,NCLH
2016-07-11,43.2400016784668,42.18000030517578,42.369998931884766,43.15999984741211,2046500,43.15999984741211,NCLH
2016-07-12,44.599998474121094,43.540000915527344,43.540000915527344,44.54999923706055,2672700,44.54999923706055,NCLH
2016-07-13,44.619998931884766,43.90999984741211,44.59000015258789,43.97999954223633,2035500,43.97999954223633,NCLH
2016-07-14,44.70000076293945,42.75,44.369998931884766,42.77000045776367,3039000,42.77000045776367,NCLH
2016-07-15,42.54999923706055,40.81999969482422,42.52000045776367,41.189998626708984,3334200,41.189998626708984,NCLH
2016-07-18,41.63999938964844,40.91999816894531,41.369998931884766,41.15999984741211,1881900,41.15999984741211,NCLH
2016-07-19,41.38999938964844,40.029998779296875,41.130001068115234,40.13999938964844,1668300,40.13999938964844,NCLH
2016-07-20,41.2400016784668,39.31999969482422,40.099998474121094,41.189998626708984,2150500,41.189998626708984,NCLH
2016-07-21,41.709999084472656,41.0,41.2400016784668,41.119998931884766,1170900,41.119998931884766,NCLH
2016-07-22,41.41999816894531,40.93000030517578,41.2599983215332,41.11000061035156,1686300,41.11000061035156,NCLH
2016-07-25,41.79999923706055,41.209999084472656,41.22999954223633,41.689998626708984,1533800,41.689998626708984,NCLH
2016-07-26,42.119998931884766,41.72999954223633,41.900001525878906,41.869998931884766,1164800,41.869998931884766,NCLH
2016-07-27,42.29999923706055,41.31999969482422,41.93000030517578,42.130001068115234,1513600,42.130001068115234,NCLH
2016-07-28,43.119998931884766,41.779998779296875,42.25,42.959999084472656,1569600,42.959999084472656,NCLH
2016-07-29,43.209999084472656,42.43000030517578,43.0,42.599998474121094,2196900,42.599998474121094,NCLH
2016-08-01,42.68000030517578,42.38999938964844,42.5,42.459999084472656,2202300,42.459999084472656,NCLH
2016-08-02,42.04999923706055,39.290000915527344,41.9900016784668,39.7599983215332,4858200,39.7599983215332,NCLH
2016-08-03,40.70000076293945,39.540000915527344,39.75,40.45000076293945,2172800,40.45000076293945,NCLH
2016-08-04,41.7599983215332,40.279998779296875,40.279998779296875,41.65999984741211,1916500,41.65999984741211,NCLH
2016-08-05,43.13999938964844,41.689998626708984,41.95000076293945,43.099998474121094,1837200,43.099998474121094,NCLH
2016-08-08,43.56999969482422,42.810001373291016,42.97999954223633,42.959999084472656,2551800,42.959999084472656,NCLH
2016-08-09,40.59000015258789,37.65999984741211,39.54999923706055,37.90999984741211,10995700,37.90999984741211,NCLH
2016-08-10,38.45000076293945,37.279998779296875,38.06999969482422,37.29999923706055,4068000,37.29999923706055,NCLH
2016-08-11,38.810001373291016,37.41999816894531,37.68000030517578,38.779998779296875,2808300,38.779998779296875,NCLH
2016-08-12,38.97999954223633,38.16999816894531,38.529998779296875,38.439998626708984,2401000,38.439998626708984,NCLH
2016-08-15,38.849998474121094,38.2599983215332,38.459999084472656,38.369998931884766,2685600,38.369998931884766,NCLH
2016-08-16,38.29999923706055,37.29999923706055,38.150001525878906,37.630001068115234,2438400,37.630001068115234,NCLH
2016-08-17,38.65999984741211,37.5,37.79999923706055,38.65999984741211,2143300,38.65999984741211,NCLH
2016-08-18,38.7400016784668,38.34000015258789,38.540000915527344,38.70000076293945,1626900,38.70000076293945,NCLH
2016-08-19,38.63999938964844,38.0,38.2599983215332,38.209999084472656,2124700,38.209999084472656,NCLH
2016-08-22,38.22999954223633,37.529998779296875,38.189998626708984,37.68000030517578,1572600,37.68000030517578,NCLH
2016-08-23,38.09000015258789,37.56999969482422,37.70000076293945,37.68000030517578,2940600,37.68000030517578,NCLH
2016-08-24,38.060001373291016,36.779998779296875,37.790000915527344,36.86000061035156,2588200,36.86000061035156,NCLH
2016-08-25,36.77000045776367,36.15999984741211,36.68000030517578,36.18000030517578,2279500,36.18000030517578,NCLH
2016-08-26,36.369998931884766,35.68000030517578,36.150001525878906,35.79999923706055,2550200,35.79999923706055,NCLH
2016-08-29,36.619998931884766,35.36000061035156,36.040000915527344,35.52000045776367,2716600,35.52000045776367,NCLH
2016-08-30,36.0,35.38999938964844,35.630001068115234,35.849998474121094,2066400,35.849998474121094,NCLH
2016-08-31,36.36000061035156,35.63999938964844,35.93000030517578,35.88999938964844,1950100,35.88999938964844,NCLH
2016-09-01,38.310001373291016,36.5,37.470001220703125,37.04999923706055,4218100,37.04999923706055,NCLH
2016-09-02,36.90999984741211,35.36000061035156,36.27000045776367,35.61000061035156,3946400,35.61000061035156,NCLH
2016-09-06,35.810001373291016,35.220001220703125,35.72999954223633,35.310001373291016,1540500,35.310001373291016,NCLH
2016-09-07,35.47999954223633,34.83000183105469,35.27000045776367,34.970001220703125,2314300,34.970001220703125,NCLH
2016-09-08,35.029998779296875,34.36000061035156,35.0,34.400001525878906,1742800,34.400001525878906,NCLH
2016-09-09,34.61000061035156,34.15999984741211,34.400001525878906,34.5,3211400,34.5,NCLH
2016-09-12,35.31999969482422,34.16999816894531,34.41999816894531,35.25,1701400,35.25,NCLH
2016-09-13,35.45000076293945,34.75,35.099998474121094,35.290000915527344,2023600,35.290000915527344,NCLH
2016-09-14,35.9900016784668,35.02000045776367,35.31999969482422,35.959999084472656,2266700,35.959999084472656,NCLH
2016-09-15,36.4900016784668,35.7599983215332,35.77000045776367,36.2400016784668,2577600,36.2400016784668,NCLH
2016-09-16,36.459999084472656,35.650001525878906,36.25,35.75,3015400,35.75,NCLH
2016-09-19,36.040000915527344,35.189998626708984,35.970001220703125,35.34000015258789,1716100,35.34000015258789,NCLH
2016-09-20,36.43000030517578,35.400001525878906,35.400001525878906,36.310001373291016,1853400,36.310001373291016,NCLH
2016-09-21,36.63999938964844,35.79999923706055,36.40999984741211,36.29999923706055,1831800,36.29999923706055,NCLH
2016-09-22,37.2400016784668,36.43000030517578,36.43000030517578,37.16999816894531,1599600,37.16999816894531,NCLH
2016-09-23,37.5,36.47999954223633,36.91999816894531,37.41999816894531,1503700,37.41999816894531,NCLH
2016-09-26,38.029998779296875,36.029998779296875,37.34000015258789,36.720001220703125,3168700,36.720001220703125,NCLH
2016-09-27,38.0,36.86000061035156,36.86000061035156,37.689998626708984,2505300,37.689998626708984,NCLH
2016-09-28,37.86000061035156,36.95000076293945,37.810001373291016,37.439998626708984,2938900,37.439998626708984,NCLH
2016-09-29,37.5,36.61000061035156,37.47999954223633,37.15999984741211,1723300,37.15999984741211,NCLH
2016-09-30,38.0,36.93000030517578,37.31999969482422,37.70000076293945,1744000,37.70000076293945,NCLH
2016-10-03,38.06999969482422,37.38999938964844,37.689998626708984,37.779998779296875,1243400,37.779998779296875,NCLH
2016-10-04,38.13999938964844,37.25,37.310001373291016,38.04999923706055,1499600,38.04999923706055,NCLH
2016-10-05,38.34000015258789,36.20000076293945,36.91999816894531,38.2599983215332,3730200,38.2599983215332,NCLH
2016-10-06,38.68000030517578,37.97999954223633,38.290000915527344,38.63999938964844,2146400,38.63999938964844,NCLH
2016-10-07,38.72999954223633,38.310001373291016,38.59000015258789,38.459999084472656,3508000,38.459999084472656,NCLH
2016-10-10,38.65999984741211,38.349998474121094,38.540000915527344,38.47999954223633,1216600,38.47999954223633,NCLH
2016-10-11,38.52000045776367,37.689998626708984,38.5099983215332,37.95000076293945,1747800,37.95000076293945,NCLH
2016-10-12,38.2400016784668,37.599998474121094,37.95000076293945,38.08000183105469,1455400,38.08000183105469,NCLH
2016-10-13,38.04999923706055,37.45000076293945,37.459999084472656,37.790000915527344,1569500,37.790000915527344,NCLH
2016-10-14,37.88999938964844,37.099998474121094,37.25,37.33000183105469,2125200,37.33000183105469,NCLH
2016-10-17,37.619998931884766,37.209999084472656,37.439998626708984,37.470001220703125,1765100,37.470001220703125,NCLH
2016-10-18,38.66999816894531,37.900001525878906,37.959999084472656,38.25,1310400,38.25,NCLH
2016-10-19,38.220001220703125,37.400001525878906,37.65999984741211,38.11000061035156,1417800,38.11000061035156,NCLH
2016-10-20,38.79999923706055,37.689998626708984,38.20000076293945,38.7400016784668,1134700,38.7400016784668,NCLH
2016-10-21,38.540000915527344,37.79999923706055,38.41999816894531,37.9900016784668,3208100,37.9900016784668,NCLH
2016-10-24,39.189998626708984,37.9900016784668,38.36000061035156,38.060001373291016,2839500,38.060001373291016,NCLH
2016-10-25,38.09000015258789,37.45000076293945,37.84000015258789,37.72999954223633,1862200,37.72999954223633,NCLH
2016-10-26,38.290000915527344,37.52000045776367,37.650001525878906,37.970001220703125,1070500,37.970001220703125,NCLH
2016-10-27,37.56999969482422,35.56999969482422,37.43000030517578,35.709999084472656,2749300,35.709999084472656,NCLH
2016-10-28,38.349998474121094,36.5099983215332,36.779998779296875,38.2400016784668,2818900,38.2400016784668,NCLH
2016-10-31,38.959999084472656,38.18000030517578,38.439998626708984,38.869998931884766,1593700,38.869998931884766,NCLH
2016-11-01,39.13999938964844,37.209999084472656,39.11000061035156,37.70000076293945,1760000,37.70000076293945,NCLH
2016-11-02,38.31999969482422,37.209999084472656,37.790000915527344,37.4900016784668,1170600,37.4900016784668,NCLH
2016-11-03,37.849998474121094,37.02000045776367,37.599998474121094,37.209999084472656,1503100,37.209999084472656,NCLH
2016-11-04,37.790000915527344,36.869998931884766,36.869998931884766,37.0,1232300,37.0,NCLH
2016-11-07,37.86000061035156,37.41999816894531,37.689998626708984,37.83000183105469,2560000,37.83000183105469,NCLH
2016-11-08,39.25,37.470001220703125,37.84000015258789,39.130001068115234,3036100,39.130001068115234,NCLH
2016-11-09,38.29999923706055,35.209999084472656,36.81999969482422,35.529998779296875,5489000,35.529998779296875,NCLH
2016-11-10,38.52000045776367,35.79999923706055,35.79999923706055,37.970001220703125,4985600,37.970001220703125,NCLH
2016-11-11,39.040000915527344,37.06999969482422,37.68000030517578,38.41999816894531,3205800,38.41999816894531,NCLH
2016-11-14,41.61000061035156,38.5,38.5,41.34000015258789,3492900,41.34000015258789,NCLH
2016-11-15,41.4900016784668,40.099998474121094,41.4900016784668,40.16999816894531,1996800,40.16999816894531,NCLH
2016-11-16,40.130001068115234,39.099998474121094,40.130001068115234,39.56999969482422,1252400,39.56999969482422,NCLH
2016-11-17,40.04999923706055,39.33000183105469,39.599998474121094,39.83000183105469,1294200,39.83000183105469,NCLH
2016-11-18,40.06999969482422,39.13999938964844,39.68000030517578,39.68000030517578,1597400,39.68000030517578,NCLH
2016-11-21,40.119998931884766,39.459999084472656,39.790000915527344,39.59000015258789,1324100,39.59000015258789,NCLH
2016-11-22,40.349998474121094,39.459999084472656,39.849998474121094,40.25,1451900,40.25,NCLH
2016-11-23,40.209999084472656,39.310001373291016,39.310001373291016,39.97999954223633,1123000,39.97999954223633,NCLH
2016-11-25,40.59000015258789,39.650001525878906,39.959999084472656,40.58000183105469,510700,40.58000183105469,NCLH
2016-11-28,40.65999984741211,39.77000045776367,40.5099983215332,40.099998474121094,1525400,40.099998474121094,NCLH
2016-11-29,40.709999084472656,40.09000015258789,40.310001373291016,40.709999084472656,1220600,40.709999084472656,NCLH
2016-11-30,40.47999954223633,39.31999969482422,40.47999954223633,39.810001373291016,1752300,39.810001373291016,NCLH
2016-12-01,40.279998779296875,38.68000030517578,39.869998931884766,38.849998474121094,1323700,38.849998474121094,NCLH
2016-12-02,39.33000183105469,38.65999984741211,38.709999084472656,39.279998779296875,1096300,39.279998779296875,NCLH
2016-12-05,40.9900016784668,39.47999954223633,39.70000076293945,40.63999938964844,1406200,40.63999938964844,NCLH
2016-12-06,41.40999984741211,40.470001220703125,40.880001068115234,41.25,1152400,41.25,NCLH
2016-12-07,42.86000061035156,41.08000183105469,41.27000045776367,42.65999984741211,1461100,42.65999984741211,NCLH
2016-12-08,44.16999816894531,42.380001068115234,42.77000045776367,44.02000045776367,2234100,44.02000045776367,NCLH
2016-12-09,44.70000076293945,43.7599983215332,44.189998626708984,44.5,1182900,44.5,NCLH
2016-12-12,44.380001068115234,43.31999969482422,44.209999084472656,43.9900016784668,1906800,43.9900016784668,NCLH
2016-12-13,44.15999984741211,43.58000183105469,44.040000915527344,43.900001525878906,1278400,43.900001525878906,NCLH
2016-12-14,44.90999984741211,43.650001525878906,43.91999816894531,44.029998779296875,1342800,44.029998779296875,NCLH
2016-12-15,45.369998931884766,43.52000045776367,44.16999816894531,45.13999938964844,2087300,45.13999938964844,NCLH
2016-12-16,45.20000076293945,43.810001373291016,45.20000076293945,44.130001068115234,1994200,44.130001068115234,NCLH
2016-12-19,43.970001220703125,42.900001525878906,43.970001220703125,43.060001373291016,1362900,43.060001373291016,NCLH
2016-12-20,45.5,43.2599983215332,43.52000045776367,44.91999816894531,1901700,44.91999816894531,NCLH
2016-12-21,45.15999984741211,44.630001068115234,45.02000045776367,44.93000030517578,658600,44.93000030517578,NCLH
2016-12-22,44.869998931884766,43.33000183105469,44.83000183105469,43.380001068115234,1050700,43.380001068115234,NCLH
2016-12-23,43.70000076293945,43.15999984741211,43.5099983215332,43.5099983215332,1474300,43.5099983215332,NCLH
2016-12-27,44.529998779296875,43.529998779296875,43.619998931884766,43.689998626708984,442700,43.689998626708984,NCLH
2016-12-28,43.68000030517578,42.88999938964844,43.68000030517578,42.93000030517578,718800,42.93000030517578,NCLH
2016-12-29,43.45000076293945,42.040000915527344,42.93000030517578,42.65999984741211,2178400,42.65999984741211,NCLH
2016-12-30,42.970001220703125,42.099998474121094,42.619998931884766,42.529998779296875,856900,42.529998779296875,NCLH
2017-01-03,43.869998931884766,42.63999938964844,43.130001068115234,42.790000915527344,1618500,42.790000915527344,NCLH
2017-01-04,44.88999938964844,42.779998779296875,43.099998474121094,44.77000045776367,1854500,44.77000045776367,NCLH
2017-01-05,44.790000915527344,44.02000045776367,44.5099983215332,44.54999923706055,933700,44.54999923706055,NCLH
2017-01-06,44.91999816894531,44.060001373291016,44.75,44.25,932900,44.25,NCLH
2017-01-09,44.70000076293945,43.900001525878906,44.13999938964844,44.38999938964844,855800,44.38999938964844,NCLH
2017-01-10,45.36000061035156,44.33000183105469,44.33000183105469,45.220001220703125,1065500,45.220001220703125,NCLH
2017-01-11,45.81999969482422,44.720001220703125,45.0099983215332,45.75,870500,45.75,NCLH
2017-01-12,45.83000183105469,44.66999816894531,45.470001220703125,45.349998474121094,731500,45.349998474121094,NCLH
2017-01-13,45.4900016784668,44.84000015258789,45.4900016784668,44.95000076293945,547700,44.95000076293945,NCLH
2017-01-17,45.220001220703125,44.20000076293945,45.08000183105469,44.7400016784668,905400,44.7400016784668,NCLH
2017-01-18,45.77000045776367,44.560001373291016,44.970001220703125,45.66999816894531,943000,45.66999816894531,NCLH
2017-01-19,46.36000061035156,45.38999938964844,45.7599983215332,45.619998931884766,1031300,45.619998931884766,NCLH
2017-01-20,46.40999984741211,45.40999984741211,45.93000030517578,45.630001068115234,736000,45.630001068115234,NCLH
2017-01-23,46.150001525878906,45.150001525878906,45.470001220703125,46.0,826800,46.0,NCLH
2017-01-24,46.95000076293945,45.83000183105469,45.91999816894531,46.84000015258789,1239400,46.84000015258789,NCLH
2017-01-25,48.2400016784668,46.959999084472656,47.220001220703125,48.09000015258789,1275800,48.09000015258789,NCLH
2017-01-26,50.04999923706055,48.77000045776367,49.220001220703125,49.33000183105469,2613500,49.33000183105469,NCLH
2017-01-27,49.560001373291016,48.61000061035156,49.349998474121094,49.02000045776367,945300,49.02000045776367,NCLH
2017-01-30,48.880001068115234,47.939998626708984,48.79999923706055,48.029998779296875,1337100,48.029998779296875,NCLH
2017-01-31,48.11000061035156,46.83000183105469,47.880001068115234,47.0,1625200,47.0,NCLH
2017-02-01,48.45000076293945,46.83000183105469,47.29999923706055,48.08000183105469,1296500,48.08000183105469,NCLH
2017-02-02,48.5,47.54999923706055,48.16999816894531,47.65999984741211,694700,47.65999984741211,NCLH
2017-02-03,48.36000061035156,47.40999984741211,48.130001068115234,47.7400016784668,760800,47.7400016784668,NCLH
2017-02-06,48.02000045776367,47.279998779296875,47.7599983215332,47.52000045776367,1139100,47.52000045776367,NCLH
2017-02-07,48.09000015258789,47.470001220703125,47.58000183105469,47.70000076293945,1477200,47.70000076293945,NCLH
2017-02-08,48.13999938964844,47.5099983215332,47.880001068115234,47.86000061035156,1065800,47.86000061035156,NCLH
2017-02-09,48.310001373291016,47.70000076293945,47.810001373291016,48.060001373291016,1249200,48.060001373291016,NCLH
2017-02-10,48.90999984741211,47.540000915527344,48.43000030517578,47.79999923706055,1611000,47.79999923706055,NCLH
2017-02-13,48.099998474121094,47.560001373291016,48.02000045776367,47.869998931884766,1449900,47.869998931884766,NCLH
2017-02-14,47.970001220703125,47.58000183105469,47.81999969482422,47.77000045776367,1048700,47.77000045776367,NCLH
2017-02-15,48.119998931884766,47.0099983215332,47.65999984741211,47.91999816894531,1464800,47.91999816894531,NCLH
2017-02-16,48.13999938964844,47.2400016784668,47.95000076293945,47.630001068115234,1236300,47.630001068115234,NCLH
2017-02-17,47.849998474121094,47.27000045776367,47.619998931884766,47.689998626708984,1653700,47.689998626708984,NCLH
2017-02-21,48.52000045776367,47.7400016784668,47.7400016784668,48.20000076293945,1801900,48.20000076293945,NCLH
2017-02-22,52.13999938964844,48.68000030517578,49.2400016784668,51.63999938964844,4043000,51.63999938964844,NCLH
2017-02-23,52.5,50.61000061035156,52.47999954223633,50.68000030517578,1869800,50.68000030517578,NCLH
2017-02-24,50.630001068115234,49.77000045776367,50.5099983215332,50.02000045776367,1442900,50.02000045776367,NCLH
2017-02-27,50.83000183105469,49.56999969482422,49.93000030517578,50.77000045776367,1326600,50.77000045776367,NCLH
2017-02-28,51.20000076293945,50.45000076293945,50.81999969482422,50.70000076293945,935000,50.70000076293945,NCLH
2017-03-01,51.61000061035156,50.41999816894531,51.119998931884766,51.04999923706055,1199400,51.04999923706055,NCLH
2017-03-02,51.25,50.630001068115234,50.790000915527344,50.97999954223633,878700,50.97999954223633,NCLH
2017-03-03,51.0,49.790000915527344,51.0,50.11000061035156,849100,50.11000061035156,NCLH
2017-03-06,50.0,49.15999984741211,49.900001525878906,49.7599983215332,1207300,49.7599983215332,NCLH
2017-03-07,49.7599983215332,49.04999923706055,49.560001373291016,49.41999816894531,806900,49.41999816894531,NCLH
2017-03-08,49.83000183105469,49.400001525878906,49.59000015258789,49.52000045776367,776700,49.52000045776367,NCLH
2017-03-09,50.060001373291016,49.47999954223633,49.77000045776367,49.91999816894531,765700,49.91999816894531,NCLH
2017-03-10,51.220001220703125,50.06999969482422,50.22999954223633,51.099998474121094,1160800,51.099998474121094,NCLH
2017-03-13,51.83000183105469,51.11000061035156,51.83000183105469,51.31999969482422,1086300,51.31999969482422,NCLH
2017-03-14,51.22999954223633,50.400001525878906,51.209999084472656,50.959999084472656,1066000,50.959999084472656,NCLH
2017-03-15,51.4900016784668,50.709999084472656,51.04999923706055,51.40999984741211,1141500,51.40999984741211,NCLH
2017-03-16,51.45000076293945,51.060001373291016,51.349998474121094,51.43000030517578,844500,51.43000030517578,NCLH
2017-03-17,51.849998474121094,51.25,51.709999084472656,51.310001373291016,1236400,51.310001373291016,NCLH
2017-03-20,51.529998779296875,50.810001373291016,51.36000061035156,51.099998474121094,846800,51.099998474121094,NCLH
2017-03-21,51.720001220703125,49.95000076293945,51.29999923706055,50.0,1158100,50.0,NCLH
2017-03-22,51.130001068115234,49.54999923706055,50.11000061035156,50.970001220703125,1129000,50.970001220703125,NCLH
2017-03-23,51.66999816894531,50.880001068115234,50.97999954223633,51.11000061035156,1081500,51.11000061035156,NCLH
2017-03-24,51.529998779296875,50.29999923706055,51.34000015258789,50.47999954223633,1306900,50.47999954223633,NCLH
2017-03-27,51.16999816894531,49.91999816894531,50.150001525878906,51.02000045776367,887400,51.02000045776367,NCLH
2017-03-28,52.099998474121094,51.130001068115234,51.79999923706055,51.29999923706055,1548100,51.29999923706055,NCLH
2017-03-29,51.29999923706055,50.650001525878906,51.09000015258789,50.86000061035156,1261500,50.86000061035156,NCLH
2017-03-30,51.369998931884766,50.88999938964844,50.88999938964844,51.2400016784668,754000,51.2400016784668,NCLH
2017-03-31,51.20000076293945,50.439998626708984,50.9900016784668,50.72999954223633,1108200,50.72999954223633,NCLH
2017-04-03,50.95000076293945,50.0,50.7400016784668,50.189998626708984,1303000,50.189998626708984,NCLH
2017-04-04,50.150001525878906,49.31999969482422,50.040000915527344,49.7599983215332,1484400,49.7599983215332,NCLH
2017-04-05,50.75,49.59000015258789,49.93000030517578,49.779998779296875,1141600,49.779998779296875,NCLH
2017-04-06,50.0099983215332,49.38999938964844,49.75,49.90999984741211,997200,49.90999984741211,NCLH
2017-04-07,50.040000915527344,48.150001525878906,50.0099983215332,48.310001373291016,5706600,48.310001373291016,NCLH
2017-04-10,48.939998626708984,48.119998931884766,48.4900016784668,48.540000915527344,1520100,48.540000915527344,NCLH
2017-04-11,48.63999938964844,47.290000915527344,48.63999938964844,47.470001220703125,1464300,47.470001220703125,NCLH
2017-04-12,48.0,46.959999084472656,47.54999923706055,47.849998474121094,1933700,47.849998474121094,NCLH
2017-04-13,48.63999938964844,47.7599983215332,47.83000183105469,48.029998779296875,1706500,48.029998779296875,NCLH
2017-04-17,49.0099983215332,47.959999084472656,48.06999969482422,48.959999084472656,1129300,48.959999084472656,NCLH
2017-04-18,48.90999984741211,48.29999923706055,48.900001525878906,48.81999969482422,717300,48.81999969482422,NCLH
2017-04-19,49.630001068115234,48.70000076293945,48.95000076293945,49.209999084472656,1069200,49.209999084472656,NCLH
2017-04-20,50.75,49.529998779296875,49.529998779296875,50.13999938964844,1289800,50.13999938964844,NCLH
2017-04-21,50.439998626708984,49.599998474121094,50.349998474121094,50.130001068115234,970900,50.130001068115234,NCLH
2017-04-24,51.130001068115234,50.119998931884766,50.84000015258789,50.349998474121094,1054300,50.349998474121094,NCLH
2017-04-25,51.369998931884766,50.540000915527344,50.56999969482422,51.08000183105469,1036400,51.08000183105469,NCLH
2017-04-26,52.86000061035156,51.02000045776367,51.02000045776367,52.7599983215332,1665700,52.7599983215332,NCLH
2017-04-27,53.27000045776367,52.619998931884766,52.75,52.68000030517578,1698500,52.68000030517578,NCLH
2017-04-28,54.869998931884766,53.09000015258789,53.91999816894531,53.93000030517578,2909000,53.93000030517578,NCLH
2017-05-01,56.290000915527344,53.720001220703125,54.0,54.900001525878906,2339300,54.900001525878906,NCLH
2017-05-02,55.33000183105469,54.45000076293945,55.0099983215332,55.060001373291016,1160900,55.060001373291016,NCLH
2017-05-03,55.31999969482422,54.59000015258789,55.02000045776367,54.900001525878906,1187200,54.900001525878906,NCLH
2017-05-04,55.4900016784668,54.81999969482422,55.16999816894531,54.84000015258789,1128800,54.84000015258789,NCLH
2017-05-05,55.79999923706055,55.0,55.0,55.4900016784668,914300,55.4900016784668,NCLH
2017-05-08,55.83000183105469,54.90999984741211,55.56999969482422,55.099998474121094,1490200,55.099998474121094,NCLH
2017-05-09,56.150001525878906,55.04999923706055,55.25,55.779998779296875,2651500,55.779998779296875,NCLH
2017-05-10,55.93000030517578,53.099998474121094,54.439998626708984,54.06999969482422,4096900,54.06999969482422,NCLH
2017-05-11,54.459999084472656,52.5,53.849998474121094,52.95000076293945,2622600,52.95000076293945,NCLH
2017-05-12,53.09000015258789,51.209999084472656,52.900001525878906,51.5,2743600,51.5,NCLH
2017-05-15,51.95000076293945,51.20000076293945,51.540000915527344,51.5,2064300,51.5,NCLH
2017-05-16,51.54999923706055,50.18000030517578,51.47999954223633,50.310001373291016,2226500,50.310001373291016,NCLH
2017-05-17,50.25,47.959999084472656,50.029998779296875,48.06999969482422,2399400,48.06999969482422,NCLH
2017-05-18,49.290000915527344,47.7599983215332,48.0,49.119998931884766,2613200,49.119998931884766,NCLH
2017-05-19,49.75,48.83000183105469,49.22999954223633,49.34000015258789,1467900,49.34000015258789,NCLH
2017-05-22,50.619998931884766,49.11000061035156,49.2400016784668,50.5099983215332,1928300,50.5099983215332,NCLH
2017-05-23,50.529998779296875,49.459999084472656,50.2599983215332,49.58000183105469,1421200,49.58000183105469,NCLH
2017-05-24,49.79999923706055,49.20000076293945,49.79999923706055,49.63999938964844,1069900,49.63999938964844,NCLH
2017-05-25,51.0099983215332,49.790000915527344,49.83000183105469,50.68000030517578,1273200,50.68000030517578,NCLH
2017-05-26,52.31999969482422,50.810001373291016,51.970001220703125,50.84000015258789,1798800,50.84000015258789,NCLH
2017-05-30,51.18000030517578,50.060001373291016,50.779998779296875,50.06999969482422,1576100,50.06999969482422,NCLH
2017-05-31,50.279998779296875,49.560001373291016,50.25,49.970001220703125,1419600,49.970001220703125,NCLH
2017-06-01,51.099998474121094,49.97999954223633,50.22999954223633,50.93000030517578,1716500,50.93000030517578,NCLH
2017-06-02,51.63999938964844,50.970001220703125,51.15999984741211,51.15999984741211,1169900,51.15999984741211,NCLH
2017-06-05,51.16999816894531,50.06999969482422,51.16999816894531,50.310001373291016,1584700,50.310001373291016,NCLH
2017-06-06,50.599998474121094,49.65999984741211,50.0,49.720001220703125,2200400,49.720001220703125,NCLH
2017-06-07,50.810001373291016,49.75,50.08000183105469,50.790000915527344,1942700,50.790000915527344,NCLH
2017-06-08,52.099998474121094,50.68000030517578,50.93000030517578,51.790000915527344,2061200,51.790000915527344,NCLH
2017-06-09,52.310001373291016,50.79999923706055,51.970001220703125,51.130001068115234,2220300,51.130001068115234,NCLH
2017-06-12,51.2599983215332,49.52000045776367,50.97999954223633,50.41999816894531,2055600,50.41999816894531,NCLH
2017-06-13,52.22999954223633,50.77000045776367,50.779998779296875,51.84000015258789,1462700,51.84000015258789,NCLH
2017-06-14,52.7400016784668,51.70000076293945,51.9900016784668,52.16999816894531,1432900,52.16999816894531,NCLH
2017-06-15,52.95000076293945,51.61000061035156,51.61000061035156,52.90999984741211,1184400,52.90999984741211,NCLH
2017-06-16,53.0099983215332,52.09000015258789,52.709999084472656,52.900001525878906,2390600,52.900001525878906,NCLH
2017-06-19,53.84000015258789,53.060001373291016,53.20000076293945,53.630001068115234,1043000,53.630001068115234,NCLH
2017-06-20,53.91999816894531,52.95000076293945,53.5099983215332,53.099998474121094,1091500,53.099998474121094,NCLH
2017-06-21,55.22999954223633,53.20000076293945,53.2400016784668,54.900001525878906,2426600,54.900001525878906,NCLH
2017-06-22,56.2599983215332,54.900001525878906,55.0099983215332,55.459999084472656,2668500,55.459999084472656,NCLH
2017-06-23,55.869998931884766,54.7400016784668,55.56999969482422,54.810001373291016,2457600,54.810001373291016,NCLH
2017-06-26,56.119998931884766,54.81999969482422,54.81999969482422,55.310001373291016,1228200,55.310001373291016,NCLH
2017-06-27,55.290000915527344,53.84000015258789,55.0099983215332,53.86000061035156,1522500,53.86000061035156,NCLH
2017-06-28,55.72999954223633,54.18000030517578,54.18000030517578,55.279998779296875,1014000,55.279998779296875,NCLH
2017-06-29,55.33000183105469,54.08000183105469,55.15999984741211,54.41999816894531,849800,54.41999816894531,NCLH
2017-06-30,55.0,54.27000045776367,54.959999084472656,54.290000915527344,1076600,54.290000915527344,NCLH
2017-07-03,55.209999084472656,54.380001068115234,54.630001068115234,54.54999923706055,496200,54.54999923706055,NCLH
2017-07-05,55.75,54.5,54.52000045776367,55.40999984741211,998400,55.40999984741211,NCLH
2017-07-06,55.060001373291016,53.93000030517578,55.060001373291016,54.060001373291016,1559600,54.060001373291016,NCLH
2017-07-07,55.040000915527344,54.20000076293945,54.20000076293945,54.68000030517578,950200,54.68000030517578,NCLH
2017-07-10,55.09000015258789,53.65999984741211,54.529998779296875,54.029998779296875,1263900,54.029998779296875,NCLH
2017-07-11,54.29999923706055,53.400001525878906,53.790000915527344,53.959999084472656,790800,53.959999084472656,NCLH
2017-07-12,54.63999938964844,53.58000183105469,54.31999969482422,54.09000015258789,1178300,54.09000015258789,NCLH
2017-07-13,54.4900016784668,53.650001525878906,54.119998931884766,54.2400016784668,1061600,54.2400016784668,NCLH
2017-07-14,54.47999954223633,53.400001525878906,54.43000030517578,53.470001220703125,961300,53.470001220703125,NCLH
2017-07-17,54.45000076293945,53.15999984741211,53.5099983215332,54.130001068115234,1197000,54.130001068115234,NCLH
2017-07-18,54.439998626708984,53.709999084472656,54.220001220703125,54.18000030517578,623200,54.18000030517578,NCLH
2017-07-19,54.5099983215332,54.09000015258789,54.27000045776367,54.380001068115234,690400,54.380001068115234,NCLH
2017-07-20,55.33000183105469,54.33000183105469,54.529998779296875,55.04999923706055,989000,55.04999923706055,NCLH
2017-07-21,55.22999954223633,54.7599983215332,54.900001525878906,55.06999969482422,665800,55.06999969482422,NCLH
2017-07-24,55.77000045776367,55.040000915527344,55.29999923706055,55.72999954223633,1086300,55.72999954223633,NCLH
2017-07-25,56.36000061035156,55.43000030517578,55.900001525878906,55.75,1001900,55.75,NCLH
2017-07-26,56.0099983215332,55.20000076293945,56.0,55.650001525878906,645700,55.650001525878906,NCLH
2017-07-27,55.849998474121094,54.290000915527344,55.70000076293945,55.11000061035156,1209200,55.11000061035156,NCLH
2017-07-28,55.2599983215332,54.38999938964844,54.709999084472656,55.209999084472656,984900,55.209999084472656,NCLH
2017-07-31,55.72999954223633,54.97999954223633,55.45000076293945,55.06999969482422,895600,55.06999969482422,NCLH
2017-08-01,57.25,56.150001525878906,56.4900016784668,56.90999984741211,2494000,56.90999984741211,NCLH
2017-08-02,57.25,55.45000076293945,56.88999938964844,55.84000015258789,1256700,55.84000015258789,NCLH
2017-08-03,56.959999084472656,55.77000045776367,55.77000045776367,56.25,1157300,56.25,NCLH
2017-08-04,57.47999954223633,56.27000045776367,56.470001220703125,56.900001525878906,1265800,56.900001525878906,NCLH
2017-08-07,57.619998931884766,56.4900016784668,57.150001525878906,56.650001525878906,2837200,56.650001525878906,NCLH
2017-08-08,61.47999954223633,58.849998474121094,59.04999923706055,59.41999816894531,5342700,59.41999816894531,NCLH
2017-08-09,58.9900016784668,58.04999923706055,58.880001068115234,58.36000061035156,2077900,58.36000061035156,NCLH
2017-08-10,58.15999984741211,56.900001525878906,58.040000915527344,57.06999969482422,1667800,57.06999969482422,NCLH
2017-08-11,57.16999816894531,54.150001525878906,54.75,56.77000045776367,12879900,56.77000045776367,NCLH
2017-08-14,57.83000183105469,57.0099983215332,57.13999938964844,57.459999084472656,2619900,57.459999084472656,NCLH
2017-08-15,58.560001373291016,57.220001220703125,57.61000061035156,57.45000076293945,2855900,57.45000076293945,NCLH
2017-08-16,58.40999984741211,57.439998626708984,57.79999923706055,57.900001525878906,1434800,57.900001525878906,NCLH
2017-08-17,58.06999969482422,56.0099983215332,57.97999954223633,56.18000030517578,2086400,56.18000030517578,NCLH
2017-08-18,56.33000183105469,55.2599983215332,56.33000183105469,55.779998779296875,1434600,55.779998779296875,NCLH
2017-08-21,56.150001525878906,55.59000015258789,55.810001373291016,55.86000061035156,1015900,55.86000061035156,NCLH
2017-08-22,57.029998779296875,56.0099983215332,56.0099983215332,56.900001525878906,1074000,56.900001525878906,NCLH
2017-08-23,57.90999984741211,56.529998779296875,56.529998779296875,57.150001525878906,1903700,57.150001525878906,NCLH
2017-08-24,57.90999984741211,57.290000915527344,57.33000183105469,57.72999954223633,1563100,57.72999954223633,NCLH
2017-08-25,58.0,57.58000183105469,57.9900016784668,57.720001220703125,1936500,57.720001220703125,NCLH
2017-08-28,58.029998779296875,57.47999954223633,57.97999954223633,57.880001068115234,879600,57.880001068115234,NCLH
2017-08-29,57.7400016784668,56.470001220703125,57.43000030517578,57.63999938964844,1537700,57.63999938964844,NCLH
2017-08-30,58.79999923706055,57.25,57.529998779296875,58.220001220703125,1430200,58.220001220703125,NCLH
2017-08-31,59.5,58.40999984741211,58.41999816894531,59.459999084472656,1793300,59.459999084472656,NCLH
2017-09-01,60.0,58.47999954223633,59.619998931884766,58.540000915527344,1159900,58.540000915527344,NCLH
2017-09-05,58.540000915527344,55.29999923706055,58.5099983215332,56.689998626708984,2812400,56.689998626708984,NCLH
2017-09-06,57.16999816894531,55.90999984741211,56.529998779296875,57.119998931884766,1964500,57.119998931884766,NCLH
2017-09-07,57.43000030517578,55.77000045776367,57.0,55.86000061035156,1642300,55.86000061035156,NCLH
2017-09-08,56.97999954223633,55.0099983215332,55.84000015258789,55.119998931884766,1537900,55.119998931884766,NCLH
2017-09-11,58.20000076293945,56.0,56.189998626708984,56.650001525878906,2873400,56.650001525878906,NCLH
2017-09-12,57.220001220703125,56.40999984741211,56.91999816894531,57.20000076293945,1021500,57.20000076293945,NCLH
2017-09-13,57.84000015258789,56.75,56.939998626708984,57.790000915527344,1400200,57.790000915527344,NCLH
2017-09-14,58.58000183105469,57.25,57.349998474121094,57.720001220703125,1419100,57.720001220703125,NCLH
2017-09-15,56.7400016784668,55.279998779296875,56.54999923706055,56.7400016784668,3940600,56.7400016784668,NCLH
2017-09-18,57.209999084472656,56.279998779296875,56.70000076293945,56.349998474121094,1460700,56.349998474121094,NCLH
2017-09-19,56.27000045776367,55.290000915527344,56.27000045776367,55.459999084472656,1512700,55.459999084472656,NCLH
2017-09-20,55.41999816894531,53.709999084472656,55.36000061035156,54.36000061035156,2225300,54.36000061035156,NCLH
2017-09-21,54.83000183105469,53.95000076293945,54.540000915527344,54.400001525878906,1231300,54.400001525878906,NCLH
2017-09-22,54.810001373291016,53.75,54.09000015258789,54.02000045776367,1392900,54.02000045776367,NCLH
2017-09-25,54.11000061035156,53.22999954223633,53.7400016784668,53.599998474121094,1422800,53.599998474121094,NCLH
2017-09-26,55.68000030517578,54.2599983215332,54.459999084472656,54.88999938964844,2551600,54.88999938964844,NCLH
2017-09-27,55.040000915527344,52.7400016784668,54.9900016784668,52.83000183105469,1974900,52.83000183105469,NCLH
2017-09-28,53.93000030517578,51.9900016784668,52.52000045776367,53.650001525878906,2528600,53.650001525878906,NCLH
2017-09-29,54.150001525878906,52.439998626708984,53.459999084472656,54.04999923706055,2518800,54.04999923706055,NCLH
2017-10-02,54.529998779296875,53.599998474121094,53.939998626708984,54.41999816894531,1112000,54.41999816894531,NCLH
2017-10-03,55.11000061035156,54.029998779296875,54.459999084472656,54.72999954223633,1212500,54.72999954223633,NCLH
2017-10-04,56.20000076293945,54.529998779296875,54.58000183105469,55.97999954223633,1583100,55.97999954223633,NCLH
2017-10-05,58.540000915527344,57.529998779296875,58.0099983215332,58.40999984741211,7774900,58.40999984741211,NCLH
2017-10-06,59.400001525878906,58.25,58.25,58.84000015258789,3026900,58.84000015258789,NCLH
2017-10-09,59.65999984741211,58.709999084472656,58.75,58.88999938964844,2211700,58.88999938964844,NCLH
2017-10-10,59.540000915527344,58.9900016784668,59.189998626708984,59.15999984741211,2665000,59.15999984741211,NCLH
2017-10-11,59.41999816894531,58.58000183105469,59.150001525878906,58.79999923706055,2730600,58.79999923706055,NCLH
2017-10-12,59.29999923706055,58.43000030517578,58.560001373291016,58.86000061035156,33545900,58.86000061035156,NCLH
2017-10-13,59.599998474121094,58.220001220703125,59.43000030517578,58.7400016784668,3970000,58.7400016784668,NCLH
2017-10-16,59.150001525878906,58.400001525878906,58.83000183105469,58.91999816894531,2088700,58.91999816894531,NCLH
2017-10-17,59.0,58.439998626708984,58.689998626708984,58.61000061035156,2382800,58.61000061035156,NCLH
2017-10-18,58.45000076293945,57.130001068115234,58.45000076293945,57.470001220703125,4215000,57.470001220703125,NCLH
2017-10-19,56.52000045776367,53.79999923706055,56.400001525878906,54.16999816894531,7962000,54.16999816894531,NCLH
2017-10-20,54.939998626708984,53.45000076293945,54.869998931884766,53.72999954223633,3472000,53.72999954223633,NCLH
2017-10-23,54.099998474121094,53.529998779296875,53.7599983215332,53.720001220703125,1992700,53.720001220703125,NCLH
2017-10-24,54.779998779296875,53.5,53.630001068115234,54.65999984741211,2486900,54.65999984741211,NCLH
2017-10-25,55.189998626708984,54.380001068115234,54.66999816894531,54.790000915527344,2425100,54.790000915527344,NCLH
2017-10-26,55.25,54.529998779296875,54.79999923706055,54.91999816894531,1375400,54.91999816894531,NCLH
2017-10-27,56.279998779296875,54.4900016784668,54.79999923706055,55.63999938964844,2319600,55.63999938964844,NCLH
2017-10-30,55.66999816894531,54.66999816894531,55.290000915527344,54.79999923706055,974300,54.79999923706055,NCLH
2017-10-31,55.97999954223633,54.720001220703125,54.81999969482422,55.75,1446300,55.75,NCLH
2017-11-01,56.099998474121094,54.040000915527344,56.060001373291016,54.20000076293945,2249100,54.20000076293945,NCLH
2017-11-02,55.16999816894531,54.209999084472656,54.27000045776367,54.90999984741211,2139100,54.90999984741211,NCLH
2017-11-03,55.09000015258789,54.529998779296875,54.90999984741211,55.029998779296875,923200,55.029998779296875,NCLH
2017-11-06,56.119998931884766,54.90999984741211,55.0,55.2599983215332,1520100,55.2599983215332,NCLH
2017-11-07,57.369998931884766,54.970001220703125,56.54999923706055,55.36000061035156,1828700,55.36000061035156,NCLH
2017-11-08,55.630001068115234,54.810001373291016,55.369998931884766,55.560001373291016,1423600,55.560001373291016,NCLH
2017-11-09,58.27000045776367,55.290000915527344,55.7400016784668,56.88999938964844,3116300,56.88999938964844,NCLH
2017-11-10,56.060001373291016,54.06999969482422,55.75,55.22999954223633,2282200,55.22999954223633,NCLH
2017-11-13,55.34000015258789,54.650001525878906,54.90999984741211,55.27000045776367,1723500,55.27000045776367,NCLH
2017-11-14,55.220001220703125,54.099998474121094,55.08000183105469,55.099998474121094,1310700,55.099998474121094,NCLH
2017-11-15,55.189998626708984,54.58000183105469,55.09000015258789,55.06999969482422,1357100,55.06999969482422,NCLH
2017-11-16,54.29999923706055,53.5,53.849998474121094,53.970001220703125,6225200,53.970001220703125,NCLH
2017-11-17,54.900001525878906,53.689998626708984,54.119998931884766,54.84000015258789,3963100,54.84000015258789,NCLH
2017-11-20,55.09000015258789,54.279998779296875,54.779998779296875,54.689998626708984,2325900,54.689998626708984,NCLH
2017-11-21,55.880001068115234,54.79999923706055,54.93000030517578,55.47999954223633,2029800,55.47999954223633,NCLH
2017-11-22,56.0,55.11000061035156,55.41999816894531,55.310001373291016,1277500,55.310001373291016,NCLH
2017-11-24,55.7400016784668,55.0099983215332,55.40999984741211,55.5,550800,55.5,NCLH
2017-11-27,56.029998779296875,55.470001220703125,55.54999923706055,55.61000061035156,1232800,55.61000061035156,NCLH
2017-11-28,55.83000183105469,54.91999816894531,55.619998931884766,55.310001373291016,1767800,55.310001373291016,NCLH
2017-11-29,56.209999084472656,55.119998931884766,55.47999954223633,55.290000915527344,1640100,55.290000915527344,NCLH
2017-11-30,54.689998626708984,52.36000061035156,54.0,54.15999984741211,3497100,54.15999984741211,NCLH
2017-12-01,54.90999984741211,53.68000030517578,53.939998626708984,54.810001373291016,1317600,54.810001373291016,NCLH
2017-12-04,56.84000015258789,55.29999923706055,55.68000030517578,55.40999984741211,2510700,55.40999984741211,NCLH
2017-12-05,55.66999816894531,54.27000045776367,55.529998779296875,54.33000183105469,942500,54.33000183105469,NCLH
2017-12-06,54.79999923706055,53.70000076293945,54.4900016784668,54.310001373291016,1168000,54.310001373291016,NCLH
2017-12-07,54.619998931884766,54.08000183105469,54.5,54.34000015258789,1132800,54.34000015258789,NCLH
2017-12-08,55.56999969482422,54.36000061035156,54.7400016784668,55.029998779296875,1255900,55.029998779296875,NCLH
2017-12-11,55.369998931884766,54.33000183105469,54.75,54.720001220703125,1536100,54.720001220703125,NCLH
2017-12-12,54.63999938964844,53.54999923706055,54.63999938964844,53.650001525878906,1644200,53.650001525878906,NCLH
2017-12-13,53.93000030517578,53.09000015258789,53.93000030517578,53.15999984741211,1239300,53.15999984741211,NCLH
2017-12-14,53.459999084472656,52.70000076293945,53.15999984741211,52.810001373291016,1450100,52.810001373291016,NCLH
2017-12-15,54.29999923706055,52.58000183105469,53.13999938964844,54.0,9077600,54.0,NCLH
2017-12-18,55.36000061035156,54.5,54.5099983215332,54.97999954223633,2187900,54.97999954223633,NCLH
2017-12-19,56.04999923706055,55.02000045776367,55.369998931884766,55.59000015258789,1592900,55.59000015258789,NCLH
2017-12-20,56.40999984741211,54.7400016784668,55.63999938964844,54.81999969482422,1797700,54.81999969482422,NCLH
2017-12-21,55.310001373291016,54.0099983215332,55.06999969482422,54.13999938964844,1351000,54.13999938964844,NCLH
2017-12-22,54.470001220703125,53.720001220703125,53.75,54.029998779296875,1276100,54.029998779296875,NCLH
2017-12-26,54.25,53.650001525878906,53.93000030517578,53.72999954223633,906900,53.72999954223633,NCLH
2017-12-27,54.189998626708984,53.70000076293945,53.95000076293945,54.0,798300,54.0,NCLH
2017-12-28,54.029998779296875,53.34000015258789,54.0099983215332,53.61000061035156,1188100,53.61000061035156,NCLH
2017-12-29,53.959999084472656,53.20000076293945,53.45000076293945,53.25,892400,53.25,NCLH
2018-01-02,54.970001220703125,53.58000183105469,53.7599983215332,54.959999084472656,1617900,54.959999084472656,NCLH
2018-01-03,55.619998931884766,54.650001525878906,54.95000076293945,55.369998931884766,1399700,55.369998931884766,NCLH
2018-01-04,55.779998779296875,54.65999984741211,55.349998474121094,54.68000030517578,1432600,54.68000030517578,NCLH
2018-01-05,55.11000061035156,54.220001220703125,55.11000061035156,54.869998931884766,1178300,54.869998931884766,NCLH
2018-01-08,55.0,54.380001068115234,54.91999816894531,54.65999984741211,1056500,54.65999984741211,NCLH
2018-01-09,55.290000915527344,54.5099983215332,54.83000183105469,54.939998626708984,1002000,54.939998626708984,NCLH
2018-01-10,55.81999969482422,54.900001525878906,55.0,55.599998474121094,1396500,55.599998474121094,NCLH
2018-01-11,56.5,55.7599983215332,55.84000015258789,56.15999984741211,2125800,56.15999984741211,NCLH
2018-01-12,58.040000915527344,56.25,56.380001068115234,57.849998474121094,2057600,57.849998474121094,NCLH
2018-01-16,58.45000076293945,57.130001068115234,58.04999923706055,57.38999938964844,1639000,57.38999938964844,NCLH
2018-01-17,59.29999923706055,57.72999954223633,58.540000915527344,59.27000045776367,2614700,59.27000045776367,NCLH
2018-01-18,59.13999938964844,58.45000076293945,59.040000915527344,58.86000061035156,1442500,58.86000061035156,NCLH
2018-01-19,59.689998626708984,58.7400016784668,58.880001068115234,59.43000030517578,2143200,59.43000030517578,NCLH
2018-01-22,59.45000076293945,58.380001068115234,59.45000076293945,59.369998931884766,1633300,59.369998931884766,NCLH
2018-01-23,59.4900016784668,58.290000915527344,59.4900016784668,58.33000183105469,1614900,58.33000183105469,NCLH
2018-01-24,60.61000061035156,58.31999969482422,58.709999084472656,59.77000045776367,3544200,59.77000045776367,NCLH
2018-01-25,60.38999938964844,58.90999984741211,60.0099983215332,59.61000061035156,1272700,59.61000061035156,NCLH
2018-01-26,60.959999084472656,59.54999923706055,60.0,60.93000030517578,1319500,60.93000030517578,NCLH
2018-01-29,61.029998779296875,60.11000061035156,60.61000061035156,60.56999969482422,1125000,60.56999969482422,NCLH
2018-01-30,60.90999984741211,59.5099983215332,60.04999923706055,59.959999084472656,1062900,59.959999084472656,NCLH
2018-01-31,61.04999923706055,60.0,60.0,60.7400016784668,1568900,60.7400016784668,NCLH
2018-02-01,61.06999969482422,60.08000183105469,60.77000045776367,60.59000015258789,1220300,60.59000015258789,NCLH
2018-02-02,60.869998931884766,58.90999984741211,60.4900016784668,59.0,1370200,59.0,NCLH
2018-02-05,61.18000030517578,56.939998626708984,59.529998779296875,56.95000076293945,2323200,56.95000076293945,NCLH
2018-02-06,58.349998474121094,55.20000076293945,55.9900016784668,58.20000076293945,2468000,58.20000076293945,NCLH
2018-02-07,59.0099983215332,57.529998779296875,57.93000030517578,57.7400016784668,1518500,57.7400016784668,NCLH
2018-02-08,58.040000915527344,56.0,57.75,56.0099983215332,1793400,56.0099983215332,NCLH
2018-02-09,57.040000915527344,54.25,56.56999969482422,56.209999084472656,1744500,56.209999084472656,NCLH
2018-02-12,57.86000061035156,56.439998626708984,56.84000015258789,57.45000076293945,1833000,57.45000076293945,NCLH
2018-02-13,57.66999816894531,56.869998931884766,57.2400016784668,57.5,1500000,57.5,NCLH
2018-02-14,58.939998626708984,56.880001068115234,56.95000076293945,58.880001068115234,1465300,58.880001068115234,NCLH
2018-02-15,59.63999938964844,58.77000045776367,59.279998779296875,59.36000061035156,1908200,59.36000061035156,NCLH
2018-02-16,59.5,58.61000061035156,59.0099983215332,59.11000061035156,1036700,59.11000061035156,NCLH
2018-02-20,59.65999984741211,58.599998474121094,58.689998626708984,58.95000076293945,1505800,58.95000076293945,NCLH
2018-02-21,59.47999954223633,58.720001220703125,59.189998626708984,58.720001220703125,1744600,58.720001220703125,NCLH
2018-02-22,59.61000061035156,56.95000076293945,59.529998779296875,57.290000915527344,2591100,57.290000915527344,NCLH
2018-02-23,58.20000076293945,57.290000915527344,58.08000183105469,57.900001525878906,1259000,57.900001525878906,NCLH
2018-02-26,58.5,57.25,58.349998474121094,57.95000076293945,1380300,57.95000076293945,NCLH
2018-02-27,58.439998626708984,56.16999816894531,57.939998626708984,56.27000045776367,1845600,56.27000045776367,NCLH
2018-02-28,58.0,56.08000183105469,56.2599983215332,56.900001525878906,13538200,56.900001525878906,NCLH
2018-03-01,57.5,56.09000015258789,57.0,56.77000045776367,3016700,56.77000045776367,NCLH
2018-03-02,56.779998779296875,55.529998779296875,56.130001068115234,56.439998626708984,4246100,56.439998626708984,NCLH
2018-03-05,56.38999938964844,54.86000061035156,56.279998779296875,55.58000183105469,2327400,55.58000183105469,NCLH
2018-03-06,56.13999938964844,55.41999816894531,55.7599983215332,56.0,1980400,56.0,NCLH
2018-03-07,56.0,54.9900016784668,55.400001525878906,55.5,1877300,55.5,NCLH
2018-03-08,56.08000183105469,55.25,55.79999923706055,55.45000076293945,1832000,55.45000076293945,NCLH
2018-03-09,57.20000076293945,55.58000183105469,55.779998779296875,57.150001525878906,2756900,57.150001525878906,NCLH
2018-03-12,57.43000030517578,56.380001068115234,57.20000076293945,56.58000183105469,1907000,56.58000183105469,NCLH
2018-03-13,57.2400016784668,56.4900016784668,56.93000030517578,56.650001525878906,1594800,56.650001525878906,NCLH
2018-03-14,57.029998779296875,55.66999816894531,56.75,55.95000076293945,1580500,55.95000076293945,NCLH
2018-03-15,56.09000015258789,55.2599983215332,56.060001373291016,55.34000015258789,1528900,55.34000015258789,NCLH
2018-03-16,56.2400016784668,55.22999954223633,55.2400016784668,56.119998931884766,2470900,56.119998931884766,NCLH
2018-03-19,56.27000045776367,55.099998474121094,56.119998931884766,55.41999816894531,1552100,55.41999816894531,NCLH
2018-03-20,56.310001373291016,55.349998474121094,55.72999954223633,55.720001220703125,1309000,55.720001220703125,NCLH
2018-03-21,55.93000030517578,54.09000015258789,55.75,54.16999816894531,2225200,54.16999816894531,NCLH
2018-03-22,55.029998779296875,52.54999923706055,54.27000045776367,52.709999084472656,2560300,52.709999084472656,NCLH
2018-03-23,53.099998474121094,51.29999923706055,52.880001068115234,51.400001525878906,2380400,51.400001525878906,NCLH
2018-03-26,52.470001220703125,51.310001373291016,52.209999084472656,52.439998626708984,1601200,52.439998626708984,NCLH
2018-03-27,54.15999984741211,52.31999969482422,52.52000045776367,52.869998931884766,2723100,52.869998931884766,NCLH
2018-03-28,53.29999923706055,51.7400016784668,52.869998931884766,52.47999954223633,5258000,52.47999954223633,NCLH
2018-03-29,53.400001525878906,52.2599983215332,52.70000076293945,52.970001220703125,1782400,52.970001220703125,NCLH
2018-04-02,53.2400016784668,51.369998931884766,53.0,51.970001220703125,1545400,51.970001220703125,NCLH
2018-04-03,52.630001068115234,51.810001373291016,52.220001220703125,52.38999938964844,1542600,52.38999938964844,NCLH
2018-04-04,53.16999816894531,51.38999938964844,51.650001525878906,53.040000915527344,1362400,53.040000915527344,NCLH
2018-04-05,54.68000030517578,52.900001525878906,53.290000915527344,54.38999938964844,3784500,54.38999938964844,NCLH
2018-04-06,54.349998474121094,52.72999954223633,54.040000915527344,53.209999084472656,2407700,53.209999084472656,NCLH
2018-04-09,53.959999084472656,52.970001220703125,53.400001525878906,53.029998779296875,1033700,53.029998779296875,NCLH
2018-04-10,53.619998931884766,50.97999954223633,53.58000183105469,52.0,3221800,52.0,NCLH
2018-04-11,52.709999084472656,51.7599983215332,51.9900016784668,52.33000183105469,1940700,52.33000183105469,NCLH
2018-04-12,53.689998626708984,52.63999938964844,52.689998626708984,53.34000015258789,1718300,53.34000015258789,NCLH
2018-04-13,53.939998626708984,52.290000915527344,53.54999923706055,52.41999816894531,1487600,52.41999816894531,NCLH
2018-04-16,53.79999923706055,52.77000045776367,52.77000045776367,53.439998626708984,1223900,53.439998626708984,NCLH
2018-04-17,54.27000045776367,53.630001068115234,54.0,53.880001068115234,1652700,53.880001068115234,NCLH
2018-04-18,56.5,54.84000015258789,56.130001068115234,55.43000030517578,2829000,55.43000030517578,NCLH
2018-04-19,55.4900016784668,54.560001373291016,55.40999984741211,54.959999084472656,1342500,54.959999084472656,NCLH
2018-04-20,55.72999954223633,54.849998474121094,54.970001220703125,55.650001525878906,1410300,55.650001525878906,NCLH
2018-04-23,57.08000183105469,55.45000076293945,55.779998779296875,56.75,2245600,56.75,NCLH
2018-04-24,57.369998931884766,55.77000045776367,57.18000030517578,56.11000061035156,1416600,56.11000061035156,NCLH
2018-04-25,56.61000061035156,55.459999084472656,56.16999816894531,56.380001068115234,1231600,56.380001068115234,NCLH
2018-04-26,57.150001525878906,54.7400016784668,57.0,55.04999923706055,2228300,55.04999923706055,NCLH
2018-04-27,55.849998474121094,54.52000045776367,55.04999923706055,54.75,1514300,54.75,NCLH
2018-04-30,55.029998779296875,53.33000183105469,54.959999084472656,53.470001220703125,2295400,53.470001220703125,NCLH
2018-05-01,53.88999938964844,52.790000915527344,53.2400016784668,53.86000061035156,2029400,53.86000061035156,NCLH
2018-05-02,55.779998779296875,51.709999084472656,54.93000030517578,52.029998779296875,3130200,52.029998779296875,NCLH
2018-05-03,52.130001068115234,50.689998626708984,52.11000061035156,51.099998474121094,2026900,51.099998474121094,NCLH
2018-05-04,51.79999923706055,50.79999923706055,51.150001525878906,51.5099983215332,1847500,51.5099983215332,NCLH
2018-05-07,51.459999084472656,50.15999984741211,51.0099983215332,50.310001373291016,2467100,50.310001373291016,NCLH
2018-05-08,51.45000076293945,50.25,50.310001373291016,50.650001525878906,1853500,50.650001525878906,NCLH
2018-05-09,51.16999816894531,50.47999954223633,50.86000061035156,51.15999984741211,1808800,51.15999984741211,NCLH
2018-05-10,51.959999084472656,51.20000076293945,51.380001068115234,51.400001525878906,1119000,51.400001525878906,NCLH
2018-05-11,51.54999923706055,51.0,51.2599983215332,51.459999084472656,992800,51.459999084472656,NCLH
2018-05-14,51.7400016784668,51.2599983215332,51.47999954223633,51.41999816894531,1185300,51.41999816894531,NCLH
2018-05-15,51.81999969482422,51.2400016784668,51.31999969482422,51.709999084472656,1494300,51.709999084472656,NCLH
2018-05-16,53.0,51.52000045776367,52.0,52.5,2375800,52.5,NCLH
2018-05-17,52.86000061035156,52.220001220703125,52.220001220703125,52.4900016784668,2048200,52.4900016784668,NCLH
2018-05-18,53.189998626708984,52.16999816894531,52.5,52.970001220703125,1315100,52.970001220703125,NCLH
2018-05-21,53.779998779296875,53.040000915527344,53.189998626708984,53.31999969482422,1570200,53.31999969482422,NCLH
2018-05-22,53.54999923706055,53.119998931884766,53.310001373291016,53.18000030517578,1278800,53.18000030517578,NCLH
2018-05-23,53.400001525878906,52.41999816894531,52.83000183105469,52.849998474121094,1438700,52.849998474121094,NCLH
2018-05-24,53.88999938964844,52.810001373291016,52.95000076293945,53.66999816894531,1569100,53.66999816894531,NCLH
2018-05-25,54.369998931884766,53.41999816894531,53.58000183105469,54.130001068115234,2213500,54.130001068115234,NCLH
2018-05-29,54.06999969482422,52.63999938964844,53.68000030517578,52.810001373291016,2906000,52.810001373291016,NCLH
2018-05-30,53.220001220703125,52.619998931884766,53.15999984741211,52.77000045776367,1503500,52.77000045776367,NCLH
2018-05-31,52.970001220703125,52.040000915527344,52.869998931884766,52.34000015258789,1763200,52.34000015258789,NCLH
2018-06-01,53.20000076293945,52.54999923706055,52.54999923706055,53.18000030517578,1714200,53.18000030517578,NCLH
2018-06-04,53.45000076293945,52.86000061035156,53.2599983215332,53.029998779296875,1468000,53.029998779296875,NCLH
2018-06-05,51.650001525878906,50.2599983215332,51.13999938964844,50.79999923706055,3590800,50.79999923706055,NCLH
2018-06-06,51.58000183105469,50.36000061035156,50.72999954223633,51.54999923706055,1541400,51.54999923706055,NCLH
2018-06-07,52.560001373291016,51.599998474121094,51.810001373291016,51.95000076293945,2833000,51.95000076293945,NCLH
2018-06-08,51.81999969482422,51.31999969482422,51.79999923706055,51.75,888900,51.75,NCLH
2018-06-11,52.5099983215332,51.7599983215332,51.91999816894531,52.27000045776367,763400,52.27000045776367,NCLH
2018-06-12,53.29999923706055,52.16999816894531,52.47999954223633,52.72999954223633,1071600,52.72999954223633,NCLH
2018-06-13,54.61000061035156,52.7599983215332,53.189998626708984,53.439998626708984,2929000,53.439998626708984,NCLH
2018-06-14,55.11000061035156,53.939998626708984,54.06999969482422,54.45000076293945,2680700,54.45000076293945,NCLH
2018-06-15,54.95000076293945,53.349998474121094,53.83000183105469,54.95000076293945,2345600,54.95000076293945,NCLH
2018-06-18,54.650001525878906,53.880001068115234,54.41999816894531,54.54999923706055,1108400,54.54999923706055,NCLH
2018-06-19,54.119998931884766,53.439998626708984,54.0,53.61000061035156,3222300,53.61000061035156,NCLH
2018-06-20,53.84000015258789,52.93000030517578,53.439998626708984,52.9900016784668,1197000,52.9900016784668,NCLH
2018-06-21,53.099998474121094,51.869998931884766,53.060001373291016,51.900001525878906,926300,51.900001525878906,NCLH
2018-06-22,52.20000076293945,51.65999984741211,51.970001220703125,51.959999084472656,3261800,51.959999084472656,NCLH
2018-06-25,50.95000076293945,47.33000183105469,50.95000076293945,48.77000045776367,5794700,48.77000045776367,NCLH
2018-06-26,49.70000076293945,47.65999984741211,48.72999954223633,49.47999954223633,2771600,49.47999954223633,NCLH
2018-06-27,49.9900016784668,48.02000045776367,49.72999954223633,48.099998474121094,3094200,48.099998474121094,NCLH
2018-06-28,48.15999984741211,47.060001373291016,48.15999984741211,47.650001525878906,2232000,47.650001525878906,NCLH
2018-06-29,47.970001220703125,47.18000030517578,47.650001525878906,47.25,2972200,47.25,NCLH
2018-07-02,47.22999954223633,46.400001525878906,46.790000915527344,47.060001373291016,1973800,47.060001373291016,NCLH
2018-07-03,47.38999938964844,46.54999923706055,47.2599983215332,46.650001525878906,926900,46.650001525878906,NCLH
2018-07-05,46.97999954223633,46.15999984741211,46.97999954223633,46.619998931884766,2244700,46.619998931884766,NCLH
2018-07-06,47.209999084472656,46.45000076293945,46.45000076293945,47.04999923706055,919400,47.04999923706055,NCLH
2018-07-09,48.060001373291016,47.16999816894531,47.41999816894531,47.77000045776367,1176400,47.77000045776367,NCLH
2018-07-10,48.18000030517578,47.4900016784668,47.709999084472656,47.599998474121094,1511700,47.599998474121094,NCLH
2018-07-11,47.79999923706055,46.959999084472656,47.130001068115234,47.61000061035156,2035400,47.61000061035156,NCLH
2018-07-12,48.380001068115234,47.790000915527344,47.9900016784668,47.959999084472656,1275300,47.959999084472656,NCLH
2018-07-13,48.09000015258789,47.02000045776367,47.88999938964844,47.08000183105469,1927700,47.08000183105469,NCLH
2018-07-16,47.66999816894531,46.91999816894531,47.310001373291016,47.189998626708984,1617700,47.189998626708984,NCLH
2018-07-17,47.900001525878906,46.93000030517578,47.150001525878906,47.56999969482422,1546200,47.56999969482422,NCLH
2018-07-18,51.70000076293945,49.0,49.220001220703125,50.13999938964844,6735000,50.13999938964844,NCLH
2018-07-19,50.150001525878906,49.2599983215332,50.040000915527344,49.849998474121094,2211600,49.849998474121094,NCLH
2018-07-20,49.790000915527344,49.33000183105469,49.72999954223633,49.540000915527344,1180600,49.540000915527344,NCLH
2018-07-23,50.150001525878906,49.65999984741211,49.900001525878906,49.849998474121094,2530600,49.849998474121094,NCLH
2018-07-24,50.380001068115234,49.25,50.22999954223633,49.849998474121094,2826800,49.849998474121094,NCLH
2018-07-25,50.20000076293945,49.15999984741211,49.61000061035156,50.15999984741211,1686400,50.15999984741211,NCLH
2018-07-26,50.61000061035156,49.900001525878906,50.040000915527344,50.04999923706055,1017500,50.04999923706055,NCLH
2018-07-27,50.68000030517578,49.63999938964844,50.63999938964844,49.7599983215332,1236600,49.7599983215332,NCLH
2018-07-30,50.16999816894531,49.45000076293945,49.59000015258789,49.7599983215332,1238700,49.7599983215332,NCLH
2018-07-31,50.27000045776367,49.52000045776367,49.95000076293945,50.029998779296875,2079500,50.029998779296875,NCLH
2018-08-01,50.36000061035156,49.220001220703125,50.029998779296875,49.220001220703125,1273700,49.220001220703125,NCLH
2018-08-02,49.720001220703125,47.779998779296875,48.75,49.68000030517578,2028300,49.68000030517578,NCLH
2018-08-03,50.2599983215332,49.5,49.83000183105469,49.810001373291016,1313000,49.810001373291016,NCLH
2018-08-06,49.86000061035156,49.27000045776367,49.599998474121094,49.75,1099500,49.75,NCLH
2018-08-07,50.04999923706055,49.540000915527344,49.599998474121094,49.61000061035156,1365400,49.61000061035156,NCLH
2018-08-08,49.90999984741211,48.880001068115234,49.7599983215332,48.93000030517578,1794000,48.93000030517578,NCLH
2018-08-09,51.599998474121094,49.869998931884766,51.459999084472656,50.95000076293945,4387800,50.95000076293945,NCLH
2018-08-10,51.36000061035156,49.880001068115234,51.36000061035156,50.61000061035156,1852900,50.61000061035156,NCLH
2018-08-13,51.5099983215332,50.43000030517578,50.59000015258789,51.15999984741211,2530400,51.15999984741211,NCLH
2018-08-14,52.189998626708984,50.81999969482422,51.119998931884766,52.02000045776367,2275800,52.02000045776367,NCLH
2018-08-15,52.029998779296875,51.209999084472656,51.470001220703125,51.970001220703125,1886100,51.970001220703125,NCLH
2018-08-16,52.599998474121094,51.83000183105469,52.20000076293945,51.88999938964844,1132400,51.88999938964844,NCLH
2018-08-17,52.599998474121094,51.56999969482422,51.939998626708984,52.4900016784668,2498000,52.4900016784668,NCLH
2018-08-20,53.34000015258789,52.369998931884766,52.369998931884766,53.08000183105469,2169500,53.08000183105469,NCLH
2018-08-21,53.779998779296875,53.02000045776367,53.02000045776367,53.36000061035156,1509800,53.36000061035156,NCLH
2018-08-22,53.2400016784668,52.56999969482422,53.2400016784668,52.59000015258789,1175200,52.59000015258789,NCLH
2018-08-23,52.68000030517578,52.15999984741211,52.34000015258789,52.380001068115234,1085900,52.380001068115234,NCLH
2018-08-24,53.27000045776367,52.29999923706055,52.68000030517578,53.06999969482422,966400,53.06999969482422,NCLH
2018-08-27,53.84000015258789,53.31999969482422,53.400001525878906,53.43000030517578,1203800,53.43000030517578,NCLH
2018-08-28,53.65999984741211,53.08000183105469,53.459999084472656,53.61000061035156,899500,53.61000061035156,NCLH
2018-08-29,54.54999923706055,53.810001373291016,53.869998931884766,54.25,2187200,54.25,NCLH
2018-08-30,54.2400016784668,53.279998779296875,54.150001525878906,53.31999969482422,1416300,53.31999969482422,NCLH
2018-08-31,53.709999084472656,53.09000015258789,53.290000915527344,53.61000061035156,1921400,53.61000061035156,NCLH
2018-09-04,53.689998626708984,52.68000030517578,53.529998779296875,53.02000045776367,1425500,53.02000045776367,NCLH
2018-09-05,53.38999938964844,52.689998626708984,52.970001220703125,52.97999954223633,1182800,52.97999954223633,NCLH
2018-09-06,53.83000183105469,53.150001525878906,53.52000045776367,53.20000076293945,1371400,53.20000076293945,NCLH
2018-09-07,53.459999084472656,52.529998779296875,52.95000076293945,53.369998931884766,965400,53.369998931884766,NCLH
2018-09-10,53.88999938964844,53.22999954223633,53.720001220703125,53.41999816894531,1116600,53.41999816894531,NCLH
2018-09-11,53.380001068115234,52.79999923706055,53.25,53.15999984741211,1203500,53.15999984741211,NCLH
2018-09-12,53.66999816894531,52.619998931884766,53.0,53.52000045776367,1066400,53.52000045776367,NCLH
2018-09-13,54.22999954223633,53.43000030517578,53.599998474121094,53.9900016784668,1059700,53.9900016784668,NCLH
2018-09-14,55.689998626708984,54.130001068115234,54.15999984741211,55.470001220703125,3041300,55.470001220703125,NCLH
2018-09-17,56.529998779296875,55.27000045776367,55.470001220703125,55.83000183105469,1947600,55.83000183105469,NCLH
2018-09-18,57.040000915527344,55.54999923706055,55.65999984741211,56.91999816894531,2060700,56.91999816894531,NCLH
2018-09-19,57.40999984741211,56.7400016784668,57.15999984741211,57.04999923706055,1402200,57.04999923706055,NCLH
2018-09-20,57.599998474121094,57.150001525878906,57.380001068115234,57.459999084472656,1297000,57.459999084472656,NCLH
2018-09-21,58.09000015258789,57.279998779296875,57.459999084472656,57.880001068115234,2787300,57.880001068115234,NCLH
2018-09-24,57.599998474121094,56.40999984741211,57.599998474121094,56.939998626708984,1698200,56.939998626708984,NCLH
2018-09-25,56.849998474121094,56.349998474121094,56.849998474121094,56.41999816894531,1201200,56.41999816894531,NCLH
2018-09-26,57.459999084472656,56.720001220703125,56.869998931884766,57.18000030517578,2357700,57.18000030517578,NCLH
2018-09-27,57.04999923706055,53.56999969482422,54.54999923706055,56.88999938964844,4532600,56.88999938964844,NCLH
2018-09-28,57.90999984741211,56.79999923706055,57.20000076293945,57.43000030517578,1925100,57.43000030517578,NCLH
2018-10-01,57.86000061035156,56.689998626708984,57.599998474121094,56.7599983215332,1290800,56.7599983215332,NCLH
2018-10-02,57.06999969482422,56.380001068115234,56.83000183105469,56.47999954223633,896600,56.47999954223633,NCLH
2018-10-03,56.869998931884766,56.130001068115234,56.65999984741211,56.15999984741211,1040300,56.15999984741211,NCLH
2018-10-04,56.189998626708984,54.7400016784668,55.90999984741211,55.04999923706055,1981400,55.04999923706055,NCLH
2018-10-05,55.560001373291016,53.90999984741211,55.04999923706055,54.2400016784668,1475200,54.2400016784668,NCLH
2018-10-08,54.369998931884766,53.43000030517578,54.15999984741211,54.279998779296875,1476900,54.279998779296875,NCLH
2018-10-09,54.40999984741211,53.83000183105469,54.15999984741211,53.970001220703125,790200,53.970001220703125,NCLH
2018-10-10,53.84000015258789,52.02000045776367,53.779998779296875,52.11000061035156,1797000,52.11000061035156,NCLH
2018-10-11,52.18000030517578,50.38999938964844,52.0,50.619998931884766,2488400,50.619998931884766,NCLH
2018-10-12,51.61000061035156,49.9900016784668,51.43000030517578,50.70000076293945,3275400,50.70000076293945,NCLH
2018-10-15,51.38999938964844,50.56999969482422,50.68000030517578,50.709999084472656,1809900,50.709999084472656,NCLH
2018-10-16,52.06999969482422,50.900001525878906,51.29999923706055,51.900001525878906,1848400,51.900001525878906,NCLH
2018-10-17,52.08000183105469,51.0099983215332,51.79999923706055,51.41999816894531,1593900,51.41999816894531,NCLH
2018-10-18,51.349998474121094,49.720001220703125,51.220001220703125,49.88999938964844,3164800,49.88999938964844,NCLH
2018-10-19,50.31999969482422,48.88999938964844,49.959999084472656,49.0,2723000,49.0,NCLH
2018-10-22,49.54999923706055,48.060001373291016,49.2400016784668,48.209999084472656,1979800,48.209999084472656,NCLH
2018-10-23,48.380001068115234,46.54999923706055,47.31999969482422,48.09000015258789,3009700,48.09000015258789,NCLH
2018-10-24,48.040000915527344,45.02000045776367,47.880001068115234,45.08000183105469,3023300,45.08000183105469,NCLH
2018-10-25,45.7400016784668,44.279998779296875,45.66999816894531,45.43000030517578,3646200,45.43000030517578,NCLH
2018-10-26,44.869998931884766,43.459999084472656,44.84000015258789,43.880001068115234,3232000,43.880001068115234,NCLH
2018-10-29,44.81999969482422,41.72999954223633,44.45000076293945,42.33000183105469,3366800,42.33000183105469,NCLH
2018-10-30,42.65999984741211,41.61000061035156,42.52000045776367,42.400001525878906,4543600,42.400001525878906,NCLH
2018-10-31,44.5099983215332,42.880001068115234,43.209999084472656,44.06999969482422,4588600,44.06999969482422,NCLH
2018-11-01,46.41999816894531,44.279998779296875,44.560001373291016,46.400001525878906,3723900,46.400001525878906,NCLH
2018-11-02,46.84000015258789,45.34000015258789,46.52000045776367,45.79999923706055,4422100,45.79999923706055,NCLH
2018-11-05,46.45000076293945,45.54999923706055,45.79999923706055,46.09000015258789,3311500,46.09000015258789,NCLH
2018-11-06,46.939998626708984,45.59000015258789,45.970001220703125,46.56999969482422,2532000,46.56999969482422,NCLH
2018-11-07,48.09000015258789,46.81999969482422,47.029998779296875,48.0,3053200,48.0,NCLH
2018-11-08,50.400001525878906,48.36000061035156,49.0099983215332,49.27000045776367,3642600,49.27000045776367,NCLH
2018-11-09,49.4900016784668,48.33000183105469,49.040000915527344,48.75,2910100,48.75,NCLH
2018-11-12,49.33000183105469,48.400001525878906,48.599998474121094,48.56999969482422,3405900,48.56999969482422,NCLH
2018-11-13,50.099998474121094,48.7599983215332,48.93000030517578,49.4900016784668,3316700,49.4900016784668,NCLH
2018-11-14,50.65999984741211,49.380001068115234,49.91999816894531,49.709999084472656,2649500,49.709999084472656,NCLH
2018-11-15,50.52000045776367,48.7599983215332,49.150001525878906,50.439998626708984,1997100,50.439998626708984,NCLH
2018-11-16,51.060001373291016,49.84000015258789,50.119998931884766,50.43000030517578,1444500,50.43000030517578,NCLH
2018-11-19,50.709999084472656,49.13999938964844,50.45000076293945,49.27000045776367,2324600,49.27000045776367,NCLH
2018-11-20,49.720001220703125,47.9900016784668,48.40999984741211,49.4900016784668,2126400,49.4900016784668,NCLH
2018-11-21,50.54999923706055,49.65999984741211,49.900001525878906,50.150001525878906,1146500,50.150001525878906,NCLH
2018-11-23,51.33000183105469,49.849998474121094,49.849998474121094,50.7400016784668,880900,50.7400016784668,NCLH
2018-11-26,51.630001068115234,50.720001220703125,51.15999984741211,51.560001373291016,1464900,51.560001373291016,NCLH
2018-11-27,51.56999969482422,50.65999984741211,51.209999084472656,50.959999084472656,1338100,50.959999084472656,NCLH
2018-11-28,51.97999954223633,50.75,51.150001525878906,51.59000015258789,1727600,51.59000015258789,NCLH
2018-11-29,52.72999954223633,51.380001068115234,52.15999984741211,51.560001373291016,10919100,51.560001373291016,NCLH
2018-11-30,51.650001525878906,50.09000015258789,51.349998474121094,51.31999969482422,4278800,51.31999969482422,NCLH
2018-12-03,52.880001068115234,51.41999816894531,52.0,51.540000915527344,4229000,51.540000915527344,NCLH
2018-12-04,51.08000183105469,48.52000045776367,50.97999954223633,48.77000045776367,5194200,48.77000045776367,NCLH
2018-12-06,49.380001068115234,47.83000183105469,48.630001068115234,49.36000061035156,2523200,49.36000061035156,NCLH
2018-12-07,49.68000030517578,47.16999816894531,49.04999923706055,47.59000015258789,2154000,47.59000015258789,NCLH
2018-12-10,48.18000030517578,46.70000076293945,47.65999984741211,47.72999954223633,1557100,47.72999954223633,NCLH
2018-12-11,48.88999938964844,46.869998931884766,48.529998779296875,47.22999954223633,1900200,47.22999954223633,NCLH
2018-12-12,48.4900016784668,47.61000061035156,47.95000076293945,47.66999816894531,1040500,47.66999816894531,NCLH
2018-12-13,48.040000915527344,46.849998474121094,47.720001220703125,47.27000045776367,1333500,47.27000045776367,NCLH
2018-12-14,48.290000915527344,46.75,46.75,47.619998931884766,1840300,47.619998931884766,NCLH
2018-12-17,47.97999954223633,46.84000015258789,47.560001373291016,47.13999938964844,1789000,47.13999938964844,NCLH
2018-12-18,48.0,46.45000076293945,47.650001525878906,46.77000045776367,2365400,46.77000045776367,NCLH
2018-12-19,47.779998779296875,44.939998626708984,46.95000076293945,45.16999816894531,3833500,45.16999816894531,NCLH
2018-12-20,44.599998474121094,41.709999084472656,43.720001220703125,42.29999923706055,4627400,42.29999923706055,NCLH
2018-12-21,42.630001068115234,40.540000915527344,42.220001220703125,40.790000915527344,4771100,40.790000915527344,NCLH
2018-12-24,40.720001220703125,39.540000915527344,40.36000061035156,39.54999923706055,1190400,39.54999923706055,NCLH
2018-12-26,41.939998626708984,39.36000061035156,39.75,41.939998626708984,2278300,41.939998626708984,NCLH
2018-12-27,41.560001373291016,39.84000015258789,41.099998474121094,41.560001373291016,1868200,41.560001373291016,NCLH
2018-12-28,42.40999984741211,41.29999923706055,41.81999969482422,41.97999954223633,1715000,41.97999954223633,NCLH
2018-12-31,42.470001220703125,41.5099983215332,42.290000915527344,42.38999938964844,2119900,42.38999938964844,NCLH
2019-01-02,42.84000015258789,41.52000045776367,41.880001068115234,42.380001068115234,1917400,42.380001068115234,NCLH
2019-01-03,42.119998931884766,40.5,41.869998931884766,40.709999084472656,2654500,40.709999084472656,NCLH
2019-01-04,43.34000015258789,41.40999984741211,41.52000045776367,43.029998779296875,2318700,43.029998779296875,NCLH
2019-01-07,44.130001068115234,42.810001373291016,43.0,43.709999084472656,1519500,43.709999084472656,NCLH
2019-01-08,45.68000030517578,44.5,44.97999954223633,45.029998779296875,2224900,45.029998779296875,NCLH
2019-01-09,46.04999923706055,45.029998779296875,45.630001068115234,45.7400016784668,1882600,45.7400016784668,NCLH
2019-01-10,46.2400016784668,44.970001220703125,45.349998474121094,46.16999816894531,1700900,46.16999816894531,NCLH
2019-01-11,46.40999984741211,45.779998779296875,45.9900016784668,46.189998626708984,1611700,46.189998626708984,NCLH
2019-01-14,46.099998474121094,45.41999816894531,45.70000076293945,45.540000915527344,1276300,45.540000915527344,NCLH
2019-01-15,46.15999984741211,45.459999084472656,45.540000915527344,46.029998779296875,1562800,46.029998779296875,NCLH
2019-01-16,46.34000015258789,45.47999954223633,45.93000030517578,45.849998474121094,1884600,45.849998474121094,NCLH
2019-01-17,46.9900016784668,45.59000015258789,45.66999816894531,46.790000915527344,1695500,46.790000915527344,NCLH
2019-01-18,47.61000061035156,46.90999984741211,47.04999923706055,47.529998779296875,2390700,47.529998779296875,NCLH
2019-01-22,47.369998931884766,46.25,47.18000030517578,46.599998474121094,1844700,46.599998474121094,NCLH
2019-01-23,47.08000183105469,46.08000183105469,46.779998779296875,46.720001220703125,1317100,46.720001220703125,NCLH
2019-01-24,47.31999969482422,46.720001220703125,46.86000061035156,46.9900016784668,966600,46.9900016784668,NCLH
2019-01-25,47.9900016784668,47.349998474121094,47.689998626708984,47.93000030517578,1192300,47.93000030517578,NCLH
2019-01-28,48.59000015258789,47.25,47.290000915527344,48.369998931884766,3226700,48.369998931884766,NCLH
2019-01-29,48.93000030517578,48.04999923706055,48.439998626708984,48.720001220703125,3060800,48.720001220703125,NCLH
2019-01-30,51.15999984741211,49.31999969482422,49.72999954223633,50.849998474121094,6069300,50.849998474121094,NCLH
2019-01-31,51.79999923706055,50.43000030517578,50.56999969482422,51.43000030517578,3760900,51.43000030517578,NCLH
2019-02-01,51.970001220703125,51.290000915527344,51.400001525878906,51.470001220703125,2196800,51.470001220703125,NCLH
2019-02-04,52.11000061035156,51.33000183105469,51.33000183105469,52.08000183105469,2140600,52.08000183105469,NCLH
2019-02-05,52.459999084472656,51.54999923706055,52.20000076293945,51.810001373291016,1631600,51.810001373291016,NCLH
2019-02-06,53.18000030517578,52.189998626708984,53.040000915527344,52.619998931884766,1911000,52.619998931884766,NCLH
2019-02-07,52.099998474121094,50.65999984741211,52.09000015258789,51.349998474121094,1766000,51.349998474121094,NCLH
2019-02-08,51.45000076293945,50.84000015258789,50.84000015258789,51.310001373291016,1324200,51.310001373291016,NCLH
2019-02-11,52.02000045776367,51.349998474121094,51.54999923706055,51.880001068115234,828400,51.880001068115234,NCLH
2019-02-12,52.45000076293945,51.599998474121094,52.22999954223633,51.81999969482422,1477800,51.81999969482422,NCLH
2019-02-13,52.900001525878906,52.06999969482422,52.5,52.540000915527344,1416900,52.540000915527344,NCLH
2019-02-14,52.38999938964844,51.70000076293945,52.13999938964844,52.189998626708984,909400,52.189998626708984,NCLH
2019-02-15,53.029998779296875,52.11000061035156,52.599998474121094,53.029998779296875,1943400,53.029998779296875,NCLH
2019-02-19,53.779998779296875,52.959999084472656,53.77000045776367,53.380001068115234,2145800,53.380001068115234,NCLH
2019-02-20,53.900001525878906,53.119998931884766,53.22999954223633,53.70000076293945,2155600,53.70000076293945,NCLH
2019-02-21,55.93000030517578,54.75,54.75,55.52000045776367,3847200,55.52000045776367,NCLH
2019-02-22,55.970001220703125,55.15999984741211,55.70000076293945,55.349998474121094,3815300,55.349998474121094,NCLH
2019-02-25,56.43000030517578,55.33000183105469,56.2599983215332,55.939998626708984,3708800,55.939998626708984,NCLH
2019-02-26,56.099998474121094,55.439998626708984,55.970001220703125,55.56999969482422,3056300,55.56999969482422,NCLH
2019-02-27,55.599998474121094,54.619998931884766,55.369998931884766,54.91999816894531,3125200,54.91999816894531,NCLH
2019-02-28,55.90999984741211,54.540000915527344,54.779998779296875,55.529998779296875,3249800,55.529998779296875,NCLH
2019-03-01,56.29999923706055,55.04999923706055,55.959999084472656,55.27000045776367,1663600,55.27000045776367,NCLH
2019-03-04,55.619998931884766,54.29999923706055,55.290000915527344,54.599998474121094,1790000,54.599998474121094,NCLH
2019-03-05,55.63999938964844,54.58000183105469,54.63999938964844,55.45000076293945,2581600,55.45000076293945,NCLH
2019-03-06,55.63999938964844,54.970001220703125,55.540000915527344,55.119998931884766,2545100,55.119998931884766,NCLH
2019-03-07,55.06999969482422,54.29999923706055,54.869998931884766,54.65999984741211,2682900,54.65999984741211,NCLH
2019-03-08,55.040000915527344,54.040000915527344,54.22999954223633,55.0099983215332,1857600,55.0099983215332,NCLH
2019-03-11,55.79999923706055,55.029998779296875,55.060001373291016,55.459999084472656,2049600,55.459999084472656,NCLH
2019-03-12,55.709999084472656,54.79999923706055,55.52000045776367,55.349998474121094,1685400,55.349998474121094,NCLH
2019-03-13,55.959999084472656,54.79999923706055,55.599998474121094,55.08000183105469,1646200,55.08000183105469,NCLH
2019-03-14,55.33000183105469,54.560001373291016,54.970001220703125,55.15999984741211,1550100,55.15999984741211,NCLH
2019-03-15,55.869998931884766,54.84000015258789,55.13999938964844,55.54999923706055,2326500,55.54999923706055,NCLH
2019-03-18,56.15999984741211,55.470001220703125,55.7400016784668,56.15999984741211,1337300,56.15999984741211,NCLH
2019-03-19,56.54999923706055,55.790000915527344,56.209999084472656,56.11000061035156,1717800,56.11000061035156,NCLH
2019-03-20,56.15999984741211,55.060001373291016,55.970001220703125,55.869998931884766,2656000,55.869998931884766,NCLH
2019-03-21,56.66999816894531,55.56999969482422,55.58000183105469,56.5,1502300,56.5,NCLH
2019-03-22,56.560001373291016,55.380001068115234,56.349998474121094,55.619998931884766,2998300,55.619998931884766,NCLH
2019-03-25,55.75,54.77000045776367,55.529998779296875,55.16999816894531,1977600,55.16999816894531,NCLH
2019-03-26,55.34000015258789,53.2599983215332,53.310001373291016,54.47999954223633,3147900,54.47999954223633,NCLH
2019-03-27,54.7599983215332,53.540000915527344,54.650001525878906,53.939998626708984,2322300,53.939998626708984,NCLH
2019-03-28,54.72999954223633,53.900001525878906,53.970001220703125,54.33000183105469,1770700,54.33000183105469,NCLH
2019-03-29,55.130001068115234,54.209999084472656,54.65999984741211,54.959999084472656,2577900,54.959999084472656,NCLH
2019-04-01,56.2400016784668,55.41999816894531,55.470001220703125,56.11000061035156,1708300,56.11000061035156,NCLH
2019-04-02,56.560001373291016,55.650001525878906,56.029998779296875,56.5,1321000,56.5,NCLH
2019-04-03,57.0,56.58000183105469,56.810001373291016,56.7599983215332,1016900,56.7599983215332,NCLH
2019-04-04,57.09000015258789,56.66999816894531,56.84000015258789,56.72999954223633,1175300,56.72999954223633,NCLH
2019-04-05,57.41999816894531,56.81999969482422,56.88999938964844,57.130001068115234,1469900,57.130001068115234,NCLH
2019-04-08,57.310001373291016,56.52000045776367,57.099998474121094,57.290000915527344,2000900,57.290000915527344,NCLH
2019-04-09,57.0,55.65999984741211,56.9900016784668,55.880001068115234,1569100,55.880001068115234,NCLH
2019-04-10,56.689998626708984,55.70000076293945,55.959999084472656,56.5,1292900,56.5,NCLH
2019-04-11,57.68000030517578,56.709999084472656,56.77000045776367,57.47999954223633,1906600,57.47999954223633,NCLH
2019-04-12,58.810001373291016,57.93000030517578,57.959999084472656,58.599998474121094,2154200,58.599998474121094,NCLH
2019-04-15,58.900001525878906,58.13999938964844,58.689998626708984,58.66999816894531,2460500,58.66999816894531,NCLH
2019-04-16,59.63999938964844,58.900001525878906,58.91999816894531,59.560001373291016,1558900,59.560001373291016,NCLH
2019-04-17,59.709999084472656,57.630001068115234,59.4900016784668,57.84000015258789,2661800,57.84000015258789,NCLH
2019-04-18,57.939998626708984,56.599998474121094,57.7599983215332,56.91999816894531,2784600,56.91999816894531,NCLH
2019-04-22,56.779998779296875,56.220001220703125,56.56999969482422,56.599998474121094,988500,56.599998474121094,NCLH
2019-04-23,57.43000030517578,56.439998626708984,56.7400016784668,57.29999923706055,1569600,57.29999923706055,NCLH
2019-04-24,57.5099983215332,56.790000915527344,57.220001220703125,56.97999954223633,1627500,56.97999954223633,NCLH
2019-04-25,57.150001525878906,56.36000061035156,57.0,56.79999923706055,1518400,56.79999923706055,NCLH
2019-04-26,57.470001220703125,56.7400016784668,56.970001220703125,57.27000045776367,1469600,57.27000045776367,NCLH
2019-04-29,57.61000061035156,57.060001373291016,57.29999923706055,57.08000183105469,1389700,57.08000183105469,NCLH
2019-04-30,57.13999938964844,56.11000061035156,57.13999938964844,56.38999938964844,2274500,56.38999938964844,NCLH
2019-05-01,59.599998474121094,57.91999816894531,58.709999084472656,58.0,3898700,58.0,NCLH
2019-05-02,57.79999923706055,56.58000183105469,57.66999816894531,56.900001525878906,2163600,56.900001525878906,NCLH
2019-05-03,58.43000030517578,57.02000045776367,57.11000061035156,58.25,2403100,58.25,NCLH
2019-05-06,58.56999969482422,56.959999084472656,57.040000915527344,58.290000915527344,1942300,58.290000915527344,NCLH
2019-05-07,58.0099983215332,56.689998626708984,57.689998626708984,57.189998626708984,1733300,57.189998626708984,NCLH
2019-05-08,57.61000061035156,56.790000915527344,57.040000915527344,57.34000015258789,2909100,57.34000015258789,NCLH
2019-05-09,58.2599983215332,55.77000045776367,58.0,57.59000015258789,3546800,57.59000015258789,NCLH
2019-05-10,58.400001525878906,55.91999816894531,57.630001068115234,57.900001525878906,2560100,57.900001525878906,NCLH
2019-05-13,57.02000045776367,55.09000015258789,57.02000045776367,55.290000915527344,3309300,55.290000915527344,NCLH
2019-05-14,56.900001525878906,55.41999816894531,55.5,56.29999923706055,2938600,56.29999923706055,NCLH
2019-05-15,56.95000076293945,55.38999938964844,55.77000045776367,56.72999954223633,1511000,56.72999954223633,NCLH
2019-05-16,57.869998931884766,56.7599983215332,57.0,57.54999923706055,1262200,57.54999923706055,NCLH
2019-05-17,57.77000045776367,56.75,56.790000915527344,56.91999816894531,1255400,56.91999816894531,NCLH
2019-05-20,56.099998474121094,55.630001068115234,56.0,55.88999938964844,1492200,55.88999938964844,NCLH
2019-05-21,56.970001220703125,56.29999923706055,56.380001068115234,56.77000045776367,2098200,56.77000045776367,NCLH
2019-05-22,56.9900016784668,56.29999923706055,56.40999984741211,56.810001373291016,1133600,56.810001373291016,NCLH
2019-05-23,56.43000030517578,55.189998626708984,56.060001373291016,55.54999923706055,1444400,55.54999923706055,NCLH
2019-05-24,56.189998626708984,55.31999969482422,56.0,55.380001068115234,1175600,55.380001068115234,NCLH
2019-05-28,55.83000183105469,55.02000045776367,55.47999954223633,55.220001220703125,1258700,55.220001220703125,NCLH
2019-05-29,55.36000061035156,54.380001068115234,55.0,54.65999984741211,1888400,54.65999984741211,NCLH
2019-05-30,55.34000015258789,54.779998779296875,54.880001068115234,55.15999984741211,711600,55.15999984741211,NCLH
2019-05-31,54.93000030517578,54.27000045776367,54.5,54.709999084472656,1002100,54.709999084472656,NCLH
2019-06-03,54.869998931884766,53.97999954223633,54.63999938964844,54.29999923706055,1790700,54.29999923706055,NCLH
2019-06-04,54.40999984741211,51.560001373291016,53.959999084472656,54.2599983215332,5897000,54.2599983215332,NCLH
2019-06-05,53.83000183105469,51.25,53.36000061035156,52.380001068115234,6167200,52.380001068115234,NCLH
2019-06-06,52.279998779296875,51.029998779296875,52.04999923706055,51.939998626708984,3791300,51.939998626708984,NCLH
2019-06-07,53.66999816894531,51.0099983215332,51.70000076293945,52.59000015258789,2570000,52.59000015258789,NCLH
2019-06-10,54.02000045776367,52.529998779296875,52.59000015258789,53.83000183105469,2294700,53.83000183105469,NCLH
2019-06-11,54.380001068115234,53.540000915527344,54.130001068115234,53.59000015258789,1775600,53.59000015258789,NCLH
2019-06-12,53.95000076293945,53.11000061035156,53.43000030517578,53.84000015258789,1270700,53.84000015258789,NCLH
2019-06-13,53.90999984741211,53.20000076293945,53.81999969482422,53.720001220703125,1288200,53.720001220703125,NCLH
2019-06-14,54.540000915527344,53.59000015258789,53.779998779296875,54.279998779296875,1634400,54.279998779296875,NCLH
2019-06-17,54.40999984741211,53.0099983215332,54.22999954223633,53.040000915527344,1790200,53.040000915527344,NCLH
2019-06-18,54.2400016784668,53.220001220703125,53.459999084472656,53.75,2019700,53.75,NCLH
2019-06-19,54.0099983215332,53.470001220703125,54.0,53.90999984741211,1022100,53.90999984741211,NCLH
2019-06-20,53.189998626708984,51.630001068115234,52.0,52.560001373291016,3373500,52.560001373291016,NCLH
2019-06-21,52.040000915527344,51.09000015258789,52.040000915527344,51.11000061035156,3530100,51.11000061035156,NCLH
2019-06-24,51.16999816894531,49.880001068115234,50.90999984741211,50.83000183105469,3243300,50.83000183105469,NCLH
2019-06-25,51.189998626708984,50.369998931884766,50.70000076293945,50.86000061035156,2240900,50.86000061035156,NCLH
2019-06-26,51.33000183105469,50.33000183105469,51.16999816894531,50.40999984741211,1624200,50.40999984741211,NCLH
2019-06-27,51.869998931884766,50.279998779296875,50.4900016784668,51.84000015258789,1531500,51.84000015258789,NCLH
2019-06-28,53.630001068115234,51.849998474121094,51.900001525878906,53.630001068115234,3881100,53.630001068115234,NCLH
2019-07-01,54.29999923706055,52.65999984741211,54.29999923706055,52.81999969482422,2564000,52.81999969482422,NCLH
2019-07-02,53.72999954223633,52.619998931884766,52.970001220703125,53.72999954223633,1841200,53.72999954223633,NCLH
2019-07-03,53.869998931884766,52.349998474121094,53.560001373291016,52.7599983215332,1739400,52.7599983215332,NCLH
2019-07-05,52.790000915527344,51.84000015258789,52.72999954223633,51.95000076293945,1347200,51.95000076293945,NCLH
2019-07-08,51.7400016784668,50.04999923706055,51.650001525878906,50.25,2458100,50.25,NCLH
2019-07-09,50.779998779296875,49.54999923706055,50.0099983215332,50.7599983215332,2464500,50.7599983215332,NCLH
2019-07-10,51.04999923706055,49.54999923706055,50.970001220703125,49.650001525878906,3089200,49.650001525878906,NCLH
2019-07-11,49.790000915527344,48.900001525878906,49.650001525878906,49.619998931884766,2446000,49.619998931884766,NCLH
2019-07-12,49.91999816894531,49.369998931884766,49.63999938964844,49.790000915527344,1249600,49.790000915527344,NCLH
2019-07-15,50.72999954223633,49.900001525878906,49.900001525878906,50.36000061035156,1393100,50.36000061035156,NCLH
2019-07-16,51.130001068115234,50.029998779296875,50.27000045776367,50.81999969482422,2962300,50.81999969482422,NCLH
2019-07-17,50.869998931884766,49.290000915527344,50.869998931884766,49.400001525878906,1861800,49.400001525878906,NCLH
2019-07-18,49.66999816894531,48.95000076293945,49.150001525878906,49.279998779296875,1066600,49.279998779296875,NCLH
2019-07-19,49.81999969482422,48.540000915527344,49.540000915527344,48.599998474121094,1509100,48.599998474121094,NCLH
2019-07-22,48.880001068115234,47.849998474121094,48.5099983215332,47.91999816894531,3108400,47.91999816894531,NCLH
2019-07-23,48.560001373291016,47.7400016784668,48.13999938964844,48.45000076293945,3248500,48.45000076293945,NCLH
2019-07-24,49.619998931884766,48.18000030517578,48.40999984741211,49.459999084472656,3016800,49.459999084472656,NCLH
2019-07-25,49.66999816894531,48.470001220703125,48.68000030517578,48.7599983215332,2010400,48.7599983215332,NCLH
2019-07-26,49.560001373291016,48.93000030517578,49.20000076293945,49.040000915527344,1191800,49.040000915527344,NCLH
2019-07-29,49.33000183105469,48.88999938964844,48.9900016784668,49.099998474121094,949800,49.099998474121094,NCLH
2019-07-30,48.95000076293945,48.45000076293945,48.63999938964844,48.5,1604500,48.5,NCLH
2019-07-31,49.70000076293945,48.38999938964844,48.540000915527344,49.439998626708984,3470700,49.439998626708984,NCLH
2019-08-01,49.90999984741211,48.40999984741211,49.47999954223633,48.56999969482422,3272300,48.56999969482422,NCLH
2019-08-02,48.33000183105469,47.0,48.29999923706055,47.45000076293945,2341200,47.45000076293945,NCLH
2019-08-05,46.560001373291016,45.63999938964844,46.400001525878906,46.04999923706055,2309100,46.04999923706055,NCLH
2019-08-06,46.939998626708984,45.93000030517578,46.349998474121094,46.91999816894531,2884600,46.91999816894531,NCLH
2019-08-07,47.880001068115234,46.150001525878906,46.45000076293945,47.63999938964844,4154700,47.63999938964844,NCLH
2019-08-08,49.36000061035156,46.810001373291016,47.349998474121094,48.599998474121094,4443800,48.599998474121094,NCLH
2019-08-09,50.13999938964844,49.0,49.380001068115234,49.65999984741211,3796700,49.65999984741211,NCLH
2019-08-12,49.83000183105469,48.869998931884766,49.310001373291016,49.83000183105469,2655300,49.83000183105469,NCLH
2019-08-13,50.720001220703125,48.41999816894531,48.68000030517578,50.439998626708984,3277100,50.439998626708984,NCLH
2019-08-14,50.099998474121094,48.779998779296875,49.720001220703125,48.90999984741211,3365600,48.90999984741211,NCLH
2019-08-15,49.54999923706055,48.84000015258789,49.060001373291016,49.11000061035156,2027300,49.11000061035156,NCLH
2019-08-16,50.63999938964844,49.470001220703125,49.61000061035156,50.47999954223633,1958900,50.47999954223633,NCLH
2019-08-19,51.650001525878906,51.02000045776367,51.31999969482422,51.349998474121094,2113000,51.349998474121094,NCLH
2019-08-20,51.400001525878906,50.79999923706055,51.209999084472656,50.97999954223633,1537300,50.97999954223633,NCLH
2019-08-21,51.470001220703125,50.709999084472656,51.470001220703125,50.900001525878906,1241300,50.900001525878906,NCLH
2019-08-22,50.9900016784668,50.15999984741211,50.79999923706055,50.5,1687500,50.5,NCLH
2019-08-23,50.880001068115234,49.56999969482422,50.36000061035156,49.720001220703125,2823500,49.720001220703125,NCLH
2019-08-26,50.34000015258789,49.310001373291016,50.150001525878906,49.47999954223633,1495100,49.47999954223633,NCLH
2019-08-27,49.959999084472656,49.0,49.86000061035156,49.09000015258789,2508000,49.09000015258789,NCLH
2019-08-28,49.93000030517578,48.540000915527344,48.93000030517578,49.56999969482422,1282500,49.56999969482422,NCLH
2019-08-29,50.459999084472656,49.91999816894531,50.0,50.22999954223633,1088200,50.22999954223633,NCLH
2019-08-30,50.880001068115234,50.38999938964844,50.52000045776367,50.75,2610400,50.75,NCLH
2019-09-03,50.59000015258789,49.439998626708984,50.27000045776367,50.58000183105469,1890500,50.58000183105469,NCLH
2019-09-04,51.619998931884766,50.7599983215332,51.0,51.040000915527344,1199400,51.040000915527344,NCLH
2019-09-05,52.36000061035156,51.4900016784668,51.529998779296875,52.310001373291016,1941900,52.310001373291016,NCLH
2019-09-06,52.470001220703125,51.79999923706055,52.38999938964844,52.119998931884766,1557900,52.119998931884766,NCLH
2019-09-09,52.959999084472656,52.439998626708984,52.439998626708984,52.939998626708984,2028600,52.939998626708984,NCLH
2019-09-10,54.689998626708984,52.849998474121094,53.02000045776367,54.66999816894531,3031100,54.66999816894531,NCLH
2019-09-11,55.18000030517578,53.970001220703125,54.61000061035156,54.599998474121094,1476300,54.599998474121094,NCLH
2019-09-12,55.029998779296875,53.599998474121094,54.869998931884766,54.41999816894531,1577000,54.41999816894531,NCLH
2019-09-13,55.75,54.540000915527344,54.83000183105469,54.68000030517578,1547400,54.68000030517578,NCLH
2019-09-16,54.529998779296875,53.119998931884766,53.619998931884766,53.34000015258789,2268100,53.34000015258789,NCLH
2019-09-17,54.34000015258789,52.720001220703125,53.0,53.959999084472656,1687800,53.959999084472656,NCLH
2019-09-18,54.13999938964844,53.33000183105469,53.81999969482422,53.880001068115234,1744200,53.880001068115234,NCLH
2019-09-19,54.40999984741211,53.77000045776367,54.209999084472656,53.77000045776367,1391800,53.77000045776367,NCLH
2019-09-20,54.33000183105469,53.2400016784668,54.060001373291016,53.66999816894531,1724000,53.66999816894531,NCLH
2019-09-23,53.720001220703125,52.79999923706055,53.36000061035156,53.5099983215332,1415900,53.5099983215332,NCLH
2019-09-24,54.40999984741211,52.95000076293945,53.72999954223633,53.11000061035156,1631800,53.11000061035156,NCLH
2019-09-25,53.369998931884766,52.130001068115234,52.84000015258789,53.29999923706055,1293000,53.29999923706055,NCLH
2019-09-26,52.0099983215332,50.650001525878906,51.869998931884766,51.2599983215332,1664300,51.2599983215332,NCLH
2019-09-27,52.08000183105469,50.5,51.47999954223633,51.02000045776367,1295900,51.02000045776367,NCLH
2019-09-30,52.06999969482422,51.220001220703125,51.34000015258789,51.77000045776367,1143600,51.77000045776367,NCLH
2019-10-01,52.529998779296875,50.41999816894531,52.0,50.7599983215332,1249000,50.7599983215332,NCLH
2019-10-02,50.93000030517578,49.130001068115234,50.470001220703125,49.13999938964844,2122500,49.13999938964844,NCLH
2019-10-03,49.20000076293945,47.83000183105469,48.84000015258789,48.13999938964844,3425100,48.13999938964844,NCLH
2019-10-04,48.66999816894531,47.7400016784668,48.119998931884766,48.439998626708984,2518500,48.439998626708984,NCLH
2019-10-07,49.189998626708984,48.060001373291016,48.439998626708984,48.560001373291016,1174700,48.560001373291016,NCLH
2019-10-08,48.220001220703125,47.099998474121094,48.130001068115234,47.16999816894531,1410000,47.16999816894531,NCLH
2019-10-09,47.619998931884766,46.959999084472656,47.5,47.209999084472656,1307100,47.209999084472656,NCLH
2019-10-10,48.31999969482422,47.29999923706055,47.349998474121094,48.09000015258789,1157800,48.09000015258789,NCLH
2019-10-11,49.86000061035156,48.779998779296875,48.900001525878906,49.15999984741211,1052900,49.15999984741211,NCLH
2019-10-14,49.540000915527344,48.79999923706055,48.88999938964844,49.33000183105469,739100,49.33000183105469,NCLH
2019-10-15,50.220001220703125,49.41999816894531,49.5,49.61000061035156,1250900,49.61000061035156,NCLH
2019-10-16,49.849998474121094,49.130001068115234,49.68000030517578,49.33000183105469,896100,49.33000183105469,NCLH
2019-10-17,50.5,49.22999954223633,49.43000030517578,49.779998779296875,1363500,49.779998779296875,NCLH
2019-10-18,50.38999938964844,49.56999969482422,49.56999969482422,50.209999084472656,1496100,50.209999084472656,NCLH
2019-10-21,51.47999954223633,50.65999984741211,50.97999954223633,50.95000076293945,2047200,50.95000076293945,NCLH
2019-10-22,51.06999969482422,49.95000076293945,51.06999969482422,49.970001220703125,909600,49.970001220703125,NCLH
2019-10-23,50.70000076293945,49.7599983215332,49.97999954223633,50.689998626708984,875000,50.689998626708984,NCLH
2019-10-24,51.31999969482422,50.66999816894531,50.790000915527344,50.970001220703125,1366200,50.970001220703125,NCLH
2019-10-25,51.65999984741211,50.7400016784668,50.7400016784668,51.470001220703125,928400,51.470001220703125,NCLH
2019-10-28,52.33000183105469,51.529998779296875,51.529998779296875,51.88999938964844,1084200,51.88999938964844,NCLH
2019-10-29,52.63999938964844,51.72999954223633,52.04999923706055,52.619998931884766,1821700,52.619998931884766,NCLH
2019-10-30,53.150001525878906,50.75,53.060001373291016,51.189998626708984,3017400,51.189998626708984,NCLH
2019-10-31,50.970001220703125,49.970001220703125,50.959999084472656,50.7599983215332,1722800,50.7599983215332,NCLH
2019-11-01,51.47999954223633,50.689998626708984,51.119998931884766,51.33000183105469,1383600,51.33000183105469,NCLH
2019-11-04,52.29999923706055,51.33000183105469,51.709999084472656,52.290000915527344,1224500,52.290000915527344,NCLH
2019-11-05,52.7400016784668,51.95000076293945,52.36000061035156,52.4900016784668,2509900,52.4900016784668,NCLH
2019-11-06,52.77000045776367,51.52000045776367,52.75,52.060001373291016,2753600,52.060001373291016,NCLH
2019-11-07,54.0,50.04999923706055,53.209999084472656,52.220001220703125,3215300,52.220001220703125,NCLH
2019-11-08,52.279998779296875,51.18000030517578,51.959999084472656,51.81999969482422,1945000,51.81999969482422,NCLH
2019-11-11,52.150001525878906,51.459999084472656,51.560001373291016,51.91999816894531,1076100,51.91999816894531,NCLH
2019-11-12,52.16999816894531,51.119998931884766,52.0,51.2599983215332,1694700,51.2599983215332,NCLH
2019-11-13,52.209999084472656,50.83000183105469,50.9900016784668,52.119998931884766,1437700,52.119998931884766,NCLH
2019-11-14,52.66999816894531,51.59000015258789,52.060001373291016,52.40999984741211,1291100,52.40999984741211,NCLH
2019-11-15,53.2400016784668,52.47999954223633,52.61000061035156,53.060001373291016,1532300,53.060001373291016,NCLH
2019-11-18,53.54999923706055,52.560001373291016,53.099998474121094,53.4900016784668,1242000,53.4900016784668,NCLH
2019-11-19,54.27000045776367,53.5099983215332,53.70000076293945,53.65999984741211,1912900,53.65999984741211,NCLH
2019-11-20,53.61000061035156,52.529998779296875,53.290000915527344,52.779998779296875,2196100,52.779998779296875,NCLH
2019-11-21,53.5,52.2599983215332,52.47999954223633,53.41999816894531,3269400,53.41999816894531,NCLH
2019-11-22,54.31999969482422,53.599998474121094,53.75,54.0099983215332,1667500,54.0099983215332,NCLH
2019-11-25,54.52000045776367,53.91999816894531,54.36000061035156,53.970001220703125,1143700,53.970001220703125,NCLH
2019-11-26,54.439998626708984,53.779998779296875,53.900001525878906,53.93000030517578,2092100,53.93000030517578,NCLH
2019-11-27,54.709999084472656,53.939998626708984,54.29999923706055,54.63999938964844,1075300,54.63999938964844,NCLH
2019-11-29,54.66999816894531,53.58000183105469,54.43000030517578,53.63999938964844,606600,53.63999938964844,NCLH
2019-12-02,53.970001220703125,52.97999954223633,53.70000076293945,53.150001525878906,1197200,53.150001525878906,NCLH
2019-12-03,52.9900016784668,52.099998474121094,52.34000015258789,52.86000061035156,1695700,52.86000061035156,NCLH
2019-12-04,53.810001373291016,52.86000061035156,52.86000061035156,53.61000061035156,1256900,53.61000061035156,NCLH
2019-12-05,54.38999938964844,53.880001068115234,53.970001220703125,54.25,1159500,54.25,NCLH
2019-12-06,55.18000030517578,54.5,54.7599983215332,54.709999084472656,1310200,54.709999084472656,NCLH
2019-12-09,54.9900016784668,54.529998779296875,54.75,54.86000061035156,813300,54.86000061035156,NCLH
2019-12-10,54.86000061035156,54.349998474121094,54.790000915527344,54.779998779296875,906800,54.779998779296875,NCLH
2019-12-11,55.66999816894531,54.900001525878906,55.0,55.40999984741211,1250200,55.40999984741211,NCLH
2019-12-12,56.2599983215332,55.209999084472656,55.45000076293945,56.130001068115234,1403400,56.130001068115234,NCLH
2019-12-13,56.720001220703125,55.650001525878906,56.2599983215332,55.779998779296875,1057700,55.779998779296875,NCLH
2019-12-16,56.36000061035156,55.189998626708984,56.36000061035156,55.220001220703125,1468200,55.220001220703125,NCLH
2019-12-17,55.47999954223633,54.79999923706055,55.2400016784668,55.27000045776367,1470300,55.27000045776367,NCLH
2019-12-18,55.31999969482422,54.59000015258789,55.31999969482422,54.83000183105469,1594000,54.83000183105469,NCLH
2019-12-19,55.7400016784668,54.790000915527344,54.790000915527344,55.34000015258789,2071800,55.34000015258789,NCLH
2019-12-20,57.97999954223633,56.0,56.029998779296875,57.560001373291016,2974800,57.560001373291016,NCLH
2019-12-23,58.529998779296875,57.36000061035156,57.52000045776367,58.5099983215332,1972200,58.5099983215332,NCLH
2019-12-24,58.56999969482422,58.040000915527344,58.56999969482422,58.380001068115234,497100,58.380001068115234,NCLH
2019-12-26,59.130001068115234,58.099998474121094,58.47999954223633,59.11000061035156,909400,59.11000061035156,NCLH
2019-12-27,59.34000015258789,58.810001373291016,59.20000076293945,59.11000061035156,842600,59.11000061035156,NCLH
2019-12-30,59.11000061035156,58.25,59.099998474121094,58.59000015258789,609700,58.59000015258789,NCLH
2019-12-31,58.650001525878906,58.279998779296875,58.5,58.40999984741211,940600,58.40999984741211,NCLH
2020-01-02,59.11000061035156,58.150001525878906,58.790000915527344,58.83000183105469,977700,58.83000183105469,NCLH
2020-01-03,58.220001220703125,57.25,57.7400016784668,57.599998474121094,1611800,57.599998474121094,NCLH
2020-01-06,57.27000045776367,56.52000045776367,57.08000183105469,56.79999923706055,2302500,56.79999923706055,NCLH
2020-01-07,57.27000045776367,56.47999954223633,56.54999923706055,56.970001220703125,1623100,56.970001220703125,NCLH
2020-01-08,57.91999816894531,56.91999816894531,57.029998779296875,57.56999969482422,1187300,57.56999969482422,NCLH
2020-01-09,58.130001068115234,57.52000045776367,58.060001373291016,58.060001373291016,782900,58.060001373291016,NCLH
2020-01-10,58.38999938964844,57.56999969482422,58.22999954223633,57.959999084472656,1051900,57.959999084472656,NCLH
2020-01-13,58.0099983215332,57.29999923706055,57.97999954223633,57.84000015258789,1357200,57.84000015258789,NCLH
2020-01-14,58.09000015258789,57.68000030517578,57.77000045776367,57.900001525878906,1147400,57.900001525878906,NCLH
2020-01-15,58.25,57.150001525878906,57.869998931884766,57.540000915527344,1212400,57.540000915527344,NCLH
2020-01-16,58.61000061035156,57.689998626708984,57.75,58.58000183105469,1305200,58.58000183105469,NCLH
2020-01-17,59.779998779296875,58.540000915527344,58.849998474121094,59.650001525878906,1701100,59.650001525878906,NCLH
2020-01-21,59.029998779296875,57.56999969482422,59.0,57.95000076293945,2252800,57.95000076293945,NCLH
2020-01-22,58.68000030517578,57.47999954223633,58.130001068115234,57.630001068115234,3227200,57.630001068115234,NCLH
2020-01-23,58.279998779296875,55.91999816894531,56.79999923706055,58.220001220703125,1323800,58.220001220703125,NCLH
2020-01-24,58.119998931884766,55.22999954223633,58.119998931884766,55.84000015258789,2244700,55.84000015258789,NCLH
2020-01-27,54.59000015258789,53.099998474121094,53.119998931884766,54.15999984741211,2779200,54.15999984741211,NCLH
2020-01-28,55.63999938964844,54.41999816894531,54.81999969482422,55.0,1484700,55.0,NCLH
2020-01-29,56.220001220703125,55.130001068115234,55.15999984741211,56.02000045776367,1430400,56.02000045776367,NCLH
2020-01-30,55.290000915527344,52.77000045776367,53.130001068115234,54.79999923706055,3359700,54.79999923706055,NCLH
2020-01-31,54.90999984741211,53.40999984741211,54.75,53.849998474121094,2146700,53.849998474121094,NCLH
2020-02-03,54.66999816894531,52.75,54.189998626708984,54.189998626708984,2456100,54.189998626708984,NCLH
2020-02-04,55.68000030517578,54.650001525878906,55.43000030517578,54.75,1984800,54.75,NCLH
2020-02-05,55.630001068115234,54.900001525878906,55.16999816894531,55.11000061035156,2200200,55.11000061035156,NCLH
2020-02-06,55.849998474121094,55.08000183105469,55.779998779296875,55.099998474121094,1596500,55.099998474121094,NCLH
2020-02-07,54.040000915527344,52.310001373291016,53.4900016784668,52.810001373291016,2369900,52.810001373291016,NCLH
2020-02-10,52.25,50.970001220703125,52.25,51.0,2534900,51.0,NCLH
2020-02-11,52.90999984741211,51.310001373291016,51.599998474121094,52.4900016784668,2002800,52.4900016784668,NCLH
2020-02-12,54.279998779296875,52.84000015258789,52.849998474121094,54.209999084472656,1982900,54.209999084472656,NCLH
2020-02-13,53.63999938964844,52.90999984741211,53.40999984741211,53.43000030517578,2246200,53.43000030517578,NCLH
2020-02-14,53.0,52.439998626708984,52.439998626708984,52.459999084472656,2044500,52.459999084472656,NCLH
2020-02-18,52.349998474121094,51.4900016784668,52.09000015258789,51.689998626708984,2179300,51.689998626708984,NCLH
2020-02-19,52.349998474121094,51.70000076293945,51.70000076293945,52.02000045776367,2285700,52.02000045776367,NCLH
2020-02-20,51.58000183105469,48.369998931884766,51.4900016784668,48.5099983215332,5621400,48.5099983215332,NCLH
2020-02-21,48.15999984741211,46.849998474121094,48.119998931884766,46.970001220703125,4549900,46.970001220703125,NCLH
2020-02-24,44.650001525878906,42.18000030517578,44.4900016784668,42.58000183105469,6497100,42.58000183105469,NCLH
2020-02-25,43.060001373291016,39.18000030517578,42.95000076293945,39.310001373291016,5898800,39.310001373291016,NCLH
2020-02-26,39.56999969482422,36.15999984741211,39.560001373291016,36.209999084472656,8127700,36.209999084472656,NCLH
2020-02-27,37.09000015258789,33.16999816894531,35.06999969482422,34.7400016784668,10504600,34.7400016784668,NCLH
2020-02-28,37.2599983215332,33.209999084472656,33.279998779296875,37.2599983215332,9192400,37.2599983215332,NCLH
2020-03-02,37.099998474121094,33.97999954223633,37.099998474121094,35.59000015258789,7318900,35.59000015258789,NCLH
2020-03-03,35.900001525878906,33.08000183105469,35.38999938964844,33.619998931884766,5704600,33.619998931884766,NCLH
2020-03-04,34.25,31.469999313354492,34.25,33.0,7154900,33.0,NCLH
2020-03-05,31.3799991607666,28.0,31.309999465942383,28.59000015258789,8778700,28.59000015258789,NCLH
2020-03-06,30.25,26.549999237060547,27.399999618530273,27.100000381469727,12408800,27.100000381469727,NCLH
2020-03-09,24.09000015258789,19.709999084472656,23.93000030517578,19.809999465942383,12091800,19.809999465942383,NCLH
2020-03-10,22.25,17.1200008392334,22.239999771118164,20.5,21711700,20.5,NCLH
2020-03-11,19.450000762939453,14.779999732971191,19.360000610351562,15.029999732971191,21631700,15.029999732971191,NCLH
2020-03-12,13.430000305175781,9.600000381469727,11.489999771118164,9.649999618530273,29445000,9.649999618530273,NCLH
2020-03-13,13.600000381469727,9.869999885559082,13.329999923706055,11.100000381469727,43494100,11.100000381469727,NCLH
2020-03-16,13.40999984741211,10.100000381469727,10.460000038146973,10.9399995803833,35890800,10.9399995803833,NCLH
2020-03-17,11.619999885559082,9.829999923706055,11.510000228881836,10.029999732971191,25250500,10.029999732971191,NCLH
2020-03-18,9.989999771118164,7.03000020980835,9.729999542236328,7.769999980926514,24363500,7.769999980926514,NCLH
2020-03-19,8.850000381469727,7.25,8.029999732971191,8.229999542236328,16537300,8.229999542236328,NCLH
2020-03-20,10.979999542236328,8.229999542236328,9.09000015258789,8.720000267028809,27443900,8.720000267028809,NCLH
2020-03-23,10.59000015258789,8.4399995803833,8.949999809265137,9.670000076293945,27174100,9.670000076293945,NCLH
2020-03-24,15.760000228881836,11.300000190734863,12.0,13.75,46798300,13.75,NCLH
2020-03-25,18.0,14.329999923706055,17.149999618530273,16.959999084472656,47730700,16.959999084472656,NCLH
2020-03-26,20.280000686645508,15.0,16.799999237060547,15.710000038146973,51130200,15.710000038146973,NCLH
2020-03-27,14.3100004196167,12.010000228881836,14.3100004196167,12.020000457763672,44214100,12.020000457763672,NCLH
2020-03-30,11.84000015258789,9.819999694824219,11.109999656677246,10.680000305175781,32858300,10.680000305175781,NCLH
2020-03-31,12.399999618530273,10.40999984741211,10.539999961853027,10.960000038146973,35119800,10.960000038146973,NCLH
2020-04-01,10.59000015258789,9.449999809265137,10.5,9.550000190734863,31934400,9.550000190734863,NCLH
2020-04-02,9.899999618530273,8.079999923706055,9.15999984741211,8.399999618530273,33277200,8.399999618530273,NCLH
2020-04-03,9.25,8.119999885559082,9.0600004196167,8.460000038146973,24203800,8.460000038146973,NCLH
2020-04-06,10.180000305175781,8.800000190734863,9.199999809265137,10.010000228881836,40974200,10.010000228881836,NCLH
2020-04-07,13.0,10.359999656677246,12.270000457763672,11.010000228881836,56733100,11.010000228881836,NCLH
2020-04-08,11.949999809265137,10.90999984741211,11.460000038146973,11.720000267028809,28293100,11.720000267028809,NCLH
2020-04-09,14.180000305175781,12.25,12.720000267028809,13.109999656677246,53320000,13.109999656677246,NCLH
2020-04-13,12.050000190734863,11.0,12.050000190734863,11.359999656677246,34352100,11.359999656677246,NCLH
2020-04-14,12.979999542236328,11.630000114440918,12.489999771118164,12.350000381469727,38677100,12.350000381469727,NCLH
2020-04-15,12.25,11.390000343322754,11.600000381469727,12.079999923706055,20560300,12.079999923706055,NCLH
2020-04-16,12.140000343322754,11.130000114440918,11.9399995803833,11.350000381469727,20442300,11.350000381469727,NCLH
2020-04-17,12.5,11.800000190734863,12.199999809265137,12.380000114440918,25069500,12.380000114440918,NCLH
2020-04-20,12.300000190734863,11.460000038146973,11.960000038146973,11.489999771118164,26653400,11.489999771118164,NCLH
2020-04-21,11.569999694824219,10.8100004196167,11.100000381469727,11.0,22928600,11.0,NCLH
2020-04-22,11.470000267028809,10.649999618530273,11.300000190734863,10.869999885559082,18037600,10.869999885559082,NCLH
2020-04-23,11.6899995803833,10.920000076293945,10.949999809265137,11.470000267028809,23018700,11.470000267028809,NCLH
2020-04-24,11.479999542236328,10.65999984741211,11.369999885559082,10.859999656677246,22271600,10.859999656677246,NCLH
2020-04-27,11.869999885559082,10.90999984741211,11.039999961853027,11.4399995803833,28614000,11.4399995803833,NCLH
2020-04-28,13.380000114440918,11.930000305175781,12.329999923706055,13.09000015258789,37342600,13.09000015258789,NCLH
2020-04-29,16.459999084472656,14.079999923706055,14.4399995803833,16.40999984741211,62157700,16.40999984741211,NCLH
2020-04-30,17.479999542236328,15.180000305175781,16.219999313354492,16.399999618530273,57984400,16.399999618530273,NCLH
2020-05-01,15.739999771118164,13.699999809265137,15.25,13.84000015258789,43335600,13.84000015258789,NCLH
2020-05-04,14.479999542236328,12.220000267028809,12.569999694824219,14.4399995803833,39664500,14.4399995803833,NCLH
2020-05-05,13.220000267028809,11.029999732971191,12.75,11.180000305175781,155971800,11.180000305175781,NCLH
2020-05-06,11.9399995803833,10.880000114440918,11.789999961853027,11.119999885559082,128458000,11.119999885559082,NCLH
2020-05-07,12.5,11.390000343322754,11.399999618530273,12.0,82249000,12.0,NCLH
2020-05-08,13.130000114440918,12.0,12.829999923706055,12.430000305175781,76876100,12.430000305175781,NCLH
2020-05-11,12.289999961853027,11.529999732971191,12.15999984741211,11.729999542236328,42615400,11.729999542236328,NCLH
2020-05-12,11.960000038146973,11.069999694824219,11.890000343322754,11.09000015258789,36548900,11.09000015258789,NCLH
2020-05-13,11.029999732971191,9.899999618530273,11.0,10.3100004196167,55477600,10.3100004196167,NCLH
2020-05-14,11.329999923706055,9.239999771118164,9.9399995803833,10.760000228881836,68694300,10.760000228881836,NCLH
2020-05-15,11.369999885559082,10.319999694824219,10.520000457763672,10.920000076293945,45461300,10.920000076293945,NCLH
2020-05-18,13.470000267028809,11.760000228881836,11.880000114440918,12.880000114440918,104486300,12.880000114440918,NCLH
2020-05-19,13.149999618530273,11.880000114440918,12.920000076293945,12.430000305175781,65613300,12.430000305175781,NCLH
2020-05-20,13.010000228881836,12.079999923706055,12.760000228881836,12.779999732971191,63558500,12.779999732971191,NCLH
2020-05-21,14.350000381469727,12.8100004196167,12.960000038146973,14.029999732971191,77421100,14.029999732971191,NCLH
2020-05-22,15.0,13.720000267028809,14.720000267028809,13.899999618530273,65214400,13.899999618530273,NCLH
2020-05-26,16.170000076293945,15.25,15.359999656677246,16.030000686645508,76937900,16.030000686645508,NCLH
2020-05-27,17.84000015258789,15.829999923706055,17.760000228881836,17.59000015258789,102210000,17.59000015258789,NCLH
2020-05-28,17.440000534057617,15.930000305175781,17.3799991607666,16.06999969482422,78503000,16.06999969482422,NCLH
2020-05-29,16.059999465942383,15.050000190734863,15.279999732971191,15.65999984741211,77407100,15.65999984741211,NCLH
2020-06-01,17.350000381469727,15.710000038146973,15.880000114440918,17.290000915527344,62400000,17.290000915527344,NCLH
2020-06-02,18.290000915527344,16.969999313354492,17.979999542236328,17.389999389648438,62632200,17.389999389648438,NCLH
2020-06-03,18.43000030517578,16.700000762939453,16.799999237060547,17.979999542236328,78460800,17.979999542236328,NCLH
2020-06-04,20.0,17.389999389648438,18.15999984741211,19.59000015258789,88301400,19.59000015258789,NCLH
2020-06-05,24.290000915527344,21.600000381469727,24.209999084472656,22.43000030517578,109690000,22.43000030517578,NCLH
2020-06-08,26.90999984741211,24.0,25.280000686645508,26.860000610351562,105202600,26.860000610351562,NCLH
2020-06-09,25.5,23.149999618530273,25.049999237060547,24.1299991607666,85767900,24.1299991607666,NCLH
2020-06-10,22.709999084472656,19.399999618530273,22.709999084472656,20.649999618530273,126632800,20.649999618530273,NCLH
2020-06-11,19.0,16.450000762939453,16.760000228881836,17.25,119113500,17.25,NCLH
2020-06-12,20.579999923706055,18.670000076293945,19.579999923706055,20.5,114996400,20.5,NCLH
2020-06-15,20.5,18.170000076293945,18.360000610351562,19.989999771118164,81509700,19.989999771118164,NCLH
2020-06-16,22.469999313354492,20.110000610351562,22.459999084472656,20.959999084472656,89311000,20.959999084472656,NCLH
2020-06-17,20.040000915527344,18.860000610351562,18.969999313354492,19.200000762939453,68441600,19.200000762939453,NCLH
2020-06-18,20.079999923706055,18.43000030517578,18.5,19.309999465942383,56711700,19.309999465942383,NCLH
2020-06-19,20.0,17.719999313354492,19.889999389648438,18.219999313354492,78742400,18.219999313354492,NCLH
2020-06-22,17.739999771118164,16.6299991607666,17.530000686645508,17.09000015258789,62807300,17.09000015258789,NCLH
2020-06-23,18.18000030517578,17.040000915527344,17.299999237060547,18.030000686645508,51733600,18.030000686645508,NCLH
2020-06-24,17.25,15.329999923706055,17.219999313354492,15.800000190734863,77704400,15.800000190734863,NCLH
2020-06-25,16.149999618530273,14.5,14.550000190734863,16.079999923706055,56764000,16.079999923706055,NCLH
2020-06-26,16.399999618530273,14.850000381469727,16.200000762939453,15.279999732971191,50406500,15.279999732971191,NCLH
2020-06-29,16.65999984741211,14.609999656677246,15.1899995803833,16.559999465942383,51431800,16.559999465942383,NCLH
2020-06-30,16.579999923706055,15.569999694824219,16.209999084472656,16.43000030517578,42330100,16.43000030517578,NCLH
2020-07-01,18.18000030517578,16.299999237060547,16.93000030517578,16.420000076293945,56033300,16.420000076293945,NCLH
2020-07-02,17.360000610351562,15.859999656677246,17.06999969482422,15.970000267028809,42555200,15.970000267028809,NCLH
2020-07-06,16.489999771118164,15.40999984741211,16.059999465942383,16.1299991607666,36917000,16.1299991607666,NCLH
2020-07-07,16.020000457763672,15.220000267028809,15.880000114440918,15.270000457763672,24714500,15.270000457763672,NCLH
2020-07-08,16.15999984741211,14.90999984741211,15.149999618530273,15.989999771118164,32430000,15.989999771118164,NCLH
2020-07-09,16.459999084472656,15.029999732971191,16.190000534057617,15.199999809265137,29313400,15.199999809265137,NCLH
2020-07-10,16.450000762939453,14.869999885559082,15.069999694824219,16.399999618530273,43942500,16.399999618530273,NCLH
2020-07-13,16.6299991607666,15.5,16.389999389648438,15.600000381469727,34578500,15.600000381469727,NCLH
2020-07-14,15.539999961853027,14.850000381469727,15.220000267028809,15.329999923706055,29311400,15.329999923706055,NCLH
2020-07-15,18.68000030517578,16.239999771118164,16.329999923706055,18.5,86360500,18.5,NCLH
2020-07-16,17.100000381469727,15.600000381469727,16.579999923706055,15.609999656677246,76351200,15.609999656677246,NCLH
2020-07-17,15.680000305175781,15.010000228881836,15.34000015258789,15.270000457763672,74412700,15.270000457763672,NCLH
2020-07-20,15.949999809265137,14.819999694824219,15.510000228881836,14.890000343322754,50349000,14.890000343322754,NCLH
2020-07-21,15.3100004196167,14.680000305175781,15.109999656677246,14.979999542236328,50576500,14.979999542236328,NCLH
2020-07-22,15.109999656677246,14.579999923706055,14.850000381469727,14.65999984741211,28875400,14.65999984741211,NCLH
2020-07-23,14.859999656677246,13.960000038146973,14.569999694824219,14.40999984741211,43441500,14.40999984741211,NCLH
2020-07-24,14.680000305175781,14.069999694824219,14.220000267028809,14.380000114440918,25494200,14.380000114440918,NCLH
2020-07-27,14.300000190734863,13.260000228881836,14.279999732971191,13.380000114440918,33689900,13.380000114440918,NCLH
2020-07-28,14.520000457763672,13.319999694824219,13.34000015258789,14.220000267028809,43793700,14.220000267028809,NCLH
2020-07-29,14.489999771118164,13.8100004196167,14.220000267028809,14.34000015258789,27760900,14.34000015258789,NCLH
2020-07-30,14.319999694824219,13.779999732971191,13.970000267028809,14.170000076293945,24503400,14.170000076293945,NCLH
2020-07-31,14.100000381469727,13.460000038146973,13.989999771118164,13.640000343322754,28346300,13.640000343322754,NCLH
2020-08-03,13.380000114440918,12.5600004196167,13.3100004196167,13.0600004196167,40525300,13.0600004196167,NCLH
2020-08-04,13.90999984741211,13.010000228881836,13.039999961853027,13.5600004196167,28813100,13.5600004196167,NCLH
2020-08-05,14.199999809265137,13.430000305175781,13.970000267028809,13.720000267028809,33478900,13.720000267028809,NCLH
2020-08-06,14.420000076293945,13.270000457763672,13.34000015258789,14.239999771118164,39913200,14.239999771118164,NCLH
2020-08-07,14.180000305175781,13.470000267028809,14.09000015258789,13.989999771118164,31073500,13.989999771118164,NCLH
2020-08-10,15.380000114440918,13.979999542236328,13.989999771118164,15.130000114440918,44266500,15.130000114440918,NCLH
2020-08-11,16.579999923706055,15.550000190734863,16.469999313354492,15.640000343322754,54538400,15.640000343322754,NCLH
2020-08-12,16.190000534057617,14.720000267028809,16.110000610351562,15.229999542236328,36454400,15.229999542236328,NCLH
2020-08-13,15.90999984741211,14.930000305175781,14.949999809265137,15.34000015258789,24496700,15.34000015258789,NCLH
2020-08-14,15.890000343322754,14.90999984741211,15.100000381469727,15.75,24861700,15.75,NCLH
2020-08-17,15.859999656677246,15.039999961853027,15.850000381469727,15.390000343322754,20503000,15.390000343322754,NCLH
2020-08-18,15.539999961853027,15.050000190734863,15.390000343322754,15.199999809265137,14170900,15.199999809265137,NCLH
2020-08-19,16.3700008392334,15.0600004196167,15.210000038146973,15.680000305175781,30456700,15.680000305175781,NCLH
2020-08-20,15.699999809265137,15.09000015258789,15.40999984741211,15.579999923706055,17282200,15.579999923706055,NCLH
2020-08-21,15.869999885559082,15.449999809265137,15.5,15.5600004196167,15940000,15.5600004196167,NCLH
2020-08-24,17.209999084472656,15.40999984741211,15.9399995803833,16.739999771118164,48402000,16.739999771118164,NCLH
2020-08-25,17.100000381469727,16.190000534057617,16.84000015258789,16.75,26657600,16.75,NCLH
2020-08-26,16.639999389648438,15.449999809265137,16.56999969482422,15.720000267028809,35788000,15.720000267028809,NCLH
2020-08-27,17.299999237060547,16.139999389648438,16.219999313354492,16.649999618530273,45413800,16.649999618530273,NCLH
2020-08-28,17.780000686645508,16.860000610351562,17.15999984741211,17.690000534057617,43052900,17.690000534057617,NCLH
2020-08-31,17.84000015258789,17.06999969482422,17.670000076293945,17.110000610351562,28361300,17.110000610351562,NCLH
2020-09-01,17.270000457763672,16.440000534057617,16.75,16.940000534057617,20325500,16.940000534057617,NCLH
2020-09-02,17.09000015258789,16.3799991607666,16.93000030517578,16.989999771118164,19333600,16.989999771118164,NCLH
2020-09-03,19.200000762939453,17.299999237060547,17.65999984741211,17.6299991607666,57080500,17.6299991607666,NCLH
2020-09-04,18.610000610351562,17.489999771118164,18.270000457763672,18.420000076293945,45101900,18.420000076293945,NCLH
2020-09-08,18.850000381469727,17.989999771118164,18.020000457763672,18.530000686645508,30798300,18.530000686645508,NCLH
2020-09-09,18.479999542236328,17.479999542236328,18.299999237060547,17.93000030517578,23650100,17.93000030517578,NCLH
2020-09-10,19.15999984741211,17.920000076293945,18.049999237060547,17.93000030517578,32735800,17.93000030517578,NCLH
2020-09-11,18.1200008392334,17.18000030517578,18.1200008392334,17.510000228881836,21562200,17.510000228881836,NCLH
2020-09-14,17.969999313354492,17.420000076293945,17.81999969482422,17.790000915527344,18679800,17.790000915527344,NCLH
2020-09-15,17.84000015258789,16.780000686645508,17.770000457763672,16.969999313354492,30618100,16.969999313354492,NCLH
2020-09-16,17.860000610351562,16.719999313354492,17.110000610351562,17.5,26509600,17.5,NCLH
2020-09-17,17.559999465942383,16.709999084472656,16.979999542236328,17.260000228881836,21691000,17.260000228881836,NCLH
2020-09-18,17.299999237060547,15.949999809265137,17.010000228881836,16.25,34292600,16.25,NCLH
2020-09-21,15.720000267028809,14.729999542236328,15.460000038146973,14.989999771118164,32507000,14.989999771118164,NCLH
2020-09-22,15.59000015258789,14.920000076293945,15.050000190734863,15.329999923706055,21506800,15.329999923706055,NCLH
2020-09-23,16.170000076293945,15.130000114440918,15.5,15.170000076293945,21249100,15.170000076293945,NCLH
2020-09-24,15.0,14.149999618530273,14.949999809265137,14.630000114440918,23348900,14.630000114440918,NCLH
2020-09-25,16.639999389648438,15.569999694824219,15.819999694824219,16.6299991607666,48616000,16.6299991607666,NCLH
2020-09-28,16.950000762939453,16.010000228881836,16.920000076293945,16.68000030517578,28960900,16.68000030517578,NCLH
2020-09-29,16.850000381469727,16.280000686645508,16.600000381469727,16.559999465942383,14090800,16.559999465942383,NCLH
2020-09-30,18.229999542236328,16.940000534057617,17.09000015258789,17.110000610351562,38387400,17.110000610351562,NCLH
2020-10-01,17.40999984741211,16.739999771118164,17.399999618530273,17.34000015258789,22208800,17.34000015258789,NCLH
2020-10-02,17.43000030517578,16.149999618530273,16.280000686645508,17.270000457763672,22461000,17.270000457763672,NCLH
2020-10-05,17.360000610351562,16.690000534057617,17.059999465942383,16.989999771118164,15330900,16.989999771118164,NCLH
2020-10-06,18.239999771118164,17.09000015258789,17.219999313354492,17.229999542236328,31714300,17.229999542236328,NCLH
2020-10-07,18.15999984741211,17.459999084472656,17.75,18.010000228881836,16898500,18.010000228881836,NCLH
2020-10-08,18.440000534057617,17.700000762939453,18.31999969482422,18.200000762939453,17459900,18.200000762939453,NCLH
2020-10-09,18.90999984741211,17.979999542236328,18.299999237060547,18.729999542236328,24449200,18.729999542236328,NCLH
2020-10-12,18.6200008392334,18.06999969482422,18.520000457763672,18.079999923706055,15878600,18.079999923706055,NCLH
2020-10-13,17.3700008392334,16.420000076293945,17.299999237060547,16.59000015258789,28061700,16.59000015258789,NCLH
2020-10-14,17.15999984741211,16.360000610351562,16.68000030517578,16.479999542236328,19207800,16.479999542236328,NCLH
2020-10-15,16.239999771118164,15.649999618530273,16.18000030517578,16.100000381469727,19229800,16.100000381469727,NCLH
2020-10-16,16.440000534057617,15.899999618530273,16.280000686645508,16.200000762939453,13688700,16.200000762939453,NCLH
2020-10-19,16.760000228881836,16.18000030517578,16.31999969482422,16.450000762939453,12919300,16.450000762939453,NCLH
2020-10-20,17.15999984741211,16.469999313354492,16.65999984741211,17.079999923706055,15685600,17.079999923706055,NCLH
2020-10-21,17.139999389648438,16.729999542236328,17.0,16.989999771118164,11362300,16.989999771118164,NCLH
2020-10-22,17.75,17.020000457763672,17.100000381469727,17.709999084472656,16692200,17.709999084472656,NCLH
2020-10-23,18.40999984741211,17.450000762939453,17.719999313354492,18.350000381469727,21988100,18.350000381469727,NCLH
2020-10-26,17.739999771118164,16.350000381469727,17.739999771118164,16.799999237060547,27651100,16.799999237060547,NCLH
2020-10-27,17.06999969482422,16.510000228881836,16.850000381469727,16.530000686645508,12990900,16.530000686645508,NCLH
2020-10-28,16.030000686645508,15.0,15.84000015258789,15.029999732971191,26446200,15.029999732971191,NCLH
2020-10-29,15.850000381469727,14.770000457763672,15.050000190734863,15.770000457763672,19523900,15.770000457763672,NCLH
2020-10-30,17.06999969482422,15.300000190734863,15.489999771118164,16.6299991607666,41916000,16.6299991607666,NCLH
2020-11-02,16.219999313354492,15.289999961853027,16.059999465942383,16.170000076293945,25069900,16.170000076293945,NCLH
2020-11-03,16.729999542236328,16.1200008392334,16.200000762939453,16.549999237060547,15148300,16.549999237060547,NCLH
2020-11-04,16.729999542236328,16.1200008392334,16.5,16.15999984741211,13519800,16.15999984741211,NCLH
2020-11-05,17.309999465942383,16.399999618530273,16.399999618530273,17.25,17527400,17.25,NCLH
2020-11-06,17.299999237060547,16.649999618530273,17.06999969482422,16.969999313354492,14037000,16.969999313354492,NCLH
2020-11-09,23.049999237060547,20.360000610351562,21.020000457763672,21.510000228881836,75069900,21.510000228881836,NCLH
2020-11-10,21.1299991607666,19.3799991607666,20.799999237060547,20.1200008392334,37843700,20.1200008392334,NCLH
2020-11-11,20.84000015258789,19.350000381469727,20.530000686645508,19.520000457763672,26873800,19.520000457763672,NCLH
2020-11-12,19.8700008392334,18.610000610351562,18.790000915527344,18.850000381469727,26427400,18.850000381469727,NCLH
2020-11-13,20.270000457763672,19.15999984741211,19.280000686645508,20.059999465942383,22894200,20.059999465942383,NCLH
2020-11-16,22.020000457763672,21.030000686645508,21.93000030517578,21.309999465942383,40909500,21.309999465942383,NCLH
2020-11-17,22.6200008392334,20.770000457763672,21.100000381469727,22.059999465942383,32189600,22.059999465942383,NCLH
2020-11-18,21.3799991607666,20.40999984741211,20.670000076293945,20.459999084472656,71591700,20.459999084472656,NCLH
2020-11-19,21.290000915527344,20.489999771118164,20.579999923706055,21.020000457763672,36017800,21.020000457763672,NCLH
2020-11-20,21.270000457763672,19.940000534057617,21.110000610351562,19.989999771118164,30469700,19.989999771118164,NCLH
2020-11-23,21.030000686645508,20.06999969482422,20.6200008392334,20.889999389648438,30434400,20.889999389648438,NCLH
2020-11-24,22.639999389648438,21.799999237060547,22.049999237060547,22.549999237060547,38926200,22.549999237060547,NCLH
2020-11-25,23.350000381469727,22.0,22.829999923706055,23.200000762939453,30769200,23.200000762939453,NCLH
2020-11-27,24.31999969482422,23.450000762939453,23.469999313354492,23.68000030517578,17081000,23.68000030517578,NCLH
2020-11-30,24.200000762939453,22.31999969482422,24.059999465942383,22.8700008392334,25635800,22.8700008392334,NCLH
2020-12-01,23.670000076293945,22.81999969482422,23.549999237060547,22.940000534057617,20283500,22.940000534057617,NCLH
2020-12-02,23.5,21.81999969482422,22.399999618530273,23.399999618530273,20709000,23.399999618530273,NCLH
2020-12-03,25.799999237060547,23.549999237060547,23.600000381469727,25.420000076293945,44080500,25.420000076293945,NCLH
2020-12-04,26.450000762939453,25.170000076293945,26.110000610351562,26.299999237060547,33185000,26.299999237060547,NCLH
2020-12-07,26.649999618530273,25.700000762939453,26.31999969482422,26.5,23744800,26.5,NCLH
2020-12-08,28.170000076293945,26.25,26.299999237060547,28.149999618530273,27515500,28.149999618530273,NCLH
2020-12-09,28.979999542236328,26.200000762939453,28.969999313354492,27.260000228881836,43942900,27.260000228881836,NCLH
2020-12-10,27.540000915527344,26.549999237060547,26.649999618530273,27.440000534057617,24569400,27.440000534057617,NCLH
2020-12-11,27.8700008392334,26.260000228881836,27.530000686645508,26.510000228881836,21177900,26.510000228881836,NCLH
2020-12-14,27.540000915527344,25.219999313354492,27.219999313354492,25.40999984741211,24467000,25.40999984741211,NCLH
2020-12-15,25.510000228881836,23.790000915527344,24.93000030517578,25.219999313354492,33097200,25.219999313354492,NCLH
2020-12-16,25.739999771118164,24.68000030517578,25.229999542236328,25.459999084472656,21274500,25.459999084472656,NCLH
2020-12-17,25.700000762939453,25.030000686645508,25.700000762939453,25.40999984741211,12857000,25.40999984741211,NCLH
2020-12-18,26.09000015258789,24.860000610351562,25.489999771118164,25.18000030517578,20648600,25.18000030517578,NCLH
2020-12-21,24.899999618530273,23.450000762939453,23.6200008392334,24.780000686645508,22591400,24.780000686645508,NCLH
2020-12-22,24.8700008392334,23.040000915527344,24.850000381469727,23.079999923706055,24903000,23.079999923706055,NCLH
2020-12-23,24.700000762939453,23.15999984741211,23.270000457763672,24.5,18389600,24.5,NCLH
2020-12-24,24.790000915527344,24.1200008392334,24.5,24.579999923706055,7884200,24.579999923706055,NCLH
2020-12-28,25.940000534057617,24.799999237060547,25.149999618530273,25.530000686645508,16371400,25.530000686645508,NCLH
2020-12-29,26.110000610351562,25.049999237060547,26.0,25.389999389648438,12962800,25.389999389648438,NCLH
2020-12-30,26.09000015258789,25.209999084472656,25.3799991607666,25.639999389648438,11142100,25.639999389648438,NCLH
2020-12-31,25.68000030517578,24.43000030517578,25.540000915527344,25.43000030517578,14616900,25.43000030517578,NCLH
2021-01-04,25.479999542236328,23.399999618530273,25.350000381469727,23.729999542236328,23243700,23.729999542236328,NCLH
2021-01-05,24.670000076293945,23.360000610351562,23.40999984741211,24.239999771118164,16639000,24.239999771118164,NCLH
2021-01-06,24.950000762939453,23.690000534057617,24.149999618530273,24.329999923706055,16810600,24.329999923706055,NCLH
2021-01-07,25.43000030517578,24.549999237060547,24.549999237060547,24.65999984741211,16079800,24.65999984741211,NCLH
2021-01-08,25.1200008392334,23.920000076293945,24.969999313354492,24.43000030517578,13493300,24.43000030517578,NCLH
2021-01-11,24.540000915527344,23.610000610351562,23.799999237060547,24.139999389648438,10546800,24.139999389648438,NCLH
2021-01-12,24.540000915527344,23.93000030517578,24.18000030517578,24.520000457763672,9875400,24.520000457763672,NCLH
2021-01-13,24.690000534057617,23.81999969482422,24.25,24.610000610351562,13711300,24.610000610351562,NCLH
2021-01-14,26.59000015258789,24.950000762939453,25.0,26.420000076293945,24922200,26.420000076293945,NCLH
2021-01-15,26.969999313354492,25.299999237060547,26.209999084472656,25.3799991607666,15861600,25.3799991607666,NCLH
2021-01-19,25.799999237060547,24.950000762939453,25.709999084472656,25.299999237060547,10777700,25.299999237060547,NCLH
2021-01-20,25.969999313354492,24.8700008392334,25.65999984741211,25.190000534057617,10370400,25.190000534057617,NCLH
2021-01-21,25.450000762939453,24.600000381469727,25.0,24.989999771118164,10701900,24.989999771118164,NCLH
2021-01-22,24.799999237060547,24.200000762939453,24.5,24.59000015258789,11290100,24.59000015258789,NCLH
2021-01-25,24.190000534057617,23.1200008392334,24.100000381469727,23.969999313354492,17265300,23.969999313354492,NCLH
2021-01-26,24.420000076293945,23.5,24.149999618530273,23.65999984741211,9875100,23.65999984741211,NCLH
2021-01-27,24.68000030517578,22.68000030517578,23.0,23.530000686645508,19694100,23.530000686645508,NCLH
2021-01-28,25.200000762939453,23.950000762939453,24.43000030517578,24.15999984741211,17798900,24.15999984741211,NCLH
2021-01-29,24.350000381469727,22.270000457763672,24.049999237060547,22.649999618530273,26086000,22.649999618530273,NCLH
2021-02-01,22.8700008392334,21.8799991607666,22.850000381469727,22.399999618530273,15020000,22.399999618530273,NCLH
2021-02-02,23.309999465942383,22.360000610351562,22.799999237060547,22.940000534057617,12971900,22.940000534057617,NCLH
2021-02-03,23.709999084472656,22.719999313354492,22.969999313354492,23.610000610351562,18660300,23.610000610351562,NCLH
2021-02-04,24.6200008392334,23.770000457763672,23.860000610351562,24.399999618530273,14813000,24.399999618530273,NCLH
2021-02-05,25.450000762939453,24.360000610351562,24.639999389648438,24.719999313354492,16755200,24.719999313354492,NCLH
2021-02-08,25.25,24.719999313354492,25.0,25.010000228881836,11663200,25.010000228881836,NCLH
2021-02-09,24.979999542236328,23.920000076293945,24.8700008392334,24.079999923706055,15097900,24.079999923706055,NCLH
2021-02-10,24.959999084472656,24.100000381469727,24.309999465942383,24.139999389648438,13755200,24.139999389648438,NCLH
2021-02-11,24.479999542236328,23.520000457763672,24.149999618530273,23.770000457763672,12222700,23.770000457763672,NCLH
2021-02-12,23.729999542236328,23.09000015258789,23.399999618530273,23.540000915527344,13457300,23.540000915527344,NCLH
2021-02-16,25.3700008392334,23.729999542236328,23.959999084472656,25.190000534057617,22739200,25.190000534057617,NCLH
2021-02-17,26.149999618530273,24.479999542236328,25.0,25.469999313354492,21807400,25.469999313354492,NCLH
2021-02-18,25.399999618530273,24.290000915527344,25.110000610351562,25.200000762939453,14967600,25.200000762939453,NCLH
2021-02-19,26.989999771118164,25.510000228881836,25.760000228881836,26.850000381469727,18737400,26.850000381469727,NCLH
2021-02-22,29.790000915527344,26.90999984741211,27.479999542236328,28.559999465942383,34168800,28.559999465942383,NCLH
2021-02-23,28.93000030517578,26.25,28.65999984741211,28.6200008392334,23482000,28.6200008392334,NCLH
2021-02-24,31.579999923706055,29.139999389648438,29.3799991607666,31.270000457763672,38000400,31.270000457763672,NCLH
2021-02-25,32.65999984741211,28.329999923706055,32.52000045776367,28.760000228881836,41465800,28.760000228881836,NCLH
2021-02-26,29.940000534057617,28.31999969482422,29.229999542236328,29.559999465942383,19787200,29.559999465942383,NCLH
2021-03-01,31.360000610351562,29.520000457763672,30.709999084472656,29.850000381469727,23206300,29.850000381469727,NCLH
2021-03-02,31.579999923706055,30.170000076293945,30.6299991607666,31.18000030517578,18481000,31.18000030517578,NCLH
2021-03-03,33.77000045776367,31.770000457763672,32.02000045776367,33.130001068115234,31491600,33.130001068115234,NCLH
2021-03-04,34.4900016784668,30.959999084472656,34.31999969482422,32.900001525878906,38134000,32.900001525878906,NCLH
2021-03-05,30.3700008392334,26.649999618530273,30.270000457763672,28.850000381469727,96474600,28.850000381469727,NCLH
2021-03-08,30.200000762939453,28.860000610351562,29.510000228881836,29.309999465942383,42512100,29.309999465942383,NCLH
2021-03-09,30.0,28.309999465942383,29.559999465942383,29.729999542236328,27304100,29.729999542236328,NCLH
2021-03-10,30.700000762939453,29.15999984741211,29.8799991607666,29.540000915527344,23061600,29.540000915527344,NCLH
2021-03-11,30.469999313354492,29.309999465942383,30.030000686645508,30.260000228881836,20189400,30.260000228881836,NCLH
2021-03-12,31.040000915527344,30.06999969482422,30.190000534057617,30.729999542236328,22756900,30.729999542236328,NCLH
2021-03-15,32.400001525878906,31.010000228881836,31.229999542236328,31.559999465942383,26593300,31.559999465942383,NCLH
2021-03-16,31.6200008392334,29.770000457763672,31.6200008392334,30.100000381469727,20525500,30.100000381469727,NCLH
2021-03-17,30.639999389648438,29.399999618530273,29.649999618530273,30.5,16530300,30.5,NCLH
2021-03-18,30.59000015258789,28.899999618530273,30.299999237060547,28.950000762939453,17505100,28.950000762939453,NCLH
2021-03-19,29.760000228881836,27.850000381469727,29.1299991607666,29.700000762939453,18995700,29.700000762939453,NCLH
2021-03-22,29.59000015258789,28.209999084472656,29.309999465942383,28.649999618530273,15198500,28.649999618530273,NCLH
2021-03-23,28.43000030517578,26.459999084472656,28.0,26.600000381469727,23673600,26.600000381469727,NCLH
2021-03-24,28.440000534057617,24.020000457763672,27.290000915527344,25.309999465942383,41737900,25.309999465942383,NCLH
2021-03-25,26.280000686645508,24.239999771118164,24.780000686645508,26.040000915527344,26491600,26.040000915527344,NCLH
2021-03-26,26.8799991607666,25.729999542236328,26.299999237060547,26.81999969482422,19412600,26.81999969482422,NCLH
2021-03-29,26.850000381469727,25.790000915527344,26.790000915527344,26.209999084472656,12410500,26.209999084472656,NCLH
2021-03-30,27.420000076293945,26.06999969482422,26.170000076293945,27.200000762939453,10326200,27.200000762939453,NCLH
2021-03-31,27.899999618530273,26.920000076293945,27.239999771118164,27.59000015258789,11892700,27.59000015258789,NCLH
2021-04-01,28.059999465942383,27.31999969482422,27.889999389648438,27.719999313354492,10164900,27.719999313354492,NCLH
2021-04-05,30.100000381469727,29.010000228881836,29.3799991607666,29.709999084472656,34092800,29.709999084472656,NCLH
2021-04-06,31.56999969482422,29.809999465942383,30.15999984741211,31.079999923706055,33044800,31.079999923706055,NCLH
2021-04-07,33.08000183105469,31.200000762939453,31.940000534057617,31.309999465942383,41981000,31.309999465942383,NCLH
2021-04-08,31.299999237060547,29.3799991607666,31.299999237060547,30.6200008392334,30056300,30.6200008392334,NCLH
2021-04-09,31.059999465942383,30.229999542236328,30.559999465942383,30.540000915527344,20344400,30.540000915527344,NCLH
2021-04-12,30.100000381469727,28.770000457763672,30.030000686645508,29.260000228881836,16969800,29.260000228881836,NCLH
2021-04-13,29.530000686645508,28.170000076293945,28.299999237060547,29.40999984741211,16232200,29.40999984741211,NCLH
2021-04-14,30.190000534057617,29.06999969482422,29.600000381469727,29.209999084472656,12044200,29.209999084472656,NCLH
2021-04-15,29.440000534057617,28.190000534057617,29.440000534057617,28.280000686645508,17208200,28.280000686645508,NCLH
2021-04-16,28.920000076293945,28.020000457763672,28.450000762939453,28.31999969482422,12312700,28.31999969482422,NCLH
2021-04-19,28.510000228881836,27.56999969482422,28.149999618530273,27.969999313354492,12185400,27.969999313354492,NCLH
2021-04-20,27.639999389648438,25.790000915527344,27.530000686645508,26.75,24449700,26.75,NCLH
2021-04-21,29.540000915527344,26.84000015258789,27.15999984741211,29.510000228881836,33281200,29.510000228881836,NCLH
2021-04-22,30.350000381469727,28.809999465942383,29.309999465942383,29.0,24943700,29.0,NCLH
2021-04-23,30.020000457763672,28.770000457763672,29.329999923706055,29.809999465942383,15296600,29.809999465942383,NCLH
2021-04-26,31.18000030517578,30.170000076293945,30.389999389648438,30.219999313354492,14880100,30.219999313354492,NCLH
2021-04-27,30.549999237060547,29.760000228881836,30.260000228881836,30.5,11057100,30.5,NCLH
2021-04-28,30.8700008392334,30.170000076293945,30.239999771118164,30.229999542236328,11900800,30.229999542236328,NCLH
2021-04-29,32.36000061035156,30.170000076293945,31.84000015258789,30.309999465942383,26778600,30.309999465942383,NCLH
2021-04-30,31.1299991607666,29.799999237060547,29.950000762939453,31.049999237060547,18344000,31.049999237060547,NCLH
2021-05-03,31.6299991607666,30.739999771118164,31.18000030517578,31.190000534057617,15661500,31.190000534057617,NCLH
2021-05-04,30.979999542236328,29.260000228881836,30.979999542236328,30.25,19390800,30.25,NCLH
2021-05-05,30.690000534057617,29.6200008392334,30.350000381469727,29.850000381469727,14595900,29.850000381469727,NCLH
2021-05-06,30.18000030517578,27.270000457763672,29.690000534057617,27.809999465942383,36855300,27.809999465942383,NCLH
2021-05-07,28.700000762939453,27.639999389648438,27.780000686645508,28.479999542236328,18876000,28.479999542236328,NCLH
2021-05-10,28.68000030517578,27.93000030517578,28.389999389648438,27.950000762939453,13671700,27.950000762939453,NCLH
2021-05-11,27.829999923706055,26.549999237060547,26.719999313354492,27.65999984741211,18426100,27.65999984741211,NCLH
2021-05-12,27.479999542236328,25.940000534057617,27.219999313354492,26.110000610351562,18348300,26.110000610351562,NCLH
2021-05-13,27.020000457763672,25.479999542236328,26.280000686645508,26.440000534057617,21741000,26.440000534057617,NCLH
2021-05-14,28.649999618530273,26.770000457763672,26.889999389648438,28.579999923706055,23141400,28.579999923706055,NCLH
2021-05-17,28.93000030517578,27.81999969482422,28.43000030517578,28.8799991607666,19564500,28.8799991607666,NCLH
2021-05-18,30.049999237060547,28.729999542236328,29.010000228881836,29.229999542236328,18712800,29.229999542236328,NCLH
2021-05-19,29.170000076293945,28.09000015258789,28.309999465942383,29.049999237060547,16113600,29.049999237060547,NCLH
2021-05-20,29.200000762939453,28.450000762939453,29.09000015258789,29.06999969482422,11947800,29.06999969482422,NCLH
2021-05-21,29.709999084472656,28.690000534057617,29.56999969482422,28.700000762939453,14135500,28.700000762939453,NCLH
2021-05-24,30.219999313354492,28.530000686645508,29.100000381469727,30.049999237060547,23038100,30.049999237060547,NCLH
2021-05-25,31.950000762939453,30.40999984741211,30.420000076293945,31.1200008392334,31788900,31.1200008392334,NCLH
2021-05-26,32.04999923706055,31.260000228881836,31.700000762939453,31.690000534057617,22112100,31.690000534057617,NCLH
2021-05-27,32.4900016784668,31.5,31.799999237060547,32.41999816894531,18272500,32.41999816894531,NCLH
2021-05-28,32.45000076293945,31.6200008392334,32.38999938964844,31.899999618530273,18343300,31.899999618530273,NCLH
2021-06-01,33.20000076293945,32.33000183105469,32.529998779296875,32.7599983215332,17201900,32.7599983215332,NCLH
2021-06-02,33.619998931884766,32.47999954223633,32.88999938964844,33.06999969482422,17391100,33.06999969482422,NCLH
2021-06-03,32.869998931884766,31.940000534057617,32.83000183105469,32.18000030517578,13825400,32.18000030517578,NCLH
2021-06-04,32.630001068115234,31.700000762939453,32.369998931884766,32.119998931884766,12025900,32.119998931884766,NCLH
2021-06-07,33.470001220703125,32.34000015258789,32.400001525878906,33.11000061035156,16275500,33.11000061035156,NCLH
2021-06-08,33.93000030517578,33.099998474121094,33.349998474121094,33.709999084472656,15367300,33.709999084472656,NCLH
2021-06-09,33.95000076293945,32.650001525878906,33.90999984741211,32.65999984741211,14845800,32.65999984741211,NCLH
2021-06-10,33.13999938964844,31.790000915527344,33.060001373291016,32.4900016784668,15420700,32.4900016784668,NCLH
2021-06-11,32.459999084472656,31.360000610351562,31.700000762939453,32.22999954223633,12041900,32.22999954223633,NCLH
2021-06-14,32.279998779296875,30.8799991607666,32.060001373291016,31.0,15090100,31.0,NCLH
2021-06-15,31.559999465942383,30.690000534057617,31.040000915527344,30.8700008392334,10572900,30.8700008392334,NCLH
2021-06-16,31.790000915527344,30.8799991607666,31.360000610351562,31.68000030517578,18763700,31.68000030517578,NCLH
2021-06-17,32.18000030517578,30.649999618530273,31.649999618530273,30.969999313354492,14231000,30.969999313354492,NCLH
2021-06-18,30.84000015258789,29.899999618530273,30.530000686645508,30.299999237060547,15379100,30.299999237060547,NCLH
2021-06-21,31.43000030517578,30.059999465942383,30.459999084472656,31.3799991607666,12363300,31.3799991607666,NCLH
2021-06-22,31.239999771118164,30.479999542236328,31.18000030517578,30.84000015258789,10295900,30.84000015258789,NCLH
2021-06-23,31.3799991607666,30.780000686645508,30.81999969482422,31.0,8163100,31.0,NCLH
2021-06-24,31.559999465942383,30.59000015258789,31.100000381469727,30.610000610351562,13530500,30.610000610351562,NCLH
2021-06-25,31.190000534057617,30.59000015258789,30.610000610351562,31.030000686645508,11923100,31.030000686645508,NCLH
2021-06-28,30.75,29.059999465942383,30.719999313354492,29.139999389648438,22074600,29.139999389648438,NCLH
2021-06-29,29.610000610351562,28.8799991607666,29.25,28.90999984741211,11724100,28.90999984741211,NCLH
2021-06-30,29.700000762939453,28.670000076293945,28.93000030517578,29.40999984741211,10059800,29.40999984741211,NCLH
2021-07-01,30.049999237060547,29.299999237060547,29.68000030517578,29.510000228881836,8378300,29.510000228881836,NCLH
2021-07-02,29.56999969482422,28.860000610351562,29.520000457763672,29.0,8009600,29.0,NCLH
2021-07-06,29.25,27.780000686645508,28.950000762939453,28.059999465942383,13827500,28.059999465942383,NCLH
2021-07-07,28.309999465942383,26.860000610351562,27.799999237060547,27.049999237060547,16370900,27.049999237060547,NCLH
2021-07-08,27.329999923706055,25.829999923706055,26.18000030517578,26.739999771118164,16148400,26.739999771118164,NCLH
2021-07-09,27.530000686645508,26.610000610351562,27.059999465942383,27.489999771118164,9769100,27.489999771118164,NCLH
2021-07-12,27.34000015258789,26.600000381469727,27.0,27.280000686645508,8815800,27.280000686645508,NCLH
2021-07-13,26.969999313354492,26.079999923706055,26.850000381469727,26.09000015258789,11494700,26.09000015258789,NCLH
2021-07-14,26.670000076293945,25.100000381469727,26.280000686645508,25.200000762939453,17008700,25.200000762939453,NCLH
2021-07-15,24.979999542236328,23.469999313354492,24.959999084472656,24.450000762939453,30168600,24.450000762939453,NCLH
2021-07-16,24.90999984741211,23.030000686645508,24.90999984741211,23.139999389648438,22478300,23.139999389648438,NCLH
2021-07-19,22.469999313354492,21.280000686645508,21.729999542236328,21.8700008392334,32529100,21.8700008392334,NCLH
2021-07-20,23.940000534057617,21.809999465942383,22.010000228881836,23.68000030517578,24894600,23.68000030517578,NCLH
2021-07-21,26.200000762939453,24.0,24.010000228881836,26.079999923706055,31731200,26.079999923706055,NCLH
2021-07-22,25.809999465942383,24.940000534057617,25.670000076293945,25.639999389648438,18786400,25.639999389648438,NCLH
2021-07-23,25.920000076293945,24.780000686645508,25.75,24.8700008392334,15576000,24.8700008392334,NCLH
2021-07-26,26.09000015258789,24.579999923706055,24.610000610351562,26.020000457763672,16866500,26.020000457763672,NCLH
2021-07-27,26.3799991607666,25.149999618530273,25.799999237060547,25.450000762939453,12786800,25.450000762939453,NCLH
2021-07-28,26.139999389648438,24.81999969482422,25.920000076293945,25.520000457763672,14779600,25.520000457763672,NCLH
2021-07-29,26.020000457763672,25.290000915527344,25.760000228881836,25.309999465942383,9930600,25.309999465942383,NCLH
2021-07-30,25.25,23.8700008392334,24.829999923706055,24.030000686645508,16416400,24.030000686645508,NCLH
2021-08-02,24.920000076293945,23.510000228881836,24.059999465942383,23.579999923706055,15418300,23.579999923706055,NCLH
2021-08-03,23.709999084472656,22.510000228881836,23.65999984741211,23.190000534057617,17723400,23.190000534057617,NCLH
2021-08-04,23.31999969482422,22.34000015258789,22.75,22.600000381469727,16008200,22.600000381469727,NCLH
2021-08-05,24.229999542236328,22.6200008392334,22.65999984741211,24.18000030517578,16943900,24.18000030517578,NCLH
2021-08-06,24.969999313354492,23.75,24.559999465942383,24.889999389648438,16975900,24.889999389648438,NCLH
2021-08-09,24.799999237060547,23.59000015258789,24.59000015258789,24.65999984741211,14873200,24.65999984741211,NCLH
2021-08-10,26.0,24.649999618530273,24.780000686645508,25.81999969482422,15646900,25.81999969482422,NCLH
2021-08-11,26.389999389648438,25.079999923706055,25.649999618530273,26.270000457763672,15774600,26.270000457763672,NCLH
2021-08-12,26.0,25.149999618530273,25.850000381469727,25.81999969482422,11772900,25.81999969482422,NCLH
2021-08-13,25.75,24.850000381469727,25.729999542236328,25.040000915527344,13488400,25.040000915527344,NCLH
2021-08-16,24.860000610351562,24.020000457763672,24.610000610351562,24.6299991607666,11663300,24.6299991607666,NCLH
2021-08-17,24.270000457763672,23.280000686645508,24.100000381469727,23.709999084472656,13096600,23.709999084472656,NCLH
2021-08-18,24.420000076293945,23.290000915527344,23.649999618530273,23.899999618530273,12372200,23.899999618530273,NCLH
2021-08-19,23.639999389648438,22.59000015258789,23.450000762939453,23.059999465942383,15720000,23.059999465942383,NCLH
2021-08-20,23.639999389648438,22.790000915527344,22.950000762939453,23.6299991607666,12708300,23.6299991607666,NCLH
2021-08-23,24.780000686645508,23.950000762939453,23.950000762939453,24.639999389648438,14360600,24.639999389648438,NCLH
2021-08-24,25.959999084472656,25.1200008392334,25.1299991607666,25.780000686645508,13530200,25.780000686645508,NCLH
2021-08-25,26.350000381469727,25.270000457763672,25.850000381469727,26.040000915527344,13268200,26.040000915527344,NCLH
2021-08-26,26.280000686645508,25.06999969482422,25.780000686645508,25.329999923706055,12302300,25.329999923706055,NCLH
2021-08-27,26.3700008392334,25.350000381469727,25.459999084472656,26.15999984741211,12165100,26.15999984741211,NCLH
2021-08-30,26.399999618530273,25.299999237060547,26.399999618530273,25.3700008392334,10494900,25.3700008392334,NCLH
2021-08-31,25.969999313354492,25.1299991607666,25.229999542236328,25.84000015258789,10786200,25.84000015258789,NCLH
2021-09-01,26.149999618530273,24.979999542236328,26.0,25.15999984741211,12071800,25.15999984741211,NCLH
2021-09-02,26.010000228881836,24.56999969482422,25.270000457763672,25.479999542236328,17256500,25.479999542236328,NCLH
2021-09-03,25.600000381469727,24.43000030517578,25.360000610351562,24.6200008392334,13974400,24.6200008392334,NCLH
2021-09-07,25.18000030517578,24.0,24.3700008392334,25.040000915527344,12489000,25.040000915527344,NCLH
2021-09-08,25.3799991607666,24.309999465942383,25.0,24.420000076293945,10943900,24.420000076293945,NCLH
2021-09-09,25.559999465942383,24.190000534057617,24.360000610351562,24.940000534057617,12372300,24.940000534057617,NCLH
2021-09-10,25.270000457763672,24.530000686645508,25.1299991607666,24.59000015258789,10629700,24.59000015258789,NCLH
2021-09-13,25.510000228881836,24.1200008392334,24.8700008392334,25.299999237060547,12232400,25.299999237060547,NCLH
2021-09-14,25.440000534057617,24.6200008392334,25.139999389648438,24.770000457763672,10077000,24.770000457763672,NCLH
2021-09-15,25.15999984741211,24.34000015258789,24.68000030517578,25.06999969482422,9710100,25.06999969482422,NCLH
2021-09-16,25.389999389648438,24.81999969482422,25.010000228881836,25.059999465942383,8317200,25.059999465942383,NCLH
2021-09-17,25.920000076293945,25.149999618530273,25.15999984741211,25.59000015258789,14203800,25.59000015258789,NCLH
2021-09-20,25.25,24.469999313354492,25.010000228881836,25.110000610351562,14599600,25.110000610351562,NCLH
2021-09-21,25.690000534057617,24.760000228881836,25.350000381469727,24.989999771118164,11297500,24.989999771118164,NCLH
2021-09-22,26.31999969482422,25.219999313354492,25.229999542236328,26.010000228881836,14617800,26.010000228881836,NCLH
2021-09-23,27.649999618530273,26.440000534057617,26.510000228881836,27.290000915527344,19853700,27.290000915527344,NCLH
2021-09-24,28.25,27.200000762939453,27.329999923706055,28.100000381469727,21474300,28.100000381469727,NCLH
2021-09-27,29.450000762939453,28.290000915527344,28.540000915527344,28.34000015258789,20178000,28.34000015258789,NCLH
2021-09-28,28.850000381469727,27.75,28.239999771118164,27.93000030517578,13782200,27.93000030517578,NCLH
2021-09-29,28.190000534057617,27.270000457763672,28.110000610351562,27.34000015258789,10434300,27.34000015258789,NCLH
2021-09-30,27.25,26.440000534057617,27.239999771118164,26.709999084472656,11684800,26.709999084472656,NCLH
2021-10-01,28.6200008392334,27.75,27.790000915527344,28.309999465942383,19404700,28.309999465942383,NCLH
2021-10-04,28.559999465942383,27.389999389648438,28.34000015258789,27.469999313354492,13561500,27.469999313354492,NCLH
2021-10-05,28.309999465942383,27.360000610351562,27.649999618530273,27.760000228881836,13013100,27.760000228881836,NCLH
2021-10-06,27.780000686645508,26.889999389648438,27.360000610351562,27.59000015258789,12936600,27.59000015258789,NCLH
2021-10-07,28.049999237060547,26.920000076293945,27.950000762939453,26.979999542236328,12665400,26.979999542236328,NCLH
2021-10-08,27.270000457763672,26.329999923706055,27.030000686645508,26.350000381469727,10605900,26.350000381469727,NCLH
2021-10-11,26.8700008392334,25.950000762939453,26.219999313354492,26.239999771118164,9176600,26.239999771118164,NCLH
2021-10-12,27.18000030517578,26.100000381469727,26.299999237060547,27.040000915527344,10477200,27.040000915527344,NCLH
2021-10-13,27.09000015258789,26.329999923706055,27.040000915527344,26.530000686645508,9526200,26.530000686645508,NCLH
2021-10-14,26.920000076293945,26.40999984741211,26.770000457763672,26.600000381469727,7817900,26.600000381469727,NCLH
2021-10-15,27.40999984741211,26.479999542236328,27.079999923706055,26.530000686645508,7508100,26.530000686645508,NCLH
2021-10-18,26.450000762939453,25.729999542236328,26.350000381469727,26.1299991607666,11669100,26.1299991607666,NCLH
2021-10-19,26.209999084472656,25.59000015258789,26.1299991607666,25.6200008392334,11130300,25.6200008392334,NCLH
2021-10-20,25.8799991607666,25.280000686645508,25.709999084472656,25.600000381469727,12295900,25.600000381469727,NCLH
2021-10-21,26.010000228881836,25.270000457763672,25.579999923706055,25.5,11014400,25.5,NCLH
2021-10-22,25.549999237060547,24.90999984741211,25.260000228881836,25.479999542236328,9857800,25.479999542236328,NCLH
2021-10-25,26.040000915527344,25.440000534057617,25.530000686645508,25.920000076293945,10596000,25.920000076293945,NCLH
2021-10-26,26.68000030517578,25.809999465942383,26.399999618530273,25.90999984741211,11373600,25.90999984741211,NCLH
2021-10-27,26.09000015258789,25.479999542236328,26.09000015258789,25.5,9227100,25.5,NCLH
2021-10-28,26.100000381469727,25.059999465942383,25.3799991607666,25.809999465942383,9710600,25.809999465942383,NCLH
2021-10-29,26.34000015258789,25.440000534057617,25.739999771118164,25.719999313354492,11916100,25.719999313354492,NCLH
2021-11-01,27.100000381469727,25.559999465942383,25.860000610351562,27.06999969482422,12734000,27.06999969482422,NCLH
2021-11-02,26.979999542236328,26.350000381469727,26.920000076293945,26.829999923706055,13378600,26.829999923706055,NCLH
2021-11-03,27.579999923706055,25.790000915527344,26.350000381469727,27.31999969482422,16387200,27.31999969482422,NCLH
2021-11-04,27.770000457763672,26.690000534057617,27.399999618530273,26.81999969482422,11217300,26.81999969482422,NCLH
2021-11-05,29.450000762939453,28.079999923706055,28.709999084472656,28.920000076293945,33685400,28.920000076293945,NCLH
2021-11-08,29.229999542236328,28.059999465942383,29.18000030517578,28.239999771118164,16276500,28.239999771118164,NCLH
2021-11-09,28.25,27.399999618530273,28.110000610351562,27.799999237060547,10522500,27.799999237060547,NCLH
2021-11-10,27.799999237060547,26.540000915527344,27.299999237060547,26.729999542236328,10572800,26.729999542236328,NCLH
2021-11-11,27.049999237060547,26.25,26.790000915527344,26.299999237060547,9978100,26.299999237060547,NCLH
2021-11-12,26.3700008392334,25.389999389648438,26.3700008392334,25.6299991607666,14809400,25.6299991607666,NCLH
2021-11-15,26.139999389648438,25.389999389648438,25.68000030517578,25.510000228881836,11813400,25.510000228881836,NCLH
2021-11-16,24.68000030517578,23.389999389648438,24.5,23.639999389648438,46999500,23.639999389648438,NCLH
2021-11-17,24.1299991607666,23.18000030517578,23.610000610351562,24.0,37758800,24.0,NCLH
2021-11-18,24.239999771118164,23.15999984741211,24.09000015258789,23.579999923706055,20925900,23.579999923706055,NCLH
2021-11-19,23.68000030517578,22.709999084472656,23.110000610351562,23.09000015258789,28171100,23.09000015258789,NCLH
2021-11-22,23.670000076293945,22.56999969482422,23.290000915527344,23.0,21118300,23.0,NCLH
2021-11-23,23.59000015258789,22.399999618530273,23.34000015258789,22.559999465942383,16716800,22.559999465942383,NCLH
2021-11-24,22.950000762939453,22.18000030517578,22.3799991607666,22.6299991607666,16664900,22.6299991607666,NCLH
2021-11-26,20.860000610351562,19.079999923706055,20.530000686645508,20.059999465942383,40629900,20.059999465942383,NCLH
2021-11-29,21.389999389648438,19.56999969482422,21.100000381469727,20.219999313354492,34566100,20.219999313354492,NCLH
2021-11-30,20.059999465942383,18.84000015258789,19.770000457763672,19.510000228881836,39017800,19.510000228881836,NCLH
2021-12-01,20.40999984741211,17.780000686645508,20.0,17.790000915527344,44903600,17.790000915527344,NCLH
2021-12-02,19.18000030517578,17.799999237060547,18.09000015258789,19.15999984741211,40370600,19.15999984741211,NCLH
2021-12-03,19.0,17.920000076293945,18.799999237060547,18.290000915527344,31296900,18.290000915527344,NCLH
2021-12-06,20.729999542236328,18.309999465942383,18.5,20.030000686645508,37254900,20.030000686645508,NCLH
2021-12-07,21.0,19.920000076293945,20.780000686645508,20.1200008392334,29493600,20.1200008392334,NCLH
2021-12-08,22.34000015258789,20.520000457763672,20.6299991607666,21.770000457763672,41601100,21.770000457763672,NCLH
2021-12-09,21.770000457763672,21.020000457763672,21.1200008392334,21.40999984741211,24553700,21.40999984741211,NCLH
2021-12-10,21.690000534057617,20.860000610351562,21.5,21.540000915527344,16212800,21.540000915527344,NCLH
2021-12-13,21.049999237060547,19.950000762939453,20.959999084472656,20.59000015258789,19980900,20.59000015258789,NCLH
2021-12-14,20.920000076293945,20.079999923706055,20.079999923706055,20.34000015258789,16753900,20.34000015258789,NCLH
2021-12-15,20.3700008392334,19.270000457763672,20.34000015258789,20.06999969482422,24035100,20.06999969482422,NCLH
2021-12-16,20.309999465942383,19.110000610351562,20.149999618530273,19.34000015258789,25144300,19.34000015258789,NCLH
2021-12-17,20.440000534057617,19.010000228881836,19.110000610351562,20.329999923706055,30832200,20.329999923706055,NCLH
2021-12-20,20.950000762939453,19.329999923706055,19.549999237060547,20.739999771118164,25532900,20.739999771118164,NCLH
2021-12-21,22.420000076293945,20.889999389648438,20.950000762939453,22.190000534057617,27223700,22.190000534057617,NCLH
2021-12-22,22.8799991607666,21.649999618530273,22.200000762939453,22.6200008392334,21757500,22.6200008392334,NCLH
2021-12-23,23.3799991607666,22.34000015258789,23.049999237060547,22.719999313354492,17668700,22.719999313354492,NCLH
2021-12-27,22.31999969482422,21.489999771118164,21.799999237060547,22.139999389648438,15874000,22.139999389648438,NCLH
2021-12-28,22.75,21.559999465942383,21.729999542236328,21.90999984741211,18303200,21.90999984741211,NCLH
2021-12-29,21.959999084472656,21.260000228881836,21.65999984741211,21.579999923706055,13256700,21.579999923706055,NCLH
2021-12-30,22.40999984741211,20.860000610351562,21.420000076293945,21.020000457763672,27699300,21.020000457763672,NCLH
2021-12-31,21.190000534057617,20.399999618530273,20.8700008392334,20.739999771118164,20842700,20.739999771118164,NCLH
2022-01-03,22.459999084472656,20.84000015258789,20.979999542236328,22.18000030517578,23068500,22.18000030517578,NCLH
2022-01-04,22.860000610351562,22.110000610351562,22.520000457763672,22.469999313354492,21130800,22.469999313354492,NCLH
2022-01-05,22.809999465942383,21.450000762939453,22.690000534057617,21.65999984741211,16547300,21.65999984741211,NCLH
2022-01-06,22.40999984741211,21.31999969482422,21.809999465942383,21.34000015258789,17049100,21.34000015258789,NCLH
2022-01-07,22.790000915527344,21.510000228881836,21.700000762939453,22.200000762939453,22033900,22.200000762939453,NCLH
2022-01-10,22.440000534057617,21.190000534057617,22.440000534057617,21.709999084472656,16947700,21.709999084472656,NCLH
2022-01-11,22.34000015258789,21.25,21.59000015258789,22.0,15729800,22.0,NCLH
2022-01-12,22.350000381469727,21.719999313354492,22.059999465942383,22.219999313354492,15847900,22.219999313354492,NCLH
2022-01-13,23.739999771118164,22.329999923706055,22.469999313354492,23.110000610351562,25294500,23.110000610351562,NCLH
2022-01-14,23.100000381469727,22.309999465942383,22.829999923706055,22.959999084472656,19267700,22.959999084472656,NCLH
2022-01-18,22.889999389648438,21.850000381469727,22.6299991607666,21.940000534057617,17309100,21.940000534057617,NCLH
2022-01-19,21.940000534057617,21.31999969482422,21.860000610351562,21.3799991607666,17183900,21.3799991607666,NCLH
2022-01-20,22.290000915527344,20.959999084472656,21.489999771118164,21.030000686645508,15432300,21.030000686645508,NCLH
2022-01-21,20.889999389648438,19.899999618530273,20.889999389648438,20.059999465942383,23127500,20.059999465942383,NCLH
2022-01-24,20.030000686645508,18.309999465942383,19.389999389648438,19.969999313354492,30452900,19.969999313354492,NCLH
2022-01-25,20.899999618530273,19.34000015258789,19.459999084472656,20.649999618530273,23368400,20.649999618530273,NCLH
2022-01-26,21.829999923706055,20.690000534057617,21.09000015258789,20.93000030517578,22823100,20.93000030517578,NCLH
2022-01-27,21.43000030517578,19.670000076293945,21.1299991607666,19.850000381469727,22357700,19.850000381469727,NCLH
2022-01-28,20.010000228881836,18.8799991607666,19.81999969482422,19.559999465942383,25874300,19.559999465942383,NCLH
2022-01-31,20.920000076293945,19.139999389648438,19.549999237060547,20.829999923706055,21121200,20.829999923706055,NCLH
2022-02-01,22.049999237060547,20.799999237060547,20.920000076293945,21.610000610351562,21910500,21.610000610351562,NCLH
2022-02-02,21.889999389648438,20.979999542236328,21.420000076293945,21.309999465942383,16291900,21.309999465942383,NCLH
2022-02-03,21.309999465942383,20.479999542236328,21.020000457763672,20.489999771118164,14938100,20.489999771118164,NCLH
2022-02-04,20.510000228881836,19.809999465942383,20.219999313354492,20.25,16721700,20.25,NCLH
2022-02-07,22.18000030517578,20.40999984741211,20.40999984741211,21.950000762939453,22158800,21.950000762939453,NCLH
2022-02-08,22.84000015258789,21.65999984741211,22.530000686645508,22.75,25060900,22.75,NCLH
2022-02-09,23.899999618530273,22.969999313354492,23.079999923706055,23.719999313354492,23368300,23.719999313354492,NCLH
2022-02-10,23.670000076293945,22.3799991607666,22.739999771118164,22.6299991607666,40901900,22.6299991607666,NCLH
2022-02-11,23.0,21.31999969482422,22.56999969482422,21.440000534057617,31136800,21.440000534057617,NCLH
2022-02-14,22.200000762939453,20.90999984741211,21.559999465942383,21.09000015258789,23969000,21.09000015258789,NCLH
2022-02-15,22.56999969482422,21.68000030517578,21.899999618530273,22.549999237060547,20260400,22.549999237060547,NCLH
2022-02-16,23.190000534057617,22.229999542236328,22.360000610351562,22.75,19524100,22.75,NCLH
2022-02-17,22.59000015258789,21.5,22.360000610351562,21.770000457763672,20797400,21.770000457763672,NCLH
2022-02-18,22.020000457763672,20.950000762939453,21.6200008392334,21.200000762939453,21514500,21.200000762939453,NCLH
2022-02-22,21.31999969482422,20.139999389648438,20.600000381469727,20.360000610351562,23438300,20.360000610351562,NCLH
2022-02-23,20.899999618530273,19.25,20.799999237060547,19.290000915527344,25647800,19.290000915527344,NCLH
2022-02-24,19.420000076293945,17.309999465942383,17.530000686645508,19.3700008392334,41221200,19.3700008392334,NCLH
2022-02-25,20.059999465942383,18.809999465942383,19.530000686645508,19.649999618530273,24223600,19.649999618530273,NCLH
2022-02-28,19.860000610351562,18.56999969482422,19.270000457763672,19.489999771118164,25338100,19.489999771118164,NCLH
2022-03-01,19.25,18.219999313354492,19.190000534057617,18.479999542236328,30581700,18.479999542236328,NCLH
2022-03-02,19.399999618530273,18.549999237060547,18.75,19.059999465942383,24528900,19.059999465942383,NCLH
2022-03-03,19.690000534057617,18.18000030517578,19.360000610351562,18.559999465942383,27768300,18.559999465942383,NCLH
2022-03-04,18.420000076293945,17.170000076293945,18.149999618530273,17.389999389648438,31316600,17.389999389648438,NCLH
2022-03-07,17.3799991607666,15.359999656677246,17.170000076293945,15.380000114440918,39304900,15.380000114440918,NCLH
2022-03-08,16.700000762939453,14.899999618530273,15.430000305175781,15.960000038146973,37827400,15.960000038146973,NCLH
2022-03-09,17.760000228881836,16.600000381469727,16.889999389648438,17.309999465942383,30921500,17.309999465942383,NCLH
2022-03-10,18.190000534057617,16.780000686645508,16.899999618530273,17.799999237060547,24584000,17.799999237060547,NCLH
2022-03-11,18.270000457763672,17.459999084472656,18.100000381469727,17.489999771118164,17589200,17.489999771118164,NCLH
2022-03-14,17.899999618530273,16.790000915527344,17.489999771118164,17.059999465942383,22425000,17.059999465942383,NCLH
2022-03-15,18.31999969482422,17.360000610351562,17.3700008392334,18.25,23557800,18.25,NCLH
2022-03-16,19.420000076293945,18.260000228881836,18.510000228881836,19.31999969482422,29394000,19.31999969482422,NCLH
2022-03-17,19.729999542236328,18.760000228881836,18.8799991607666,19.690000534057617,23871100,19.690000534057617,NCLH
2022-03-18,20.149999618530273,19.200000762939453,19.399999618530273,19.899999618530273,31726400,19.899999618530273,NCLH
2022-03-21,19.829999923706055,19.170000076293945,19.530000686645508,19.6299991607666,21808500,19.6299991607666,NCLH
2022-03-22,20.209999084472656,19.479999542236328,19.700000762939453,19.90999984741211,19404400,19.90999984741211,NCLH
2022-03-23,19.950000762939453,19.3700008392334,19.690000534057617,19.399999618530273,14109100,19.399999618530273,NCLH
2022-03-24,19.760000228881836,19.020000457763672,19.489999771118164,19.75,14237000,19.75,NCLH
2022-03-25,20.219999313354492,19.639999389648438,19.700000762939453,19.860000610351562,19502800,19.860000610351562,NCLH
2022-03-28,20.549999237060547,19.940000534057617,19.940000534057617,20.540000915527344,18492100,20.540000915527344,NCLH
2022-03-29,21.469999313354492,20.8799991607666,21.239999771118164,21.18000030517578,18392700,21.18000030517578,NCLH
2022-03-30,21.450000762939453,20.90999984741211,21.110000610351562,21.219999313354492,13073400,21.219999313354492,NCLH
2022-03-31,22.209999084472656,21.270000457763672,21.3799991607666,21.8799991607666,20881700,21.8799991607666,NCLH
2022-04-01,22.100000381469727,21.479999542236328,21.959999084472656,21.81999969482422,13642000,21.81999969482422,NCLH
2022-04-04,22.06999969482422,21.520000457763672,21.799999237060547,21.969999313354492,12151600,21.969999313354492,NCLH
2022-04-05,23.43000030517578,21.950000762939453,22.829999923706055,22.190000534057617,28781500,22.190000534057617,NCLH
2022-04-06,21.68000030517578,20.399999618530273,21.649999618530273,20.68000030517578,27149300,20.68000030517578,NCLH
2022-04-07,20.68000030517578,19.510000228881836,20.579999923706055,20.329999923706055,21030400,20.329999923706055,NCLH
2022-04-08,20.420000076293945,19.639999389648438,20.200000762939453,19.940000534057617,15336000,19.940000534057617,NCLH
2022-04-11,20.59000015258789,19.459999084472656,19.649999618530273,20.260000228881836,13861300,20.260000228881836,NCLH
2022-04-12,20.780000686645508,20.09000015258789,20.360000610351562,20.200000762939453,14620900,20.200000762939453,NCLH
2022-04-13,21.559999465942383,20.610000610351562,20.610000610351562,21.450000762939453,16672700,21.450000762939453,NCLH
2022-04-14,22.139999389648438,21.520000457763672,21.639999389648438,21.639999389648438,12774700,21.639999389648438,NCLH
2022-04-18,21.690000534057617,21.049999237060547,21.399999618530273,21.209999084472656,10501800,21.209999084472656,NCLH
2022-04-19,22.399999618530273,21.31999969482422,21.389999389648438,22.18000030517578,16309900,22.18000030517578,NCLH
2022-04-20,22.6200008392334,21.93000030517578,22.299999237060547,22.020000457763672,12739900,22.020000457763672,NCLH
2022-04-21,23.110000610351562,21.68000030517578,22.959999084472656,21.84000015258789,21912000,21.84000015258789,NCLH
2022-04-22,22.010000228881836,21.020000457763672,21.860000610351562,21.1299991607666,14578100,21.1299991607666,NCLH
2022-04-25,21.270000457763672,20.43000030517578,20.8700008392334,21.239999771118164,15786200,21.239999771118164,NCLH
2022-04-26,21.1299991607666,19.780000686645508,21.049999237060547,19.81999969482422,20188000,19.81999969482422,NCLH
2022-04-27,20.280000686645508,19.469999313354492,19.649999618530273,19.90999984741211,16996200,19.90999984741211,NCLH
2022-04-28,20.770000457763672,19.700000762939453,20.200000762939453,20.6200008392334,14133000,20.6200008392334,NCLH
2022-04-29,21.049999237060547,19.959999084472656,20.649999618530273,20.030000686645508,11933500,20.030000686645508,NCLH
2022-05-02,20.229999542236328,19.170000076293945,20.0,19.860000610351562,18821600,19.860000610351562,NCLH
2022-05-03,20.299999237060547,19.450000762939453,19.950000762939453,20.030000686645508,18322700,20.030000686645508,NCLH
2022-05-04,20.389999389648438,19.100000381469727,20.0,20.3700008392334,17776500,20.3700008392334,NCLH
2022-05-05,20.31999969482422,18.690000534057617,19.940000534057617,18.959999084472656,20426700,18.959999084472656,NCLH
2022-05-06,18.889999389648438,17.850000381469727,18.84000015258789,18.270000457763672,18982100,18.270000457763672,NCLH
2022-05-09,17.889999389648438,15.90999984741211,17.8799991607666,15.949999809265137,28288100,15.949999809265137,NCLH
2022-05-10,17.530000686645508,15.75,17.299999237060547,16.209999084472656,25063800,16.209999084472656,NCLH
2022-05-11,16.889999389648438,15.369999885559082,16.110000610351562,15.420000076293945,24475200,15.420000076293945,NCLH
2022-05-12,15.579999923706055,14.300000190734863,15.029999732971191,14.770000457763672,31179200,14.770000457763672,NCLH
2022-05-13,16.40999984741211,15.020000457763672,15.050000190734863,16.219999313354492,27121900,16.219999313354492,NCLH
2022-05-16,16.59000015258789,16.049999237060547,16.229999542236328,16.09000015258789,17024400,16.09000015258789,NCLH
2022-05-17,17.079999923706055,16.260000228881836,16.540000915527344,16.969999313354492,17406700,16.969999313354492,NCLH
2022-05-18,16.8799991607666,15.510000228881836,16.579999923706055,15.899999618530273,25811700,15.899999618530273,NCLH
2022-05-19,16.239999771118164,15.579999923706055,15.699999809265137,15.949999809265137,25579000,15.949999809265137,NCLH
2022-05-20,16.469999313354492,14.789999961853027,16.229999542236328,15.300000190734863,27108400,15.300000190734863,NCLH
2022-05-23,15.489999771118164,14.600000381469727,15.289999961853027,15.100000381469727,18345600,15.100000381469727,NCLH
2022-05-24,15.140000343322754,13.15999984741211,15.109999656677246,13.289999961853027,32302100,13.289999961853027,NCLH
2022-05-25,13.920000076293945,13.0,13.180000305175781,13.729999542236328,21353100,13.729999542236328,NCLH
2022-05-26,15.680000305175781,14.020000457763672,14.069999694824219,15.390000343322754,30591400,15.390000343322754,NCLH
2022-05-27,16.209999084472656,15.470000267028809,15.479999542236328,16.200000762939453,20752600,16.200000762939453,NCLH
2022-05-31,16.34000015258789,15.8100004196167,16.079999923706055,16.010000228881836,18485400,16.010000228881836,NCLH
2022-06-01,16.309999465942383,14.90999984741211,16.1299991607666,15.289999961853027,22150300,15.289999961853027,NCLH
2022-06-02,16.09000015258789,15.119999885559082,15.260000228881836,16.079999923706055,20521500,16.079999923706055,NCLH
2022-06-03,15.890000343322754,15.319999694824219,15.649999618530273,15.630000114440918,14885800,15.630000114440918,NCLH
2022-06-06,16.010000228881836,15.4399995803833,15.8100004196167,15.75,11256600,15.75,NCLH
2022-06-07,15.949999809265137,15.260000228881836,15.420000076293945,15.890000343322754,11933800,15.890000343322754,NCLH
2022-06-08,15.84000015258789,15.050000190734863,15.520000457763672,15.149999618530273,15889600,15.149999618530273,NCLH
2022-06-09,15.199999809265137,13.75,15.140000343322754,13.760000228881836,28134100,13.760000228881836,NCLH
2022-06-10,14.220000267028809,13.079999923706055,13.5,13.15999984741211,31502100,13.15999984741211,NCLH
2022-06-13,12.470000267028809,11.449999809265137,12.449999809265137,11.545000076293945,35102532,11.545000076293945,NCLH
